tiempo_ms,adc,voltaje
16,4095,3.3
117,4095,3.3
217,4095,3.3
317,4095,3.3
417,4095,3.3
517,4095,3.3
617,4095,3.3
717,4095,3.3
817,4095,3.3
917,4095,3.3
1017,4095,3.3
1117,4095,3.3
1217,4095,3.3
1317,4095,3.3
1417,4095,3.3
1517,4095,3.3
1617,4095,3.3
1717,4095,3.3
1817,4095,3.3
1917,4095,3.3
2017,4095,3.3
2117,4095,3.3
2217,4095,3.3
2317,4095,3.3
2417,4095,3.3
2517,4095,3.3
2617,4095,3.3
2717,4095,3.3
2817,4095,3.3
2917,4095,3.3
3017,4095,3.3
3117,4095,3.3
3217,4095,3.3
3317,4095,3.3
3417,4095,3.3
3517,4095,3.3
3617,4095,3.3
3717,4095,3.3
3817,4095,3.3
3917,4095,3.3
4017,4095,3.3
4117,4095,3.3
4217,4095,3.3
4317,4095,3.3
4417,4095,3.3
4517,4095,3.3
4617,4095,3.3
4717,4095,3.3
4817,4095,3.3
4917,4095,3.3
5017,4095,3.3
5117,4095,3.3
5217,4095,3.3
5317,4095,3.3
5417,4095,3.3
5517,4095,3.3
5617,4095,3.3
5717,4095,3.3
5817,4095,3.3
5917,4095,3.3
6017,4095,3.3
6117,4095,3.3
6217,4095,3.3
6317,4095,3.3
6417,4095,3.3
6517,4095,3.3
6617,4095,3.3
6717,4095,3.3
6817,4095,3.3
6917,4095,3.3
7017,4095,3.3
7117,4095,3.3
7217,4095,3.3
7317,4095,3.3
7417,4095,3.3
7517,4095,3.3
7617,4095,3.3
7717,4095,3.3
7817,4095,3.3
7917,4095,3.3
8017,4095,3.3
8117,4095,3.3
8217,4095,3.3
8317,4095,3.3
8417,4095,3.3
8517,4095,3.3
8617,4095,3.3
8717,4095,3.3
8817,4095,3.3
8917,4095,3.3
9017,4095,3.3
9117,4095,3.3
9217,4095,3.3
9317,4095,3.3
9417,4095,3.3
9517,4095,3.3
9617,4095,3.3
9717,4095,3.3
9817,3969,3.2
9917,3682,2.97
10017,3346,2.7
10117,3099,2.5
10217,2897,2.33
10317,2691,2.17
10417,2517,2.03
10517,2371,1.91
10617,2190,1.76
10717,1994,1.61
10817,1824,1.47
10917,1774,1.43
11017,1776,1.43
11117,1776,1.43
11217,1778,1.43
11317,1723,1.39
11417,1528,1.23
11517,1328,1.07
11617,1085,0.87
11717,840,0.68
11817,656,0.53
11917,509,0.41
12017,346,0.28
12117,220,0.18
12217,109,0.09
12317,0,0.0
12417,0,0.0
12517,0,0.0
12617,0,0.0
12717,0,0.0
12817,0,0.0
12917,0,0.0
13017,0,0.0
13117,61,0.05
13217,286,0.23
13317,580,0.47
13417,969,0.78
13517,1405,1.13
13617,1941,1.56
13717,2307,1.86
13817,2544,2.05
13917,2551,2.06
14017,2559,2.06
14117,2559,2.06
14217,2557,2.06
14317,2663,2.15
14417,2923,2.36
14517,3290,2.65
14617,3889,3.13
14717,4095,3.3
14817,4095,3.3
14917,4095,3.3
15017,4095,3.3
15117,4095,3.3
15217,4095,3.3
15317,4095,3.3
15417,4095,3.3
15517,4095,3.3
15617,4095,3.3
15717,4095,3.3
15817,4095,3.3
15917,4095,3.3
16017,4095,3.3
16117,4095,3.3
16217,4095,3.3
16317,4095,3.3
16417,4095,3.3
16517,4095,3.3
16617,4095,3.3
16717,4095,3.3
16817,4095,3.3
16917,4095,3.3
17017,4095,3.3
17117,4095,3.3
17217,4095,3.3
17317,4095,3.3
17417,4095,3.3
17517,4095,3.3
17617,4095,3.3
17717,4095,3.3
17817,4095,3.3
17917,4095,3.3
18017,4095,3.3
18117,4095,3.3
18217,4095,3.3
18317,4095,3.3
18417,4095,3.3
18517,4095,3.3
18617,4095,3.3
18717,4095,3.3
18817,4095,3.3
18917,4095,3.3
19017,4095,3.3
19117,4095,3.3
19217,4095,3.3
19317,4095,3.3
19417,4095,3.3
19517,4095,3.3
19617,4095,3.3
19717,4095,3.3
19817,4095,3.3
19917,4095,3.3
20017,4095,3.3
20117,4095,3.3
20217,4095,3.3
20317,4095,3.3
20417,4095,3.3
20517,4095,3.3
20617,4095,3.3
20717,4095,3.3
20817,4095,3.3
20917,4095,3.3
21017,4095,3.3
21117,4095,3.3
21217,4095,3.3
21317,4095,3.3
21417,4095,3.3
21517,4095,3.3
21617,4095,3.3
21717,4095,3.3
21817,4095,3.3
21917,4095,3.3
22017,4095,3.3
22117,4095,3.3
22217,4095,3.3
22317,4095,3.3
22417,4095,3.3
22517,4095,3.3
22617,4095,3.3
22717,4095,3.3
22817,4095,3.3
22917,4095,3.3
23017,4095,3.3
23117,4095,3.3
23217,4095,3.3
23317,4095,3.3
23417,4095,3.3
23517,4095,3.3
23617,4095,3.3
23717,4095,3.3
23817,4095,3.3
23917,4095,3.3
24017,4095,3.3
24117,4095,3.3
24217,4095,3.3
24317,4095,3.3
24417,4095,3.3
24517,4095,3.3
24617,4095,3.3
24717,4095,3.3
24817,4095,3.3
24917,4095,3.3
25017,4095,3.3
25117,4095,3.3
25217,4095,3.3
25317,4095,3.3
25417,4095,3.3
25517,4095,3.3
25617,4095,3.3
25717,4095,3.3
25817,4095,3.3
25917,4095,3.3
26017,4095,3.3
26117,4095,3.3
26217,4095,3.3
26317,4095,3.3
26417,4095,3.3
26517,4095,3.3
26617,4095,3.3
26717,4095,3.3
26817,4095,3.3
26917,4095,3.3
27017,4095,3.3
27117,4095,3.3
27217,4095,3.3
27317,4095,3.3
27417,4095,3.3
27517,4095,3.3
27617,4095,3.3
27717,4095,3.3
27817,4095,3.3
27917,4095,3.3
28017,4095,3.3
28117,4095,3.3
28217,4095,3.3
28317,4095,3.3
28417,4095,3.3
28517,4095,3.3
28617,4095,3.3
28717,4095,3.3
28817,4095,3.3
28917,4095,3.3
29017,4095,3.3
29117,4095,3.3
29217,4095,3.3
29317,4095,3.3
29417,4095,3.3
29517,4095,3.3
29617,4095,3.3
29717,4095,3.3
29817,4095,3.3
29917,4095,3.3
30017,4095,3.3
30117,4095,3.3
30217,4095,3.3
30317,4095,3.3
30417,4095,3.3
30517,4095,3.3
30617,4095,3.3
30717,4095,3.3
30817,4095,3.3
30917,4095,3.3
31017,4095,3.3
31117,4095,3.3
31217,4095,3.3
31317,4095,3.3
31417,4095,3.3
31517,4095,3.3
31617,4095,3.3
31717,4095,3.3
31817,4095,3.3
31917,4095,3.3
32017,4095,3.3
32117,4095,3.3
32217,4095,3.3
32317,4095,3.3
32417,4095,3.3
32517,4095,3.3
32617,4095,3.3
32717,4095,3.3
32817,4095,3.3
32917,4095,3.3
33017,4095,3.3
33117,4095,3.3
33217,4095,3.3
33317,4095,3.3
33417,4095,3.3
33517,4095,3.3
33617,4095,3.3
33717,4095,3.3
33817,4095,3.3
33917,4095,3.3
34017,4095,3.3
34117,4095,3.3
34217,4095,3.3
34317,4095,3.3
34417,4095,3.3
34517,4095,3.3
34617,4095,3.3
34717,4095,3.3
34817,4095,3.3
34917,4095,3.3
35017,4095,3.3
35117,4095,3.3
35217,4095,3.3
35317,4095,3.3
35417,4095,3.3
35517,4095,3.3
35617,4095,3.3
35717,4095,3.3
35817,4095,3.3
35917,4095,3.3
36017,4095,3.3
36117,4095,3.3
36217,4095,3.3
36317,4095,3.3
36417,4095,3.3
36517,4095,3.3
36617,4095,3.3
36717,4095,3.3
36817,4095,3.3
36917,4095,3.3
37017,4095,3.3
37117,4095,3.3
37217,4095,3.3
37317,4095,3.3
37417,4095,3.3
37517,4095,3.3
37617,4095,3.3
37717,4095,3.3
37817,4095,3.3
37917,4095,3.3
38017,4095,3.3
38117,4095,3.3
38217,4095,3.3
38317,4095,3.3
38417,4095,3.3
38517,4095,3.3
38617,4095,3.3
38717,4095,3.3
38817,4095,3.3
38917,4095,3.3
39017,4095,3.3
39117,4095,3.3
39217,4095,3.3
39317,4095,3.3
39417,4095,3.3
39517,4095,3.3
39617,4095,3.3
39717,4095,3.3
39817,4095,3.3
39917,4095,3.3
40017,4095,3.3
40117,4095,3.3
40217,4095,3.3
40317,4095,3.3
40417,4095,3.3
40517,4095,3.3
40617,4095,3.3
40717,4095,3.3
40817,4095,3.3
40917,4095,3.3
41017,4095,3.3
41117,4095,3.3
41217,4095,3.3
41317,4095,3.3
41417,4095,3.3
41517,4095,3.3
41617,4095,3.3
41717,4095,3.3
41817,4095,3.3
41917,4095,3.3
42017,4095,3.3
42117,4095,3.3
42217,4095,3.3
42317,4095,3.3
42417,4095,3.3
42517,4095,3.3
42617,4095,3.3
42717,4095,3.3
42817,4095,3.3
42917,4095,3.3
43017,4095,3.3
43117,4095,3.3
43217,4095,3.3
43317,4095,3.3
43417,4095,3.3
43517,4095,3.3
43617,4095,3.3
43717,4095,3.3
43817,4095,3.3
43917,4095,3.3
44017,4095,3.3
44117,4095,3.3
44217,4095,3.3
44317,4095,3.3
44417,4095,3.3
44517,4095,3.3
44617,4095,3.3
44717,4095,3.3
44817,4095,3.3
44917,4095,3.3
45017,4095,3.3
45117,4095,3.3
45217,4095,3.3
45317,4095,3.3
45417,4095,3.3
45517,4095,3.3
45617,4095,3.3
45717,4095,3.3
45817,4095,3.3
45917,4095,3.3
46017,4095,3.3
46117,4095,3.3
46217,4095,3.3
46317,4095,3.3
46417,4095,3.3
46517,4095,3.3
46617,4095,3.3
46717,4095,3.3
46817,4095,3.3
46917,4095,3.3
47017,4095,3.3
47117,4095,3.3
47217,4095,3.3
47317,4095,3.3
47417,4095,3.3
47517,4095,3.3
47617,4095,3.3
47717,4095,3.3
47817,4095,3.3
47917,4095,3.3
48017,4095,3.3
48117,4095,3.3
48217,4095,3.3
48317,4095,3.3
48417,4095,3.3
48517,4095,3.3
48617,4095,3.3
48717,4095,3.3
48817,4095,3.3
48917,4095,3.3
49017,4095,3.3
49117,4095,3.3
49217,4095,3.3
49317,4095,3.3
49417,4095,3.3
49517,4095,3.3
49617,4095,3.3
49717,4095,3.3
49817,4095,3.3
49917,4095,3.3
50017,4095,3.3
50117,4095,3.3
50217,4095,3.3
50317,4095,3.3
50417,4095,3.3
50517,4095,3.3
50617,4095,3.3
50717,4095,3.3
50817,4095,3.3
50917,4095,3.3
51017,4095,3.3
51117,4095,3.3
51217,4095,3.3
51317,4095,3.3
51417,4095,3.3
51517,4095,3.3
51617,4095,3.3
51717,4095,3.3
51817,4095,3.3
51917,4095,3.3
52017,4095,3.3
52117,4095,3.3
52217,4095,3.3
52317,4095,3.3
52417,4095,3.3
52517,4095,3.3
52617,4095,3.3
52717,4095,3.3
52817,4095,3.3
52917,4095,3.3
53017,4095,3.3
53117,4095,3.3
53217,4095,3.3
53317,4095,3.3
53417,4095,3.3
53517,4095,3.3
53617,4095,3.3
53717,4095,3.3
53817,4095,3.3
53917,4095,3.3
54017,4095,3.3
54117,4095,3.3
54217,4095,3.3
54317,4095,3.3
54417,4095,3.3
54517,4095,3.3
54617,4095,3.3
54717,4095,3.3
54817,4095,3.3
54917,4095,3.3
55017,4095,3.3
55117,4095,3.3
55217,4095,3.3
55317,4095,3.3
55417,4095,3.3
55517,4095,3.3
55617,4095,3.3
55717,4095,3.3
55817,4095,3.3
55917,4095,3.3
56017,4095,3.3
56117,4095,3.3
56217,4095,3.3
56317,4095,3.3
56417,4095,3.3
56517,4095,3.3
56617,4095,3.3
56717,4095,3.3
56817,4095,3.3
56917,4095,3.3
57017,4095,3.3
57117,4095,3.3
57217,4095,3.3
57317,4095,3.3
57417,4095,3.3
57517,4095,3.3
57617,4095,3.3
57717,4095,3.3
57817,4095,3.3
57917,4095,3.3
58017,4095,3.3
58117,4095,3.3
58217,4095,3.3
58317,4095,3.3
58417,4095,3.3
58517,4095,3.3
58617,4095,3.3
58717,4095,3.3
58817,4095,3.3
58917,4095,3.3
59017,4095,3.3
59117,4095,3.3
59217,4095,3.3
59317,4095,3.3
59417,4095,3.3
59517,4095,3.3
59617,4095,3.3
59717,4095,3.3
59817,4095,3.3
59917,4095,3.3
60017,4095,3.3
60117,4095,3.3
60217,4095,3.3
60317,4095,3.3
60417,4095,3.3
60517,4095,3.3
60617,4095,3.3
60717,4095,3.3
60817,4095,3.3
60917,4095,3.3
61017,4095,3.3
61117,4095,3.3
61217,4095,3.3
61317,4095,3.3
61417,4095,3.3
61517,4095,3.3
61617,4095,3.3
61717,4095,3.3
61817,4095,3.3
61917,4095,3.3
62017,4095,3.3
62117,4095,3.3
62217,4095,3.3
62317,4095,3.3
62417,4095,3.3
62517,4095,3.3
62617,4095,3.3
62717,4095,3.3
62817,4095,3.3
62917,4095,3.3
63017,4095,3.3
63117,4095,3.3
63217,4095,3.3
63317,4095,3.3
63417,4095,3.3
63517,4095,3.3
63617,4095,3.3
63717,4095,3.3
63817,4095,3.3
63917,4095,3.3
64017,4095,3.3
64117,4095,3.3
64217,4095,3.3
64317,4095,3.3
64417,4095,3.3
64517,4095,3.3
64617,4095,3.3
64717,4095,3.3
64817,4095,3.3
64917,4095,3.3
65017,4095,3.3
65117,4095,3.3
65217,4095,3.3
65317,4095,3.3
65417,4095,3.3
65517,4095,3.3
65617,4095,3.3
65717,4095,3.3
65817,4095,3.3
65917,4095,3.3
66017,4095,3.3
66117,4095,3.3
66217,4095,3.3
66317,4095,3.3
66417,4095,3.3
66517,4095,3.3
66617,4095,3.3
66717,4095,3.3
66817,4095,3.3
66917,4095,3.3
67017,4095,3.3
67117,4095,3.3
67217,4095,3.3
67317,4095,3.3
67417,4095,3.3
67517,4095,3.3
67617,4095,3.3
67717,4095,3.3
67817,4095,3.3
67917,4095,3.3
68017,4095,3.3
68117,4095,3.3
68217,4095,3.3
68317,4095,3.3
68417,4095,3.3
68517,4095,3.3
68617,4095,3.3
68717,4095,3.3
68817,4095,3.3
68917,4095,3.3
69017,4095,3.3
69117,4095,3.3
69217,4095,3.3
69317,4095,3.3
69417,4095,3.3
69517,4095,3.3
69617,4095,3.3
69717,4095,3.3
69817,4095,3.3
69917,4095,3.3
70017,4095,3.3
70117,4095,3.3
70217,4095,3.3
70317,4095,3.3
70417,4095,3.3
70517,4095,3.3
70617,4095,3.3
70717,4095,3.3
70817,4095,3.3
70917,4095,3.3
71017,4095,3.3
71117,4095,3.3
71217,4095,3.3
71317,4095,3.3
71417,4095,3.3
342817,4095,3.3
342917,4095,3.3
343017,4095,3.3
343117,4095,3.3
343217,4095,3.3
343317,4095,3.3
343417,4095,3.3
343517,4095,3.3
343617,4095,3.3
343717,4095,3.3
343817,4095,3.3
343917,4095,3.3
344017,4095,3.3
344117,4095,3.3
344217,4095,3.3
344317,4095,3.3
344417,4095,3.3
344517,4095,3.3
344617,4095,3.3
344717,4095,3.3
344817,4095,3.3
344917,4095,3.3
345017,4095,3.3
345117,4095,3.3
345217,4095,3.3
345317,4095,3.3
345417,4095,3.3
345517,4095,3.3
345617,4095,3.3
345717,4095,3.3
345817,4095,3.3
345917,4095,3.3
346017,4095,3.3
346117,4095,3.3
346217,4095,3.3
346317,4095,3.3
346417,4095,3.3
346517,4095,3.3
346617,4095,3.3
346717,4095,3.3
346817,4095,3.3
346917,4095,3.3
347017,4095,3.3
347117,4095,3.3
347217,4095,3.3
347317,4095,3.3
347417,4095,3.3
347517,4095,3.3
347617,4095,3.3
347717,4095,3.3
347817,4095,3.3
347917,4095,3.3
348017,4095,3.3
348117,4095,3.3
348217,4095,3.3
348317,4095,3.3
348417,4095,3.3
348517,4095,3.3
348617,4095,3.3
348717,4095,3.3
348817,4095,3.3
348917,4095,3.3
349017,4095,3.3
349117,4095,3.3
349217,4095,3.3
349317,4095,3.3
349417,4095,3.3
349517,4095,3.3
349617,4095,3.3
349717,4095,3.3
349817,4095,3.3
349917,4095,3.3
350017,4095,3.3
350117,4095,3.3
350217,4095,3.3
350317,4095,3.3
350417,4095,3.3
350517,4095,3.3
350617,4095,3.3
350717,4095,3.3
350817,4095,3.3
350917,4095,3.3
351017,4095,3.3
351117,4095,3.3
351217,4095,3.3
351317,4095,3.3
351417,4095,3.3
351517,4095,3.3
351617,4095,3.3
351717,4095,3.3
351817,4095,3.3
351917,4095,3.3
352017,4095,3.3
352117,4095,3.3
352217,4095,3.3
352317,4095,3.3
352417,4095,3.3
352517,4095,3.3
352617,4095,3.3
352717,4095,3.3
352817,4095,3.3
352917,4095,3.3
353017,4095,3.3
353117,4095,3.3
353217,4095,3.3
353317,4095,3.3
353417,4095,3.3
353517,4095,3.3
353617,4095,3.3
353717,4095,3.3
353817,4095,3.3
353917,4095,3.3
354017,4095,3.3
354117,4095,3.3
354217,4095,3.3
354317,4095,3.3
354417,4095,3.3
354517,4095,3.3
354617,4095,3.3
354717,4095,3.3
354817,4095,3.3
354917,4095,3.3
355017,4095,3.3
355117,4095,3.3
355217,4095,3.3
355317,4095,3.3
355417,4095,3.3
355517,4095,3.3
355617,4095,3.3
355717,4095,3.3
355817,4095,3.3
355917,4095,3.3
356017,4095,3.3
356117,4095,3.3
356217,4095,3.3
356317,4095,3.3
356417,4095,3.3
356517,4095,3.3
356617,4095,3.3
356717,4095,3.3
356817,4095,3.3
356917,4095,3.3
357017,4095,3.3
357117,4095,3.3
357217,4095,3.3
357317,4095,3.3
357417,4095,3.3
357517,4095,3.3
357617,4095,3.3
357717,4095,3.3
357817,4095,3.3
357917,4095,3.3
358017,3814,3.07
358117,3472,2.8
358217,3197,2.58
358317,3052,2.46
358417,2903,2.34
358517,2778,2.24
358617,2705,2.18
358717,2683,2.16
358817,2799,2.26
358917,3191,2.57
359017,3871,3.12
359117,4095,3.3
359217,4095,3.3
359317,4095,3.3
359417,4095,3.3
359517,4095,3.3
359617,4095,3.3
359717,4095,3.3
359817,4095,3.3
359917,3817,3.08
360017,3241,2.61
360117,2857,2.3
360217,2559,2.06
360317,2475,1.99
360417,2471,1.99
360517,2469,1.99
360617,2443,1.97
360717,2243,1.81
360817,1962,1.58
360917,1700,1.37
361017,1410,1.14
361117,1065,0.86
361217,794,0.64
361317,544,0.44
361417,459,0.37
361517,462,0.37
361617,470,0.38
361717,471,0.38
361817,470,0.38
361917,470,0.38
362017,444,0.36
362117,462,0.37
362217,315,0.25
362317,80,0.06
362417,0,0.0
362517,0,0.0
362617,0,0.0
362717,0,0.0
362817,0,0.0
362917,0,0.0
363017,0,0.0
363117,0,0.0
363217,0,0.0
363317,0,0.0
363417,72,0.06
363517,334,0.27
363617,567,0.46
363717,825,0.66
363817,1015,0.82
363917,1225,0.99
364017,1276,1.03
364117,1262,1.02
364217,1258,1.01
364317,1269,1.02
364417,1309,1.05
364517,1600,1.29
364617,2006,1.62
364717,2380,1.92
364817,2751,2.22
364917,3176,2.56
365017,3632,2.93
365117,4095,3.3
365217,4095,3.3
365317,4095,3.3
365417,4095,3.3
365517,4095,3.3
365617,4095,3.3
365717,4095,3.3
365817,4095,3.3
365917,4095,3.3
366017,4095,3.3
366117,4095,3.3
366217,4095,3.3
366317,4095,3.3
366417,4095,3.3
366517,4095,3.3
366617,4095,3.3
366717,4095,3.3
366817,4095,3.3
366917,4095,3.3
492317,4095,3.3
492417,4095,3.3
492517,4095,3.3
492617,4095,3.3
492717,4095,3.3
492817,4095,3.3
492917,4095,3.3
493017,4095,3.3
493117,4095,3.3
493217,4095,3.3
493317,4095,3.3
493417,4095,3.3
493517,4095,3.3
493617,4095,3.3
493717,4095,3.3
493817,4095,3.3
493917,4095,3.3
494017,4095,3.3
494117,4095,3.3
494217,4095,3.3
494317,4095,3.3
494417,4095,3.3
494517,4095,3.3
494617,4095,3.3
494717,4095,3.3
494817,4095,3.3
494917,4095,3.3
495017,4095,3.3
495117,4095,3.3
495217,4095,3.3
495317,4095,3.3
495417,4095,3.3
495517,4095,3.3
495617,4095,3.3
495717,4095,3.3
495817,4095,3.3
495917,4095,3.3
496017,4095,3.3
496117,4095,3.3
496217,4095,3.3
496317,4095,3.3
496417,4095,3.3
496517,4095,3.3
496617,4095,3.3
496717,4095,3.3
496817,4095,3.3
496917,4095,3.3
497017,4095,3.3
497117,4095,3.3
497217,4095,3.3
497317,4095,3.3
497417,4095,3.3
497517,4095,3.3
497617,4095,3.3
497717,4095,3.3
497817,4095,3.3
497917,4095,3.3
498017,4095,3.3
498117,4095,3.3
498217,4095,3.3
498317,4095,3.3
498417,4095,3.3
498517,4095,3.3
498617,4095,3.3
498717,4095,3.3
498817,4095,3.3
498917,4095,3.3
499017,4095,3.3
499117,4095,3.3
499217,4095,3.3
499317,4095,3.3
499417,4095,3.3
499517,4095,3.3
499617,4095,3.3
499717,4095,3.3
499817,4095,3.3
499917,4095,3.3
500017,4095,3.3
500117,4095,3.3
500217,4095,3.3
500317,4095,3.3
500417,4095,3.3
500517,4095,3.3
500617,4095,3.3
500717,4095,3.3
500817,4095,3.3
500917,4095,3.3
501017,4095,3.3
501117,4095,3.3
501217,4095,3.3
501317,4095,3.3
501417,4095,3.3
501517,4095,3.3
501617,4095,3.3
501717,4095,3.3
501817,4095,3.3
501917,4095,3.3
502017,4095,3.3
502117,4095,3.3
502217,4095,3.3
502317,4095,3.3
502417,4095,3.3
502517,4095,3.3
502617,4095,3.3
502717,4095,3.3
502817,4095,3.3
502917,4095,3.3
503017,4095,3.3
503117,4095,3.3
503217,4095,3.3
503317,4095,3.3
503417,4095,3.3
503517,4095,3.3
503617,4095,3.3
503717,4095,3.3
503817,4095,3.3
503917,4095,3.3
504017,4095,3.3
504117,4095,3.3
504217,4095,3.3
504317,4095,3.3
504417,4095,3.3
504517,4095,3.3
504617,4095,3.3
504717,4095,3.3
504817,4095,3.3
504917,4095,3.3
505017,4095,3.3
505117,4095,3.3
505217,4095,3.3
505317,4095,3.3
505417,4095,3.3
505517,4095,3.3
505617,4095,3.3
505717,4095,3.3
505817,4095,3.3
505917,4095,3.3
506017,4095,3.3
506117,4095,3.3
506217,4095,3.3
506317,4095,3.3
506417,4095,3.3
506517,4095,3.3
506617,4095,3.3
506717,4095,3.3
506817,4095,3.3
506917,4095,3.3
507017,4095,3.3
507117,4095,3.3
507217,4095,3.3
507317,4095,3.3
507417,4095,3.3
507517,4095,3.3
507617,4095,3.3
507717,4095,3.3
507817,4095,3.3
507917,4095,3.3
508017,4095,3.3
508117,4095,3.3
508217,4095,3.3
508317,4095,3.3
508417,4095,3.3
508517,4095,3.3
508617,4095,3.3
508717,4095,3.3
508817,4095,3.3
508917,4095,3.3
509017,4095,3.3
509117,4095,3.3
509217,4095,3.3
509317,4095,3.3
509417,4095,3.3
509517,4095,3.3
509617,4095,3.3
509717,4095,3.3
509817,4095,3.3
509917,4095,3.3
510017,4095,3.3
510117,4095,3.3
510217,4095,3.3
510317,4095,3.3
510417,4095,3.3
510517,4095,3.3
574517,4095,3.3
574617,4095,3.3
574717,4095,3.3
574817,4095,3.3
574917,4095,3.3
575017,4095,3.3
575117,4095,3.3
575217,4095,3.3
575317,4095,3.3
575417,4095,3.3
575517,4095,3.3
575617,4095,3.3
575717,4095,3.3
575817,4095,3.3
575917,4095,3.3
576017,4095,3.3
576117,4095,3.3
576217,4095,3.3
576317,4095,3.3
576417,4095,3.3
576517,4095,3.3
576617,4095,3.3
576717,4095,3.3
576817,4095,3.3
576917,4095,3.3
577017,4095,3.3
577117,4095,3.3
577217,4095,3.3
577317,4095,3.3
577417,4095,3.3
577517,4095,3.3
577617,4095,3.3
577717,4095,3.3
577817,4095,3.3
577917,4095,3.3
578017,4095,3.3
578117,4095,3.3
578217,4095,3.3
578317,4095,3.3
578417,4095,3.3
578517,4095,3.3
578617,4095,3.3
578717,4095,3.3
578817,4095,3.3
578917,4095,3.3
579017,4095,3.3
579117,4095,3.3
579217,4095,3.3
579317,4095,3.3
579417,4095,3.3
579517,4095,3.3
579617,4095,3.3
579717,4095,3.3
579817,4095,3.3
579917,4095,3.3
580017,4095,3.3
580117,4095,3.3
580217,4095,3.3
580317,4095,3.3
580417,4095,3.3
580517,4095,3.3
580617,4095,3.3
580717,4095,3.3
580817,4095,3.3
580917,4095,3.3
581017,4095,3.3
581117,4095,3.3
581217,4095,3.3
581317,4095,3.3
581417,4095,3.3
581517,4095,3.3
581617,4095,3.3
581717,4095,3.3
581817,4095,3.3
581917,4095,3.3
582017,4095,3.3
582117,4095,3.3
582217,4095,3.3
582317,4095,3.3
582417,4095,3.3
582517,4095,3.3
582617,4095,3.3
582717,4095,3.3
582817,4095,3.3
582917,4095,3.3
583017,4095,3.3
583117,4095,3.3
583217,4095,3.3
583317,4095,3.3
583417,4095,3.3
583517,4095,3.3
583617,4095,3.3
583717,4095,3.3
583817,4095,3.3
583917,4095,3.3
584017,4095,3.3
584117,4095,3.3
584217,4095,3.3
584317,4095,3.3
584417,4095,3.3
584517,4095,3.3
584617,4095,3.3
584717,4095,3.3
584817,4095,3.3
584917,4095,3.3
585017,4095,3.3
585117,4095,3.3
585217,4095,3.3
585317,4095,3.3
585417,4095,3.3
585517,4095,3.3
585617,4095,3.3
585717,4095,3.3
585817,4095,3.3
585917,4095,3.3
586017,4095,3.3
586117,4095,3.3
586217,4095,3.3
586317,4095,3.3
586417,4095,3.3
586517,4095,3.3
586617,4095,3.3
586717,4095,3.3
586817,4095,3.3
586917,4095,3.3
587017,4095,3.3
587117,4095,3.3
587217,4095,3.3
587317,4095,3.3
587417,4095,3.3
587517,4095,3.3
587617,4095,3.3
587717,4095,3.3
587817,4095,3.3
587917,4095,3.3
588017,4095,3.3
588117,4095,3.3
588217,4095,3.3
588317,4095,3.3
588417,4095,3.3
588517,4095,3.3
588617,4095,3.3
588717,4095,3.3
588817,4095,3.3
588917,4095,3.3
589017,4095,3.3
589117,4095,3.3
589217,4095,3.3
589317,4095,3.3
589417,4095,3.3
589517,4095,3.3
589617,4095,3.3
589717,4095,3.3
589817,4095,3.3
589917,4095,3.3
590017,4095,3.3
590117,4095,3.3
590217,4095,3.3
590317,4095,3.3
590417,4095,3.3
590517,4095,3.3
590617,4095,3.3
590717,4095,3.3
590817,4095,3.3
590917,4095,3.3
591017,4095,3.3
591117,4095,3.3
591217,4095,3.3
591317,4095,3.3
591417,4095,3.3
591517,4095,3.3
591617,4095,3.3
591717,4095,3.3
591817,4095,3.3
591917,4095,3.3
592017,4095,3.3
592117,4095,3.3
592217,4095,3.3
592317,4095,3.3
592417,4095,3.3
592517,4095,3.3
592617,4095,3.3
592717,4095,3.3
592817,4095,3.3
592917,4095,3.3
593017,4095,3.3
593117,4095,3.3
593217,4095,3.3
593317,4095,3.3
593417,4095,3.3
593517,4095,3.3
593617,4095,3.3
593717,4095,3.3
593817,4095,3.3
593917,4095,3.3
594017,4095,3.3
826017,4095,3.3
826117,4095,3.3
826217,4095,3.3
826317,4095,3.3
826417,4095,3.3
826517,4095,3.3
826617,4095,3.3
826717,4095,3.3
826817,4095,3.3
826917,4095,3.3
827017,4095,3.3
827117,4095,3.3
827217,4095,3.3
827317,4095,3.3
827417,4095,3.3
827517,4095,3.3
827617,4095,3.3
827717,4095,3.3
827817,4095,3.3
827917,4095,3.3
828017,4095,3.3
828117,4095,3.3
828217,4095,3.3
828317,4095,3.3
828417,4095,3.3
828517,4095,3.3
828617,4095,3.3
828717,4095,3.3
828817,4095,3.3
828917,4095,3.3
829017,4064,3.28
829117,3893,3.14
829217,3703,2.98
829317,3491,2.81
829417,3350,2.7
829517,3234,2.61
829617,3184,2.57
829717,3188,2.57
829817,3186,2.57
829917,3199,2.58
830017,3185,2.57
830117,3089,2.49
830217,2938,2.37
830317,2798,2.25
830417,2688,2.17
830517,2586,2.08
830617,2499,2.01
830717,2430,1.96
830817,2419,1.95
830917,2420,1.95
831017,2404,1.94
831117,2418,1.95
831217,2391,1.93
831317,2351,1.89
831417,2254,1.82
831517,2140,1.72
831617,2055,1.66
831717,1998,1.61
831817,1962,1.58
831917,1924,1.55
832017,1942,1.56
832117,1951,1.57
832217,1941,1.56
832317,1962,1.58
832417,2044,1.65
832517,2192,1.77
832617,2323,1.87
832717,2411,1.94
832817,2465,1.99
832917,2638,2.13
833017,2747,2.21
833117,2890,2.33
833217,2903,2.34
833317,2804,2.26
833417,2645,2.13
833517,2497,2.01
833617,2357,1.9
833717,2230,1.8
833817,2121,1.71
833917,1999,1.61
834017,1959,1.58
834117,1871,1.51
834217,1803,1.45
834317,1751,1.41
834417,1684,1.36
834517,1630,1.31
834617,1574,1.27
834717,1517,1.22
834817,1469,1.18
834917,1350,1.09
835017,1242,1.0
835117,1081,0.87
835217,925,0.75
835317,758,0.61
835417,606,0.49
835517,443,0.36
835617,306,0.25
835717,235,0.19
835817,202,0.16
835917,154,0.12
836017,95,0.08
836117,97,0.08
836217,48,0.04
836317,14,0.01
836417,25,0.02
836517,28,0.02
836617,48,0.04
836717,51,0.04
836817,48,0.04
836917,119,0.1
837017,208,0.17
837117,370,0.3
837217,560,0.45
837317,752,0.61
837417,911,0.73
837517,1174,0.95
837617,1406,1.13
837717,1633,1.32
837817,1854,1.49
837917,2015,1.62
838017,2166,1.75
838117,2162,1.74
838217,2146,1.73
838317,2145,1.73
838417,2161,1.74
838517,2165,1.74
838617,2250,1.81
838717,2357,1.9
838817,2487,2.0
838917,2698,2.17
839017,2894,2.33
839117,3200,2.58
839217,3671,2.96
839317,4091,3.3
839417,4095,3.3
839517,4095,3.3
839617,4095,3.3
839717,4095,3.3
839817,4095,3.3
839917,4095,3.3
840017,4095,3.3
840117,4095,3.3
840217,4095,3.3
840317,4095,3.3
840417,4095,3.3
840517,4095,3.3
840617,3958,3.19
840717,3618,2.92
840817,3596,2.9
840917,3564,2.87
841017,3579,2.88
841117,3504,2.82
841217,3189,2.57
841317,2768,2.23
841417,2358,1.9
841517,1952,1.57
841617,1662,1.34
841717,1483,1.2
841817,1304,1.05
841917,1218,0.98
842017,1216,0.98
842117,1214,0.98
842217,1223,0.99
842317,1126,0.91
842417,884,0.71
842517,557,0.45
842617,229,0.18
842717,0,0.0
842817,0,0.0
842917,0,0.0
843017,0,0.0
843117,0,0.0
843217,0,0.0
843317,0,0.0
843417,0,0.0
843517,0,0.0
843617,0,0.0
843717,0,0.0
843817,0,0.0
843917,0,0.0
844017,0,0.0
844117,0,0.0
844217,0,0.0
844317,0,0.0
844417,0,0.0
844517,0,0.0
844617,0,0.0
844717,0,0.0
844817,0,0.0
844917,0,0.0
845017,0,0.0
845117,0,0.0
845217,0,0.0
845317,0,0.0
845417,0,0.0
845517,0,0.0
845617,0,0.0
845717,0,0.0
845817,0,0.0
845917,0,0.0
846017,0,0.0
846117,0,0.0
846217,0,0.0
846317,0,0.0
846417,0,0.0
846517,0,0.0
846617,0,0.0
846717,0,0.0
846817,0,0.0
846917,0,0.0
847017,0,0.0
847117,0,0.0
847217,0,0.0
847317,0,0.0
847417,0,0.0
847517,0,0.0
847617,0,0.0
847717,0,0.0
847817,0,0.0
847917,0,0.0
848017,0,0.0
848117,0,0.0
848217,0,0.0
848317,0,0.0
848417,0,0.0
848517,0,0.0
848617,0,0.0
848717,0,0.0
848817,0,0.0
848917,0,0.0
849017,0,0.0
849117,0,0.0
849217,0,0.0
849317,0,0.0
849417,0,0.0
849517,0,0.0
849617,0,0.0
849717,0,0.0
849817,0,0.0
849917,0,0.0
850017,0,0.0
850117,0,0.0
850217,0,0.0
850317,0,0.0
850417,0,0.0
850517,0,0.0
850617,0,0.0
850717,0,0.0
850817,0,0.0
850917,0,0.0
851017,0,0.0
851117,0,0.0
851217,0,0.0
851317,0,0.0
851417,0,0.0
851517,0,0.0
851617,0,0.0
851717,0,0.0
851817,0,0.0
851917,0,0.0
852017,0,0.0
852117,0,0.0
852217,0,0.0
852317,0,0.0
852417,0,0.0
852517,0,0.0
852617,0,0.0
852717,0,0.0
852817,0,0.0
852917,0,0.0
853017,0,0.0
853117,0,0.0
853217,0,0.0
853317,0,0.0
853417,0,0.0
853517,0,0.0
853617,0,0.0
853717,0,0.0
853817,0,0.0
853917,0,0.0
854017,0,0.0
854117,0,0.0
854217,0,0.0
854317,0,0.0
854417,0,0.0
854517,0,0.0
854617,0,0.0
854717,0,0.0
854817,0,0.0
854917,0,0.0
855017,0,0.0
855117,0,0.0
855217,0,0.0
855317,0,0.0
855417,0,0.0
855517,0,0.0
855617,0,0.0
855717,0,0.0
855817,0,0.0
855917,0,0.0
856017,0,0.0
856117,0,0.0
856217,0,0.0
856317,0,0.0
856417,0,0.0
856517,0,0.0
856617,0,0.0
856717,0,0.0
856817,0,0.0
856917,0,0.0
857017,0,0.0
857117,0,0.0
857217,0,0.0
857317,0,0.0
857417,0,0.0
857517,0,0.0
857617,0,0.0
857717,0,0.0
857817,0,0.0
857917,0,0.0
858017,0,0.0
858117,0,0.0
858217,0,0.0
858317,0,0.0
858417,0,0.0
858517,0,0.0
858617,0,0.0
858717,0,0.0
858817,0,0.0
858917,0,0.0
859017,0,0.0
859117,0,0.0
859217,0,0.0
859317,0,0.0
859417,0,0.0
859517,0,0.0
859617,0,0.0
859717,0,0.0
859817,0,0.0
859917,0,0.0
860017,0,0.0
860117,0,0.0
860217,0,0.0
860317,0,0.0
860417,0,0.0
860517,0,0.0
860617,0,0.0
860717,0,0.0
860817,0,0.0
860917,0,0.0
861017,0,0.0
861117,0,0.0
861217,0,0.0
861317,0,0.0
861417,0,0.0
861517,0,0.0
861617,0,0.0
861717,0,0.0
861817,0,0.0
861917,0,0.0
862017,0,0.0
862117,0,0.0
862217,0,0.0
862317,0,0.0
862417,0,0.0
862517,0,0.0
862617,0,0.0
862717,0,0.0
862817,0,0.0
862917,0,0.0
863017,0,0.0
863117,0,0.0
863217,0,0.0
863317,0,0.0
863417,0,0.0
863517,0,0.0
863617,0,0.0
863717,0,0.0
863817,0,0.0
863917,0,0.0
864017,0,0.0
864117,0,0.0
864217,0,0.0
864317,0,0.0
864417,0,0.0
864517,0,0.0
864617,0,0.0
864717,0,0.0
864817,0,0.0
864917,0,0.0
865017,0,0.0
865117,0,0.0
865217,0,0.0
865317,0,0.0
865417,0,0.0
865517,0,0.0
865617,0,0.0
865717,0,0.0
865817,0,0.0
865917,0,0.0
866017,0,0.0
866117,0,0.0
866217,0,0.0
866317,0,0.0
866417,0,0.0
866517,0,0.0
866617,0,0.0
866717,0,0.0
866817,0,0.0
866917,0,0.0
867017,0,0.0
867117,0,0.0
867217,0,0.0
867317,0,0.0
867417,0,0.0
867517,0,0.0
867617,0,0.0
867717,0,0.0
867817,0,0.0
867917,0,0.0
868017,0,0.0
868117,0,0.0
868217,0,0.0
868317,0,0.0
868417,0,0.0
868517,0,0.0
868617,0,0.0
868717,0,0.0
868817,0,0.0
868917,0,0.0
869017,0,0.0
869117,0,0.0
869217,0,0.0
869317,0,0.0
869417,0,0.0
869517,0,0.0
869617,0,0.0
869717,0,0.0
869817,0,0.0
869917,0,0.0
870017,0,0.0
870117,0,0.0
870217,0,0.0
870317,0,0.0
870417,0,0.0
870517,0,0.0
870617,0,0.0
870717,0,0.0
870817,0,0.0
870917,0,0.0
871017,0,0.0
871117,0,0.0
871217,0,0.0
871317,0,0.0
871417,0,0.0
871517,0,0.0
871617,0,0.0
871717,0,0.0
871817,0,0.0
871917,0,0.0
872017,0,0.0
872117,0,0.0
872217,0,0.0
872317,0,0.0
872417,0,0.0
872517,0,0.0
872617,0,0.0
872717,0,0.0
872817,0,0.0
872917,0,0.0
873017,0,0.0
873117,0,0.0
873217,0,0.0
873317,0,0.0
873417,0,0.0
873517,0,0.0
873617,0,0.0
873717,0,0.0
873817,0,0.0
873917,0,0.0
874017,0,0.0
874117,0,0.0
874217,0,0.0
874317,0,0.0
874417,0,0.0
874517,0,0.0
874617,0,0.0
874717,0,0.0
874817,0,0.0
874917,0,0.0
875017,0,0.0
875117,0,0.0
875217,0,0.0
875317,0,0.0
875417,0,0.0
875517,0,0.0
875617,0,0.0
875717,0,0.0
875817,0,0.0
875917,0,0.0
876017,0,0.0
876117,0,0.0
876217,0,0.0
876317,0,0.0
876417,0,0.0
876517,0,0.0
876617,0,0.0
876717,0,0.0
876817,0,0.0
876917,0,0.0
877017,0,0.0
877117,0,0.0
877217,0,0.0
877317,0,0.0
877417,0,0.0
877517,0,0.0
877617,0,0.0
877717,0,0.0
877817,0,0.0
877917,0,0.0
878017,0,0.0
878117,0,0.0
878217,0,0.0
878317,0,0.0
878417,0,0.0
878517,0,0.0
878617,0,0.0
878717,0,0.0
878817,0,0.0
878917,0,0.0
879017,0,0.0
879117,0,0.0
879217,0,0.0
1078817,0,0.0
1078917,0,0.0
1079017,0,0.0
1079117,0,0.0
1079217,0,0.0
1079317,0,0.0
1079417,0,0.0
1079517,0,0.0
1079617,0,0.0
1079717,0,0.0
1079817,0,0.0
1079917,0,0.0
1080017,0,0.0
1080117,0,0.0
1080217,0,0.0
1080317,0,0.0
1080417,0,0.0
1080517,0,0.0
1080617,0,0.0
1080717,0,0.0
1080817,0,0.0
1080917,0,0.0
1081017,0,0.0
1081117,0,0.0
1081217,0,0.0
1081317,0,0.0
1081417,0,0.0
1081517,0,0.0
1081617,0,0.0
1081717,0,0.0
1081817,0,0.0
1081917,0,0.0
1082017,0,0.0
1082117,0,0.0
1082217,0,0.0
1082317,0,0.0
1082417,0,0.0
1082517,0,0.0
1082617,0,0.0
1082717,0,0.0
1082817,0,0.0
1082917,0,0.0
1083017,0,0.0
1083117,0,0.0
1083217,0,0.0
1083317,0,0.0
1083417,0,0.0
1083517,0,0.0
1083617,0,0.0
1083717,0,0.0
1083817,0,0.0
1083917,0,0.0
1084017,0,0.0
1084117,0,0.0
1084217,0,0.0
1084317,0,0.0
1084417,0,0.0
1084517,0,0.0
1084617,0,0.0
1084717,0,0.0
1084817,0,0.0
1084917,0,0.0
1085017,0,0.0
1085117,0,0.0
1085217,0,0.0
1085317,0,0.0
1085417,0,0.0
1085517,0,0.0
1085617,0,0.0
1085717,0,0.0
1085817,0,0.0
1085917,0,0.0
1086017,0,0.0
1086117,0,0.0
1086217,0,0.0
1086317,0,0.0
1086417,0,0.0
1086517,0,0.0
1086617,0,0.0
1086717,0,0.0
1086817,0,0.0
1086917,0,0.0
1087017,0,0.0
1087117,0,0.0
1087217,0,0.0
1087317,0,0.0
1087417,0,0.0
1087517,0,0.0
1087617,0,0.0
1087717,0,0.0
1087817,0,0.0
1087917,0,0.0
1088017,0,0.0
1088117,0,0.0
1088217,0,0.0
1088317,0,0.0
1088417,0,0.0
1088517,0,0.0
1088617,0,0.0
1088717,0,0.0
1088817,0,0.0
1088917,0,0.0
1089017,0,0.0
1089117,0,0.0
1089217,0,0.0
1089317,0,0.0
1089417,0,0.0
1089517,0,0.0
1089617,0,0.0
1089717,0,0.0
1089817,0,0.0
1089917,0,0.0
1090017,0,0.0
1090117,0,0.0
1090217,0,0.0
1090317,0,0.0
1090417,0,0.0
1090517,0,0.0
1090617,0,0.0
1090717,0,0.0
1090817,0,0.0
1090917,0,0.0
1091017,0,0.0
1091117,0,0.0
1091217,0,0.0
1091317,0,0.0
1091417,0,0.0
1091517,0,0.0
1091617,0,0.0
1091717,0,0.0
1091817,0,0.0
1091917,0,0.0
1092017,0,0.0
1092117,0,0.0
1092217,0,0.0
1092317,0,0.0
1092417,0,0.0
1092517,0,0.0
1092617,0,0.0
1092717,0,0.0
1092817,0,0.0
1092917,0,0.0
1093017,0,0.0
1093117,0,0.0
1093217,0,0.0
1093317,0,0.0
1093417,0,0.0
1093517,0,0.0
1093617,0,0.0
1093717,0,0.0
1093817,0,0.0
1093917,0,0.0
1094017,0,0.0
1094117,0,0.0
1094217,0,0.0
1094317,0,0.0
1094417,0,0.0
1094517,0,0.0
1094617,0,0.0
1094717,0,0.0
1094817,0,0.0
1094917,0,0.0
1095017,0,0.0
1095117,0,0.0
1095217,0,0.0
1095317,0,0.0
1095417,0,0.0
1095517,0,0.0
1095617,0,0.0
1095717,0,0.0
1095817,0,0.0
1095917,0,0.0
1096017,0,0.0
1096117,0,0.0
1096217,0,0.0
1096317,0,0.0
1096417,0,0.0
1096517,0,0.0
1096617,0,0.0
1096717,0,0.0
1096817,0,0.0
1096917,0,0.0
1097017,0,0.0
1097117,0,0.0
1097217,0,0.0
1097317,0,0.0
1097417,0,0.0
1097517,0,0.0
1097617,0,0.0
1097717,0,0.0
1097817,0,0.0
1097917,0,0.0
1098017,0,0.0
1098117,0,0.0
1098217,0,0.0
1098317,0,0.0
1098417,0,0.0
1098517,0,0.0
1098617,0,0.0
1098717,0,0.0
1098817,0,0.0
1098917,0,0.0
1099017,0,0.0
1099117,0,0.0
1099217,0,0.0
1099317,0,0.0
1099417,0,0.0
1099517,0,0.0
1099617,0,0.0
1099717,0,0.0
1099817,0,0.0
1099917,0,0.0
1100017,0,0.0
1100117,0,0.0
1100217,0,0.0
1100317,0,0.0
1100417,0,0.0
1100517,0,0.0
1100617,0,0.0
1100717,0,0.0
1100817,0,0.0
1100917,0,0.0
1101017,0,0.0
1101117,0,0.0
1101217,0,0.0
1101317,0,0.0
1101417,0,0.0
1101517,0,0.0
1101617,0,0.0
1101717,0,0.0
1101817,0,0.0
1101917,0,0.0
1102017,0,0.0
1102117,0,0.0
1102217,0,0.0
1102317,0,0.0
1102417,0,0.0
1102517,0,0.0
1102617,0,0.0
1102717,0,0.0
1102817,0,0.0
1102917,0,0.0
1103017,0,0.0
1103117,0,0.0
1103217,0,0.0
1103317,0,0.0
1103417,0,0.0
1103517,0,0.0
1103617,0,0.0
1103717,0,0.0
1103817,0,0.0
1103917,0,0.0
1104017,0,0.0
1104117,0,0.0
1104217,0,0.0
1104317,0,0.0
1104417,0,0.0
1104517,0,0.0
1104617,0,0.0
1104717,0,0.0
1104817,0,0.0
1104917,0,0.0
1105017,0,0.0
1105117,0,0.0
1105217,0,0.0
1105317,0,0.0
1105417,0,0.0
1105517,0,0.0
1105617,0,0.0
1105717,0,0.0
1105817,0,0.0
1105917,0,0.0
1106017,0,0.0
1106117,0,0.0
1106217,0,0.0
1106317,0,0.0
1106417,0,0.0
1106517,0,0.0
1106617,0,0.0
1106717,0,0.0
1106817,0,0.0
1106917,0,0.0
1107017,0,0.0
1107117,0,0.0
1107217,0,0.0
1107317,0,0.0
1107417,0,0.0
1107517,0,0.0
1107617,0,0.0
1107717,0,0.0
1107817,0,0.0
1107917,0,0.0
1108017,0,0.0
1108117,0,0.0
1108217,0,0.0
1108317,0,0.0
1108417,0,0.0
1108517,0,0.0
1108617,0,0.0
1108717,0,0.0
1108817,0,0.0
1108917,0,0.0
1109017,0,0.0
1109117,0,0.0
1109217,0,0.0
1109317,0,0.0
1109417,0,0.0
1109517,0,0.0
1109617,0,0.0
1109717,0,0.0
1109817,0,0.0
1109917,0,0.0
1110017,0,0.0
1110117,0,0.0
1110217,0,0.0
1110317,0,0.0
1110417,0,0.0
1110517,0,0.0
1110617,0,0.0
1110717,0,0.0
1215017,0,0.0
1215117,0,0.0
1215217,0,0.0
1215317,0,0.0
1215417,0,0.0
1215517,0,0.0
1215617,0,0.0
1215717,0,0.0
1215817,0,0.0
1215917,0,0.0
1216017,0,0.0
1216117,0,0.0
1216217,0,0.0
1216317,0,0.0
1216417,0,0.0
1216517,0,0.0
1216617,0,0.0
1216717,0,0.0
1216817,0,0.0
1216917,0,0.0
1217017,0,0.0
1217117,0,0.0
1217217,0,0.0
1217317,0,0.0
1217417,0,0.0
1217517,0,0.0
1217617,0,0.0
1217717,0,0.0
1217817,0,0.0
1217917,0,0.0
1218017,0,0.0
1218117,0,0.0
1218217,0,0.0
1218317,0,0.0
1218417,0,0.0
1218517,0,0.0
1218617,0,0.0
1218717,0,0.0
1218817,0,0.0
1218917,0,0.0
1219017,0,0.0
1219117,0,0.0
1219217,0,0.0
1219317,0,0.0
1219417,0,0.0
1219517,0,0.0
1219617,0,0.0
1219717,0,0.0
1219817,0,0.0
1219917,0,0.0
1220017,0,0.0
1220117,0,0.0
1220217,0,0.0
1220317,0,0.0
1220417,0,0.0
1220517,0,0.0
1220617,0,0.0
1220717,0,0.0
1220817,0,0.0
1220917,0,0.0
1221017,0,0.0
1221117,0,0.0
1221217,0,0.0
1221317,0,0.0
1221417,0,0.0
1221517,0,0.0
1221617,0,0.0
1221717,0,0.0
1221817,0,0.0
1221917,0,0.0
1222017,0,0.0
1222117,0,0.0
1222217,0,0.0
1222317,0,0.0
1222417,0,0.0
1222517,0,0.0
1222617,0,0.0
1222717,0,0.0
1222817,0,0.0
1222917,0,0.0
1223017,0,0.0
1223117,0,0.0
1223217,0,0.0
1223317,0,0.0
1223417,0,0.0
1223517,0,0.0
1223617,0,0.0
1223717,0,0.0
1223817,0,0.0
1223917,0,0.0
1224017,0,0.0
1224117,0,0.0
1224217,0,0.0
1224317,0,0.0
1224417,0,0.0
1224517,0,0.0
1224617,0,0.0
1224717,0,0.0
1224817,0,0.0
1224917,0,0.0
1225017,0,0.0
1225117,0,0.0
1225217,0,0.0
1225317,0,0.0
1225417,0,0.0
1225517,0,0.0
1225617,0,0.0
1225717,0,0.0
1225817,0,0.0
1225917,0,0.0
1226017,294,0.24
1226117,706,0.57
1226217,798,0.64
1226317,790,0.64
1226417,790,0.64
1226517,906,0.73
1226617,1296,1.04
1226717,1751,1.41
1226817,1990,1.6
1226917,1998,1.61
1227017,2003,1.61
1227117,1997,1.61
1227217,2046,1.65
1227317,2463,1.98
1227417,2998,2.42
1227517,3558,2.87
1227617,3783,3.05
1227717,3763,3.03
1227817,3786,3.05
1227917,3807,3.07
1228017,4095,3.3
1228117,4095,3.3
1228217,4095,3.3
1228317,4095,3.3
1228417,4095,3.3
1228517,4095,3.3
1228617,4095,3.3
1228717,4095,3.3
1228817,4095,3.3
1228917,3818,3.08
1229017,3383,2.73
1229117,3052,2.46
1229217,2724,2.2
1229317,2414,1.95
1229417,2275,1.83
1229517,2290,1.85
1229617,2295,1.85
1229717,2285,1.84
1229817,2205,1.78
1229917,1964,1.58
1230017,1635,1.32
1230117,1265,1.02
1230217,1020,0.82
1230317,870,0.7
1230417,654,0.53
1230517,556,0.45
1230617,556,0.45
1230717,555,0.45
1230817,552,0.44
1230917,383,0.31
1231017,0,0.0
1231117,0,0.0
1231217,0,0.0
1231317,0,0.0
1231417,0,0.0
1231517,0,0.0
1231617,0,0.0
1231717,0,0.0
1231817,0,0.0
1231917,62,0.05
1232017,584,0.47
1232117,942,0.76
1232217,943,0.76
1232317,953,0.77
1232417,993,0.8
1232517,1496,1.21
1232617,2107,1.7
1232717,2213,1.78
1232817,2207,1.78
1232917,2196,1.77
1233017,2338,1.88
1233117,2880,2.32
1233217,3311,2.67
1233317,3451,2.78
1233417,3440,2.77
1233517,3413,2.75
1233617,3904,3.15
1233717,4095,3.3
1233817,4095,3.3
1233917,4095,3.3
1234017,4095,3.3
1234117,4095,3.3
1234217,4095,3.3
1234317,4095,3.3
1234417,4095,3.3
1234517,3863,3.11
1234617,3440,2.77
1234717,3110,2.51
1234817,2855,2.3
1234917,2763,2.23
1235017,2768,2.23
1235117,2775,2.24
1235217,2776,2.24
1235317,2671,2.15
1235417,2305,1.86
1235517,1820,1.47
1235617,1420,1.14
1235717,1104,0.89
1235817,896,0.72
1235917,666,0.54
1236017,378,0.3
1236117,140,0.11
1236217,13,0.01
1236317,15,0.01
1236417,19,0.02
1236517,16,0.01
1236617,0,0.0
1236717,0,0.0
1236817,0,0.0
1236917,0,0.0
1237017,0,0.0
1237117,0,0.0
1237217,0,0.0
1237317,0,0.0
1237417,0,0.0
1237517,0,0.0
1237617,0,0.0
1237717,0,0.0
1237817,0,0.0
1237917,0,0.0
1238017,0,0.0
1238117,0,0.0
1238217,0,0.0
1238317,0,0.0
1238417,0,0.0
1238517,0,0.0
1238617,0,0.0
1238717,0,0.0
1238817,0,0.0
1238917,0,0.0
1239017,0,0.0
1239117,0,0.0
1239217,0,0.0
1239317,0,0.0
1239417,0,0.0
1239517,0,0.0
1239617,0,0.0
1239717,0,0.0
1239817,0,0.0
1239917,0,0.0
1240017,0,0.0
1240117,0,0.0
1240217,0,0.0
1240317,0,0.0
1240417,0,0.0
1240517,0,0.0
1240617,0,0.0
1240717,0,0.0
1240817,0,0.0
1240917,0,0.0
1241017,0,0.0
1241117,0,0.0
1241217,0,0.0
1241317,0,0.0
1241417,0,0.0
1241517,0,0.0
1241617,0,0.0
1241717,0,0.0
1241817,0,0.0
1241917,0,0.0
1242017,0,0.0
1242117,0,0.0
1242217,0,0.0
1242317,0,0.0
1242417,0,0.0
1242517,0,0.0
1242617,0,0.0
1242717,0,0.0
1242817,0,0.0
1242917,0,0.0
1243017,0,0.0
1243117,0,0.0
1243217,0,0.0
1243317,0,0.0
1243417,0,0.0
1243517,0,0.0
1243617,0,0.0
1243717,0,0.0
1243817,0,0.0
1243917,0,0.0
1244017,0,0.0
1244117,0,0.0
1244217,0,0.0
1244317,0,0.0
1244417,0,0.0
1244517,0,0.0
1244617,0,0.0
1244717,0,0.0
1244817,0,0.0
1244917,0,0.0
1245017,0,0.0
1245117,0,0.0
1245217,0,0.0
1245317,0,0.0
1245417,0,0.0
1245517,0,0.0
1245617,0,0.0
1245717,0,0.0
1245817,0,0.0
1245917,0,0.0
1246017,0,0.0
1246117,0,0.0
1246217,0,0.0
1246317,0,0.0
1246417,0,0.0
1246517,0,0.0
1246617,0,0.0
1246717,0,0.0
1246817,0,0.0
1246917,0,0.0
1247017,0,0.0
1247117,0,0.0
1247217,0,0.0
1247317,0,0.0
1247417,0,0.0
1247517,0,0.0
1247617,0,0.0
1247717,0,0.0
1247817,0,0.0
1247917,0,0.0
1248017,0,0.0
1248117,0,0.0
1248217,0,0.0
1248317,0,0.0
1248417,0,0.0
1248517,0,0.0
1248617,0,0.0
1248717,0,0.0
1248817,0,0.0
1248917,0,0.0
1249017,0,0.0
1249117,0,0.0
1249217,0,0.0
1249317,0,0.0
1249417,0,0.0
1249517,0,0.0
1249617,0,0.0
1249717,0,0.0
1249817,0,0.0
1249917,0,0.0
1250017,0,0.0
1250117,0,0.0
1250217,0,0.0
1250317,0,0.0
1250417,0,0.0
1250517,0,0.0
1250617,0,0.0
1250717,0,0.0
1250817,0,0.0
1250917,0,0.0
1251017,0,0.0
1251117,0,0.0
1251217,0,0.0
1251317,0,0.0
1251417,0,0.0
1251517,0,0.0
1251617,0,0.0
1251717,0,0.0
1251817,0,0.0
1251917,0,0.0
1252017,0,0.0
1252117,0,0.0
1252217,0,0.0
1252317,0,0.0
1252417,0,0.0
1252517,0,0.0
1252617,0,0.0
1252717,0,0.0
1252817,0,0.0
1252917,0,0.0
1253017,0,0.0
1253117,0,0.0
1253217,0,0.0
1253317,0,0.0
1253417,0,0.0
1253517,0,0.0
1253617,0,0.0
1253717,0,0.0
1253817,0,0.0
1253917,0,0.0
1254017,0,0.0
1254117,0,0.0
1254217,0,0.0
1254317,0,0.0
1254417,0,0.0
1254517,0,0.0
1254617,0,0.0
1254717,0,0.0
1254817,0,0.0
1254917,0,0.0
1255017,0,0.0
1255117,0,0.0
1255217,0,0.0
1255317,0,0.0
1255417,0,0.0
1255517,0,0.0
1255617,0,0.0
1255717,0,0.0
1255817,0,0.0
1255917,0,0.0
1256017,0,0.0
1256117,0,0.0
1256217,0,0.0
1256317,0,0.0
1256417,0,0.0
1256517,0,0.0
1256617,0,0.0
1256717,0,0.0
1256817,0,0.0
1256917,0,0.0
1257017,0,0.0
1257117,0,0.0
1257217,0,0.0
1257317,0,0.0
1257417,0,0.0
1257517,0,0.0
1257617,0,0.0
1257717,0,0.0
1257817,0,0.0
1257917,0,0.0
1258017,0,0.0
1258117,0,0.0
1258217,0,0.0
1258317,0,0.0
1258417,0,0.0
1258517,0,0.0
1258617,0,0.0
1258717,0,0.0
1258817,0,0.0
1258917,0,0.0
1259017,0,0.0
1259117,0,0.0
1259217,0,0.0
1259317,0,0.0
1259417,0,0.0
1259517,0,0.0
1259617,0,0.0
1259717,0,0.0
1259817,0,0.0
1259917,0,0.0
1260017,0,0.0
1260117,0,0.0
1260217,0,0.0
1260317,0,0.0
1260417,0,0.0
1260517,0,0.0
1260617,0,0.0
1260717,0,0.0
1260817,0,0.0
1260917,0,0.0
1261017,0,0.0
1261117,0,0.0
1261217,0,0.0
1261317,0,0.0
1261417,0,0.0
1261517,0,0.0
1261617,0,0.0
1261717,0,0.0
1261817,0,0.0
1261917,0,0.0
1462817,0,0.0
1462917,0,0.0
1463017,0,0.0
1463117,0,0.0
1463217,0,0.0
1463317,0,0.0
1463417,0,0.0
1463517,0,0.0
1463617,0,0.0
1463717,0,0.0
1463817,0,0.0
1463917,0,0.0
1464017,0,0.0
1464117,0,0.0
1464217,0,0.0
1464317,0,0.0
1464417,0,0.0
1464517,0,0.0
1464617,0,0.0
1464717,0,0.0
1464817,0,0.0
1464917,0,0.0
1465017,0,0.0
1465117,0,0.0
1465217,0,0.0
1465317,0,0.0
1465417,0,0.0
1465517,0,0.0
1465617,0,0.0
1465717,0,0.0
1465817,0,0.0
1465917,0,0.0
1466017,0,0.0
1466117,0,0.0
1466217,0,0.0
1466317,0,0.0
1466417,0,0.0
1466517,0,0.0
1466617,0,0.0
1466717,0,0.0
1466817,0,0.0
1466917,0,0.0
1467017,0,0.0
1467117,238,0.19
1467217,654,0.53
1467317,911,0.73
1467417,898,0.72
1467517,913,0.74
1467617,898,0.72
1467717,962,0.78
1467817,1249,1.01
1467917,1523,1.23
1468017,1840,1.48
1468117,2101,1.69
1468217,2096,1.69
1468317,2111,1.7
1468417,2107,1.7
1468517,2099,1.69
1468617,2087,1.68
1468717,2097,1.69
1468817,2086,1.68
1468917,2082,1.68
1469017,2129,1.72
1469117,2217,1.79
1469217,2384,1.92
1469317,2590,2.09
1469417,2795,2.25
1469517,3015,2.43
1469617,3280,2.64
1469717,3501,2.82
1469817,3506,2.83
1469917,3502,2.82
1470017,3495,2.82
1470117,3523,2.84
1470217,3575,2.88
1470317,3953,3.19
1470417,4095,3.3
1470517,4095,3.3
1470617,4095,3.3
1470717,4095,3.3
1470817,4095,3.3
1470917,4095,3.3
1471017,4095,3.3
1471117,4095,3.3
1471217,4095,3.3
1471317,3826,3.08
1471417,3372,2.72
1471517,3184,2.57
1471617,3167,2.55
1471717,3159,2.55
1471817,3140,2.53
1471917,2945,2.37
1472017,2583,2.08
1472117,2250,1.81
1472217,2030,1.64
1472317,1941,1.56
1472417,1907,1.54
1472517,1936,1.56
1472617,1850,1.49
1472717,1574,1.27
1472817,1199,0.97
1472917,886,0.71
1473017,938,0.76
1473117,944,0.76
1473217,929,0.75
1473317,833,0.67
1473417,645,0.52
1473517,374,0.3
1473617,113,0.09
1473717,0,0.0
1473817,0,0.0
1473917,0,0.0
1474017,0,0.0
1474117,0,0.0
1474217,0,0.0
1474317,0,0.0
1474417,0,0.0
1474517,0,0.0
1474617,0,0.0
1474717,73,0.06
1474817,252,0.2
1474917,265,0.21
1475017,260,0.21
1475117,267,0.22
1475217,337,0.27
1475317,597,0.48
1475417,929,0.75
1475517,1325,1.07
1475617,1474,1.19
1475717,1457,1.17
1475817,1474,1.19
1475917,1476,1.19
1476017,1600,1.29
1476117,1895,1.53
1476217,2230,1.8
1476317,2557,2.06
1476417,2838,2.29
1476517,2946,2.37
1476617,2948,2.38
1476717,2944,2.37
1476817,2938,2.37
1476917,2953,2.38
1477017,2941,2.37
1477117,2949,2.38
1477217,2949,2.38
1477317,2946,2.37
1477417,2943,2.37
1477517,2947,2.37
1477617,2943,2.37
1477717,2953,2.38
1477817,2945,2.37
1477917,2927,2.36
1478017,2944,2.37
1478117,2949,2.38
1478217,2943,2.37
1478317,2957,2.38
1478417,2946,2.37
1478517,2944,2.37
1478617,2943,2.37
1478717,2943,2.37
1478817,2943,2.37
1478917,2947,2.37
1479017,2935,2.37
1479117,2946,2.37
1479217,2957,2.38
1479317,2937,2.37
1479417,2949,2.38
1479517,2931,2.36
1479617,2944,2.37
1479717,2939,2.37
1479817,2951,2.38
1479917,2931,2.36
1480017,2939,2.37
1480117,2949,2.38
1480217,2955,2.38
1480317,2944,2.37
1480417,2929,2.36
1480517,2953,2.38
1480617,2939,2.37
1480717,2953,2.38
1480817,2933,2.36
1480917,2945,2.37
1481017,2946,2.37
1481117,2942,2.37
1481217,2944,2.37
1481317,2944,2.37
1481417,2945,2.37
1481517,2927,2.36
1481617,2935,2.37
1481717,2950,2.38
1481817,2950,2.38
1481917,2944,2.37
1482017,2932,2.36
1482117,2933,2.36
1482217,2943,2.37
1482317,2942,2.37
1482417,2944,2.37
1482517,2951,2.38
1482617,2944,2.37
1482717,2944,2.37
1482817,2957,2.38
1482917,2941,2.37
1483017,2925,2.36
1483117,2930,2.36
1483217,2937,2.37
1483317,2940,2.37
1483417,2939,2.37
1483517,2944,2.37
1483617,2946,2.37
1483717,2942,2.37
1483817,2954,2.38
1483917,2944,2.37
1484017,2953,2.38
1484117,2960,2.39
1484217,2942,2.37
1484317,2941,2.37
1484417,2944,2.37
1484517,2943,2.37
1484617,2941,2.37
1484717,2941,2.37
1484817,2928,2.36
1484917,2943,2.37
1485017,2956,2.38
1485117,2946,2.37
1485217,2944,2.37
1485317,2928,2.36
1485417,2938,2.37
1485517,2945,2.37
1485617,2943,2.37
1485717,2928,2.36
1485817,2942,2.37
1485917,2948,2.38
1486017,2944,2.37
1486117,2956,2.38
1486217,2949,2.38
1486317,2944,2.37
1486417,2930,2.36
1486517,2945,2.37
1486617,2956,2.38
1486717,2954,2.38
1486817,2943,2.37
1486917,2941,2.37
1487017,2939,2.37
1487117,2944,2.37
1487217,2946,2.37
1487317,2944,2.37
1487417,2944,2.37
1487517,2945,2.37
1487617,2983,2.4
1487717,2941,2.37
1487817,2940,2.37
1487917,2955,2.38
1488017,2946,2.37
1488117,2950,2.38
1488217,2943,2.37
1488317,2944,2.37
1488417,2939,2.37
1488517,2961,2.39
1488617,2941,2.37
1488717,2941,2.37
1488817,2956,2.38
1488917,2941,2.37
1489017,2928,2.36
1489117,2928,2.36
1489217,2941,2.37
1489317,2942,2.37
1489417,2929,2.36
1489517,2941,2.37
1489617,2951,2.38
1489717,2950,2.38
1489817,2928,2.36
1489917,2965,2.39
1490017,2946,2.37
1490117,2941,2.37
1490217,2946,2.37
1490317,2947,2.37
1490417,2944,2.37
1490517,2933,2.36
1490617,2944,2.37
1490717,2990,2.41
1490817,2942,2.37
1490917,2945,2.37
1491017,2941,2.37
1491117,2951,2.38
1491217,2931,2.36
1491317,2945,2.37
1491417,2951,2.38
1491517,2940,2.37
1491617,2941,2.37
1491717,2944,2.37
1491817,2937,2.37
1491917,2931,2.36
1492017,2942,2.37
1492117,2942,2.37
1492217,2928,2.36
1492317,2959,2.38
1492417,2944,2.37
1492517,2942,2.37
1492617,2928,2.36
1492717,2943,2.37
1492817,2930,2.36
1492917,2942,2.37
1493017,2951,2.38
1493117,2942,2.37
1493217,2949,2.38
1493317,2942,2.37
1493417,2943,2.37
1493517,2954,2.38
1493617,2938,2.37
1493717,2957,2.38
1493817,2937,2.37
1493917,2942,2.37
1494017,2928,2.36
1494117,2946,2.37
1494217,2959,2.38
1494317,2944,2.37
1494417,2940,2.37
1494517,2955,2.38
1494617,2944,2.37
1494717,2942,2.37
1494817,2946,2.37
1494917,2938,2.37
1495017,2929,2.36
1495117,2938,2.37
1495217,2943,2.37
1495317,2947,2.37
1495417,2942,2.37
1495517,2950,2.38
1495617,2953,2.38
1495717,2943,2.37
1495817,2942,2.37
1495917,2955,2.38
1496017,2942,2.37
1496117,2956,2.38
1496217,2942,2.37
1496317,2941,2.37
1496417,2941,2.37
1496517,2945,2.37
1496617,2953,2.38
1496717,2949,2.38
1496817,2942,2.37
1496917,2959,2.38
1497017,2945,2.37
1497117,2942,2.37
1497217,2954,2.38
1497317,2950,2.38
1497417,2943,2.37
1497517,2942,2.37
1497617,2934,2.36
1497717,2944,2.37
1497817,2942,2.37
1497917,2951,2.38
1498017,2950,2.38
1498117,2928,2.36
1498217,2943,2.37
1498317,2959,2.38
1498417,2924,2.36
1498517,2951,2.38
1498617,2945,2.37
2291817,2953,2.38
2291917,2945,2.37
2292017,2928,2.36
2292117,2947,2.37
2292217,2929,2.36
2292317,2941,2.37
2292417,2902,2.34
2292517,2881,2.32
2292617,2853,2.3
2292717,2837,2.29
2292817,2851,2.3
2292917,2830,2.28
2293017,2859,2.3
2293117,2848,2.3
2293217,2850,2.3
2293317,2850,2.3
2293417,2832,2.28
2293517,2832,2.28
2293617,2850,2.3
2293717,2853,2.3
2293817,2841,2.29
2293917,2863,2.31
2294017,2851,2.3
2294117,2852,2.3
2294217,2863,2.31
2294317,2855,2.3
2294417,2839,2.29
2294517,2853,2.3
2294617,2850,2.3
2294717,2843,2.29
2294817,2850,2.3
2294917,2851,2.3
2295017,2855,2.3
2295117,2811,2.27
2295217,2704,2.18
2295317,2493,2.01
2295417,2217,1.79
2295517,1936,1.56
2295617,1753,1.41
2295717,1701,1.37
2295817,1692,1.36
2295917,1702,1.37
2296017,1695,1.37
2296117,1606,1.29
2296217,1424,1.15
2296317,1197,0.96
2296417,994,0.8
2296517,786,0.63
2296617,577,0.46
2296717,400,0.32
2296817,336,0.27
2296917,349,0.28
2297017,325,0.26
2297117,250,0.2
2297217,0,0.0
2297317,0,0.0
2297417,0,0.0
2297517,0,0.0
2297617,0,0.0
2297717,0,0.0
2297817,0,0.0
2297917,7,0.01
2298017,292,0.24
2298117,576,0.46
2298217,816,0.66
2298317,877,0.71
2298417,883,0.71
2298517,896,0.72
2298617,897,0.72
2298717,944,0.76
2298817,1170,0.94
2298917,1472,1.19
2299017,1786,1.44
2299117,1868,1.51
2299217,1898,1.53
2299317,1898,1.53
2299417,1845,1.49
2299517,1730,1.39
2299617,1622,1.31
2299717,1462,1.18
2299817,1273,1.03
2299917,1146,0.92
2300017,1062,0.86
2300117,1062,0.86
2300217,1044,0.84
2300317,1074,0.87
2300417,1258,1.01
2300517,1511,1.22
2300617,1830,1.47
2300717,2114,1.7
2300817,2365,1.91
2300917,2434,1.96
2301017,2437,1.96
2301117,2430,1.96
2301217,2451,1.98
2301317,2620,2.11
2301417,2932,2.36
2301517,3360,2.71
2301617,3903,3.15
2301717,4095,3.3
2301817,4095,3.3
2301917,4095,3.3
2302017,4095,3.3
2302117,4095,3.3
2302217,4095,3.3
2302317,4095,3.3
2302417,4095,3.3
2302517,4095,3.3
2302617,4095,3.3
2302717,4095,3.3
2302817,4095,3.3
2302917,4095,3.3
2303017,4095,3.3
2303117,4095,3.3
2303217,3950,3.18
2303317,3317,2.67
2303417,2911,2.35
2303517,2850,2.3
2303617,2844,2.29
2303717,2848,2.3
2303817,2798,2.25
2303917,2602,2.1
2304017,2280,1.84
2304117,1904,1.53
2304217,1567,1.26
2304317,1523,1.23
2304417,1519,1.22
2304517,1505,1.21
2304617,1495,1.2
2304717,1309,1.05
2304817,959,0.77
2304917,567,0.46
2305017,303,0.24
2305117,203,0.16
2305217,192,0.15
2305317,204,0.16
2305417,207,0.17
2305517,155,0.12
2305617,0,0.0
2305717,0,0.0
2305817,0,0.0
2305917,0,0.0
2306017,0,0.0
2306117,0,0.0
2306217,0,0.0
2306317,0,0.0
2306417,0,0.0
2306517,0,0.0
2306617,0,0.0
2306717,0,0.0
2306817,0,0.0
2306917,214,0.17
2307017,607,0.49
2307117,797,0.64
2307217,803,0.65
2307317,797,0.64
2307417,821,0.66
2307517,978,0.79
2307617,1326,1.07
2307717,1579,1.27
2307817,1721,1.39
2307917,1725,1.39
2308017,1729,1.39
2308117,1719,1.39
2308217,1763,1.42
2308317,1998,1.61
2308417,2367,1.91
2308517,2591,2.09
2308617,2631,2.12
2308717,2650,2.14
2308817,2650,2.14
2308917,2629,2.12
2309017,2625,2.12
2309117,2626,2.12
2309217,2630,2.12
2309317,2624,2.11
2309417,2612,2.1
2309517,2607,2.1
2309617,2620,2.11
2309717,2634,2.12
2309817,2624,2.11
2309917,2608,2.1
2310017,2608,2.1
2310117,2603,2.1
2310217,2448,1.97
2310317,2143,1.73
2310417,1746,1.41
2310517,1484,1.2
2310617,1487,1.2
2310717,1488,1.2
2310817,1493,1.2
2310917,1419,1.14
2311017,1175,0.95
2311117,927,0.75
2311217,720,0.58
2311317,533,0.43
2311417,386,0.31
2311517,345,0.28
2311617,334,0.27
2311717,345,0.28
2311817,331,0.27
2311917,215,0.17
2312017,0,0.0
2312117,0,0.0
2312217,0,0.0
2312317,0,0.0
2312417,0,0.0
2312517,0,0.0
2312617,0,0.0
2312717,0,0.0
2312817,0,0.0
2312917,0,0.0
2313017,0,0.0
2313117,0,0.0
2313217,0,0.0
2313317,0,0.0
2313417,0,0.0
2313517,0,0.0
2313617,0,0.0
2313717,0,0.0
2313817,0,0.0
2313917,0,0.0
2314017,0,0.0
2314117,0,0.0
2314217,0,0.0
2314317,64,0.05
2314417,388,0.31
2314517,798,0.64
2314617,972,0.78
2314717,980,0.79
2314817,976,0.79
2314917,1074,0.87
2315017,1635,1.32
2315117,2004,1.61
2315217,2467,1.99
2315317,2834,2.28
2315417,3186,2.57
2315517,3235,2.61
2315617,3238,2.61
2315717,3233,2.61
2315817,3622,2.92
2315917,4095,3.3
2316017,4095,3.3
2316117,4095,3.3
2316217,4095,3.3
2316317,4095,3.3
2316417,4095,3.3
2316517,4095,3.3
2316617,4095,3.3
2316717,4095,3.3
2316817,4095,3.3
2316917,4095,3.3
2317017,4095,3.3
2317117,4095,3.3
2317217,4095,3.3
2317317,4095,3.3
2317417,4095,3.3
2317517,4095,3.3
2317617,4095,3.3
2317717,4061,3.27
2317817,3455,2.78
2317917,2961,2.39
2318017,2885,2.32
2318117,2896,2.33
2318217,2887,2.33
2318317,2707,2.18
2318417,2383,1.92
2318517,2112,1.7
2318617,2009,1.62
2318717,1968,1.59
2318817,1938,1.56
2318917,1940,1.56
2319017,1952,1.57
2319117,1924,1.55
2319217,1918,1.55
2319317,1936,1.56
2319417,1945,1.57
2319517,1930,1.56
2319617,1935,1.56
2319717,1937,1.56
2319817,1935,1.56
2319917,1924,1.55
2320017,1920,1.55
2320117,1919,1.55
2320217,1938,1.56
2320317,1936,1.56
2320417,1939,1.56
2320517,1945,1.57
2320617,1935,1.56
2320717,1936,1.56
2320817,1934,1.56
2320917,1925,1.55
2321017,2047,1.65
2321117,2256,1.82
2321217,2512,2.02
2321317,2785,2.24
2321417,3014,2.43
2321517,3287,2.65
2321617,3734,3.01
2321717,4095,3.3
2321817,4095,3.3
2321917,4095,3.3
2322017,4095,3.3
2322117,4095,3.3
2322217,4095,3.3
2322317,4095,3.3
2322417,4095,3.3
2322517,4095,3.3
2322617,4095,3.3
2322717,4095,3.3
2322817,4095,3.3
2322917,4095,3.3
2323017,4095,3.3
2323117,4095,3.3
2323217,4095,3.3
2323317,4095,3.3
2323417,4095,3.3
2323517,4095,3.3
2323617,4095,3.3
2323717,4095,3.3
2323817,4095,3.3
2323917,4095,3.3
2324017,4095,3.3
2324117,4095,3.3
2324217,4095,3.3
2324317,4095,3.3
2324417,4095,3.3
2324517,4095,3.3
2324617,4095,3.3
2324717,4095,3.3
2324817,4095,3.3
2324917,4095,3.3
2325017,4095,3.3
2325117,4095,3.3
2325217,4095,3.3
2325317,4095,3.3
2325417,4095,3.3
2325517,4095,3.3
2325617,4095,3.3
2325717,4095,3.3
2325817,4095,3.3
2325917,4095,3.3
2326017,4095,3.3
2326117,4095,3.3
2326217,4095,3.3
2326317,4095,3.3
2326417,4095,3.3
2326517,4095,3.3
2326617,4095,3.3
2326717,4095,3.3
2326817,4095,3.3
2326917,4095,3.3
2327017,4095,3.3
2327117,4095,3.3
2327217,4095,3.3
2327317,4095,3.3
2327417,4095,3.3
2327517,4095,3.3
2327617,4095,3.3
2327717,4095,3.3
2327817,4095,3.3
2327917,4095,3.3
3773117,2107,1.7
3773217,2102,1.69
3773317,2108,1.7
3773417,2103,1.69
3773517,2107,1.7
3773617,2092,1.69
3773717,2085,1.68
3773817,2097,1.69
3773917,2107,1.7
3774017,2114,1.7
3774117,2093,1.69
3774217,2112,1.7
3774317,2102,1.69
3774417,2106,1.7
3774517,2105,1.7
3774617,2092,1.69
3774717,2096,1.69
3774817,2092,1.69
3774917,2102,1.69
3775017,2101,1.69
3775117,2095,1.69
3775217,2109,1.7
3775317,2103,1.69
3775417,2096,1.69
3775517,2112,1.7
3775617,2105,1.7
3775717,2097,1.69
3775817,2114,1.7
3775917,2110,1.7
3776017,2113,1.7
3776117,2102,1.69
3776217,2107,1.7
3776317,2113,1.7
3776417,2107,1.7
3776517,2113,1.7
3776617,2113,1.7
3776717,2093,1.69
3776817,2112,1.7
3776917,2095,1.69
3777017,2096,1.69
3777117,2106,1.7
3777217,2101,1.69
3777317,2112,1.7
3777417,2096,1.69
3777517,2109,1.7
3777617,2114,1.7
3777717,2110,1.7
3777817,2112,1.7
3777917,2110,1.7
3778017,2106,1.7
3778117,2110,1.7
3778217,2102,1.69
3778317,2064,1.66
3778417,1885,1.52
3778517,1615,1.3
3778617,1410,1.14
3778717,1221,0.98
3778817,1007,0.81
3778917,832,0.67
3779017,670,0.54
3779117,546,0.44
3779217,494,0.4
3779317,491,0.4
3779417,501,0.4
3779517,487,0.39
3779617,493,0.4
3779717,476,0.38
3779817,530,0.43
3779917,571,0.46
3780017,599,0.48
3780117,684,0.55
3780217,833,0.67
3780317,911,0.73
3780417,927,0.75
3780517,908,0.73
3780617,909,0.73
3780717,927,0.75
3780817,974,0.78
3780917,1020,0.82
3781017,1062,0.86
3781117,1062,0.86
3781217,1062,0.86
3781317,1058,0.85
3781417,1066,0.86
3781517,1067,0.86
3781617,1058,0.85
3781717,1069,0.86
3781817,1062,0.86
3781917,1069,0.86
3782017,1044,0.84
3782117,1064,0.86
3782217,1069,0.86
3782317,1070,0.86
3782417,1063,0.86
3782517,1062,0.86
3782617,1065,0.86
3782717,1068,0.86
3782817,1106,0.89
3782917,1158,0.93
3783017,1267,1.02
3783117,1405,1.13
3783217,1506,1.21
3783317,1609,1.3
3783417,1725,1.39
3783517,1830,1.47
3783617,1950,1.57
3783717,2009,1.62
3783817,2128,1.71
3783917,2236,1.8
3784017,2337,1.88
3784117,2444,1.97
3784217,2519,2.03
3784317,2511,2.02
3784417,2519,2.03
3784517,2528,2.04
3784617,2521,2.03
3784717,2559,2.06
3784817,2702,2.18
3784917,2899,2.34
3785017,3117,2.51
3785117,3329,2.68
3785217,3526,2.84
3785317,3767,3.04
3785417,3920,3.16
3785517,4095,3.3
3785617,4095,3.3
3785717,4095,3.3
3785817,4095,3.3
3785917,4095,3.3
3786017,4095,3.3
3786117,4095,3.3
3786217,4095,3.3
3786317,4095,3.3
3786417,4095,3.3
3786517,4095,3.3
3786617,4095,3.3
3786717,4095,3.3
3786817,4095,3.3
3786917,4095,3.3
3787017,4095,3.3
3787117,3548,2.86
3787217,3111,2.51
3787317,2833,2.28
3787417,2850,2.3
3787517,2837,2.29
3787617,2833,2.28
3787717,2662,2.15
3787817,2352,1.9
3787917,1968,1.59
3788017,1631,1.31
3788117,1468,1.18
3788217,1414,1.14
3788317,1408,1.13
3788417,1425,1.15
3788517,1413,1.14
3788617,1412,1.14
3788717,1413,1.14
3788817,1335,1.08
3788917,1216,0.98
3789017,1108,0.89
3789117,1066,0.86
3789217,1006,0.81
3789317,948,0.76
3789417,861,0.69
3789517,790,0.64
3789617,691,0.56
3789717,579,0.47
3789817,436,0.35
3789917,329,0.27
3790017,318,0.26
3790117,304,0.24
3790217,316,0.25
3790317,340,0.27
3790417,389,0.31
3790517,392,0.32
3790617,365,0.29
3790717,388,0.31
3790817,372,0.3
3790917,379,0.31
3791017,382,0.31
3791117,384,0.31
3791217,377,0.3
3791317,381,0.31
3791417,384,0.31
3791517,384,0.31
3791617,383,0.31
3791717,365,0.29
3791817,382,0.31
3791917,385,0.31
3792017,368,0.3
3792117,383,0.31
3792217,393,0.32
3792317,388,0.31
3792417,384,0.31
3792517,384,0.31
3792617,378,0.3
3792717,378,0.3
3792817,378,0.3
3792917,387,0.31
3793017,384,0.31
3793117,384,0.31
3793217,384,0.31
3793317,384,0.31
3793417,384,0.31
3793517,386,0.31
3793617,383,0.31
3793717,382,0.31
3793817,365,0.29
3793917,380,0.31
3794017,382,0.31
3794117,378,0.3
3794217,382,0.31
3794317,377,0.3
3794417,390,0.31
3794517,368,0.3
3794617,376,0.3
3794717,372,0.3
3794817,382,0.31
3794917,380,0.31
3795017,393,0.32
3795117,366,0.29
3795217,382,0.31
3795317,368,0.3
3795417,384,0.31
3795517,374,0.3
3795617,378,0.3
3795717,384,0.31
3795817,401,0.32
3795917,380,0.31
3796017,374,0.3
3796117,387,0.31
3796217,378,0.3
3796317,382,0.31
3796417,394,0.32
3796517,380,0.31
3796617,382,0.31
3796717,384,0.31
3796817,383,0.31
3796917,368,0.3
3797017,386,0.31
3797117,368,0.3
3797217,393,0.32
3797317,384,0.31
3797417,385,0.31
3797517,383,0.31
3797617,377,0.3
3797717,384,0.31
3797817,394,0.32
3797917,386,0.31
3798017,368,0.3
3798117,372,0.3
3798217,372,0.3
3798317,384,0.31
3798417,390,0.31
3798517,383,0.31
3798617,368,0.3
3798717,384,0.31
3798817,384,0.31
3798917,387,0.31
3799017,384,0.31
3799117,385,0.31
3799217,384,0.31
3799317,382,0.31
3799417,393,0.32
3799517,389,0.31
3799617,368,0.3
3799717,382,0.31
3799817,392,0.32
3799917,379,0.31
3800017,390,0.31
3800117,380,0.31
3800217,368,0.3
3800317,386,0.31
3800417,397,0.32
3800517,382,0.31
3800617,382,0.31
3800717,382,0.31
3800817,384,0.31
3800917,382,0.31
3801017,382,0.31
3801117,383,0.31
3801217,379,0.31
3801317,384,0.31
3801417,384,0.31
3801517,396,0.32
3801617,378,0.3
3801717,384,0.31
3801817,386,0.31
3801917,378,0.3
3802017,384,0.31
3802117,394,0.32
3802217,386,0.31
3802317,384,0.31
3802417,385,0.31
3802517,384,0.31
3802617,380,0.31
3802717,384,0.31
3802817,384,0.31
3802917,373,0.3
3803017,384,0.31
3803117,378,0.3
3803217,396,0.32
3803317,382,0.31
3803417,383,0.31
3803517,369,0.3
3803617,383,0.31
3803717,385,0.31
3803817,377,0.3
3803917,384,0.31
3804017,384,0.31
3804117,384,0.31
3804217,382,0.31
3804317,384,0.31
3804417,373,0.3
3804517,384,0.31
3804617,368,0.3
3804717,385,0.31
3804817,392,0.32
3804917,394,0.32
3805017,365,0.29
3805117,382,0.31
3805217,394,0.32
3805317,384,0.31
3805417,394,0.32
3805517,375,0.3
3805617,377,0.3
3805717,376,0.3
3805817,380,0.31
3805917,384,0.31
3806017,393,0.32
3806117,387,0.31
3806217,386,0.31
3806317,386,0.31
3806417,368,0.3
3806517,392,0.32
3806617,388,0.31
3806717,380,0.31
3806817,383,0.31
3806917,394,0.32
3807017,382,0.31
3807117,382,0.31
3807217,384,0.31
3807317,384,0.31
3807417,391,0.32
3807517,384,0.31
3807617,384,0.31
3807717,369,0.3
3807817,382,0.31
3807917,386,0.31
3808017,381,0.31
3808117,368,0.3
3808217,380,0.31
3808317,394,0.32
3808417,384,0.31
3808517,384,0.31
3808617,384,0.31
3808717,392,0.32
3808817,421,0.34
3808917,528,0.43
3809017,685,0.55
3809117,929,0.75
3809217,1260,1.02
3809317,1636,1.32
3809417,1856,1.5
3809517,1950,1.57
3809617,1954,1.57
3809717,1951,1.57
3809817,2002,1.61
3809917,2267,1.83
3810017,2559,2.06
3810117,2911,2.35
3810217,3361,2.71
3810317,3905,3.15
3810417,4095,3.3
3810517,4095,3.3
3810617,4095,3.3
3810717,4095,3.3
3810817,4095,3.3
3810917,4095,3.3
3811017,4095,3.3
3811117,4095,3.3
3811217,4095,3.3
3811317,4095,3.3
3811417,4095,3.3
3811517,4095,3.3
3811617,4095,3.3
3811717,4095,3.3
3811817,4095,3.3
3811917,4095,3.3
3812017,4095,3.3
3812117,4095,3.3
3812217,4095,3.3
3812317,4095,3.3
3812417,4095,3.3
3812517,4095,3.3
3812617,4095,3.3
3812717,4095,3.3
3812817,4095,3.3
3812917,4095,3.3
3813017,4095,3.3
3813117,4095,3.3
3813217,4095,3.3
3813317,4095,3.3
3813417,4095,3.3
3813517,4095,3.3
3813617,4095,3.3
3813717,4095,3.3
3813817,4095,3.3
3813917,4095,3.3
3814017,4095,3.3
3814117,4095,3.3
3814217,4095,3.3
3814317,4095,3.3
3814417,4095,3.3
3814517,4095,3.3
3814617,4095,3.3
3814717,4095,3.3
3814817,4095,3.3
3814917,4095,3.3
3815017,4095,3.3
3815117,4095,3.3
3815217,4095,3.3
3815317,4095,3.3
3815417,4095,3.3
3815517,4095,3.3
3815617,4095,3.3
3815717,4095,3.3
3815817,4095,3.3
3815917,4095,3.3
3816017,4095,3.3
3816117,4095,3.3
3816217,4095,3.3
3816317,4095,3.3
3816417,4095,3.3
3816517,4095,3.3
3816617,4095,3.3
3816717,4095,3.3
3816817,4095,3.3
3816917,4095,3.3
3817017,4095,3.3
3817117,4095,3.3
3817217,4095,3.3
3817317,4095,3.3
3817417,4095,3.3
3817517,4095,3.3
3817617,4095,3.3
3817717,4095,3.3
3817817,4095,3.3
3817917,4095,3.3
3818017,4095,3.3
3818117,4095,3.3
3818217,4095,3.3
3818317,4095,3.3
3818417,4095,3.3
3818517,4095,3.3
3818617,4095,3.3
3818717,4095,3.3
3818817,4095,3.3
3818917,4095,3.3
3819017,4095,3.3
3819117,4095,3.3
3819217,4095,3.3
3819317,4095,3.3
3819417,4095,3.3
3819517,4095,3.3
3819617,4095,3.3
3819717,4095,3.3
3819817,4095,3.3
3819917,4095,3.3
3820017,4095,3.3
3820117,4095,3.3
3820217,4095,3.3
3820317,4095,3.3
3820417,4095,3.3
3820517,4095,3.3
3820617,4095,3.3
3820717,4095,3.3
3820817,4095,3.3
3820917,4095,3.3
3821017,4095,3.3
3821117,4095,3.3
3821217,4095,3.3
3821317,4095,3.3
3821417,4095,3.3
3821517,4095,3.3
3821617,4095,3.3
3821717,4095,3.3
3821817,4095,3.3
3821917,4095,3.3
3822017,4095,3.3
3822117,4095,3.3
3822217,4095,3.3
3822317,4095,3.3
3822417,4095,3.3
3822517,4095,3.3
3822617,4095,3.3
3822717,4095,3.3
3822817,4095,3.3
3822917,4095,3.3
3823017,4095,3.3
3823117,4095,3.3
3823217,4095,3.3
3823317,4095,3.3
3823417,4095,3.3
3823517,4095,3.3
3823617,4095,3.3
3823717,4095,3.3
3823817,4095,3.3
3823917,4095,3.3
3824017,4095,3.3
3824117,4095,3.3
3824217,4095,3.3
3824317,4095,3.3
3824417,4095,3.3
3824517,4095,3.3
3824617,4095,3.3
3824717,4095,3.3
3824817,4095,3.3
3824917,4095,3.3
3825017,4095,3.3
3825117,4095,3.3
3825217,4095,3.3
3825317,4095,3.3
3825417,4095,3.3
3825517,4095,3.3
3825617,4095,3.3
3825717,4095,3.3
3825817,4095,3.3
3825917,4095,3.3
3826017,4095,3.3
3826117,4095,3.3
3826217,4095,3.3
3826317,4095,3.3
3826417,4095,3.3
3826517,4095,3.3
3826617,4095,3.3
3826717,4095,3.3
3826817,4095,3.3
3826917,4095,3.3
3827017,4095,3.3
3827117,4095,3.3
3827217,4095,3.3
3827317,4095,3.3
3827417,4095,3.3
3827517,4095,3.3
3827617,4095,3.3
3827717,4095,3.3
3827817,4095,3.3
3827917,4095,3.3
3828017,4095,3.3
3828117,4095,3.3
3828217,4095,3.3
3828317,4095,3.3
3828417,4095,3.3
3828517,4095,3.3
3828617,4095,3.3
3828717,4095,3.3
3828817,4095,3.3
3828917,4095,3.3
3829017,4095,3.3
3829117,4095,3.3
3829217,4095,3.3
3829317,4095,3.3
3829417,4095,3.3
3829517,4095,3.3
3829617,4095,3.3
3829717,4095,3.3
3829817,4095,3.3
3829917,4095,3.3
3830017,4095,3.3
3830117,4095,3.3
3830217,4095,3.3
3830317,4095,3.3
3830417,4095,3.3
3830517,4095,3.3
3830617,4095,3.3
3830717,4095,3.3
3830817,4095,3.3
3830917,4095,3.3
3831017,4095,3.3
3831117,4095,3.3
3831217,4095,3.3
3831317,4095,3.3
3831417,4095,3.3
3831517,4095,3.3
3831617,4095,3.3
3831717,4095,3.3
3831817,4095,3.3
3831917,4095,3.3
3832017,4095,3.3
3832117,4095,3.3
3832217,4095,3.3
3832317,4095,3.3
3832417,4095,3.3
3832517,4095,3.3
3832617,4095,3.3
3832717,4095,3.3
3832817,4095,3.3
3832917,4095,3.3
3833017,4095,3.3
3833117,4095,3.3
3833217,4095,3.3
3833317,4095,3.3
3833417,4095,3.3
3833517,4095,3.3
3833617,3300,2.66
3833717,2222,1.79
3833817,2007,1.62
3833917,2004,1.61
3834017,1931,1.56
3834117,1118,0.9
3834217,272,0.22
3834317,0,0.0
3834417,0,0.0
3834517,0,0.0
3834617,0,0.0
3834717,0,0.0
3834817,0,0.0
3834917,0,0.0
3835017,0,0.0
3835117,0,0.0
3835217,0,0.0
3835317,0,0.0
3835417,0,0.0
3835517,0,0.0
3835617,0,0.0
3835717,0,0.0
3835817,0,0.0
3835917,0,0.0
3836017,0,0.0
3836117,0,0.0
3836217,0,0.0
3836317,0,0.0
3836417,0,0.0
3836517,0,0.0
3836617,0,0.0
3836717,0,0.0
3836817,0,0.0
3836917,0,0.0
3837017,0,0.0
3837117,0,0.0
3837217,0,0.0
3837317,0,0.0
3837417,0,0.0
3837517,0,0.0
3837617,0,0.0
3837717,0,0.0
3837817,0,0.0
3837917,0,0.0
3838017,0,0.0
3838117,0,0.0
3838217,0,0.0
3838317,0,0.0
3838417,0,0.0
3838517,0,0.0
3838617,0,0.0
3838717,0,0.0
3838817,0,0.0
3838917,0,0.0
3839017,0,0.0
3839117,0,0.0
3839217,0,0.0
3839317,0,0.0
3839417,0,0.0
3839517,0,0.0
3839617,0,0.0
3839717,0,0.0
3839817,0,0.0
3839917,0,0.0
3840017,0,0.0
3840117,0,0.0
3840217,0,0.0
3840317,0,0.0
3840417,0,0.0
3840517,0,0.0
3840617,0,0.0
3840717,0,0.0
3840817,0,0.0
3840917,0,0.0
3841017,0,0.0
3841117,0,0.0
3841217,0,0.0
3841317,0,0.0
3841417,0,0.0
3841517,0,0.0
3841617,0,0.0
3841717,0,0.0
3841817,0,0.0
3841917,0,0.0
3842017,0,0.0
3842117,0,0.0
3842217,0,0.0
3842317,0,0.0
3842417,0,0.0
3842517,0,0.0
3842617,0,0.0
3842717,0,0.0
3842817,0,0.0
3842917,0,0.0
3843017,0,0.0
3843117,0,0.0
3843217,0,0.0
3843317,0,0.0
3843417,0,0.0
3843517,0,0.0
3843617,0,0.0
3843717,0,0.0
3843817,0,0.0
3843917,0,0.0
3844017,0,0.0
3844117,0,0.0
3844217,0,0.0
3844317,0,0.0
3844417,0,0.0
3844517,0,0.0
3844617,0,0.0
3844717,0,0.0
3844817,0,0.0
3844917,0,0.0
3845017,0,0.0
3845117,0,0.0
3845217,0,0.0
3845317,0,0.0
3845417,0,0.0
3845517,0,0.0
3845617,0,0.0
3845717,0,0.0
3845817,0,0.0
3845917,0,0.0
3846017,0,0.0
3846117,0,0.0
3846217,0,0.0
3846317,0,0.0
3846417,0,0.0
3846517,0,0.0
3846617,0,0.0
3846717,0,0.0
3846817,0,0.0
3846917,0,0.0
3847017,0,0.0
3847117,0,0.0
3847217,0,0.0
3847317,0,0.0
3847417,0,0.0
3847517,0,0.0
3847617,0,0.0
3847717,0,0.0
3847817,0,0.0
3847917,0,0.0
3848017,0,0.0
3848117,0,0.0
3848217,0,0.0
3848317,0,0.0
3848417,0,0.0
3848517,0,0.0
3848617,0,0.0
4300417,0,0.0
4300517,0,0.0
4300617,0,0.0
4300717,0,0.0
4300817,0,0.0
4300917,0,0.0
4301017,0,0.0
4301117,0,0.0
4301217,0,0.0
4301317,0,0.0
4301417,0,0.0
4301517,0,0.0
4301617,0,0.0
4301717,0,0.0
4301817,0,0.0
4301917,0,0.0
4302017,0,0.0
4302117,0,0.0
4302217,0,0.0
4302317,0,0.0
4302417,0,0.0
4302517,0,0.0
4302617,0,0.0
4302717,0,0.0
4302817,0,0.0
4302917,0,0.0
4303017,0,0.0
4303117,0,0.0
4303217,0,0.0
4303317,0,0.0
4303417,0,0.0
4303517,0,0.0
4303617,0,0.0
4303717,0,0.0
4303817,0,0.0
4303917,0,0.0
4304017,0,0.0
4304117,0,0.0
4304217,0,0.0
4304317,0,0.0
4304417,0,0.0
4304517,0,0.0
4304617,0,0.0
4304717,0,0.0
4304817,0,0.0
4304917,0,0.0
4305017,164,0.13
4305117,430,0.35
4305217,720,0.58
4305317,962,0.78
4305417,1152,0.93
4305517,1375,1.11
4305617,1453,1.17
4305717,1424,1.15
4305817,1454,1.17
4305917,1465,1.18
4306017,1648,1.33
4306117,1865,1.5
4306217,2096,1.69
4306317,2317,1.87
4306417,2455,1.98
4306517,2622,2.11
4306617,2783,2.24
4306717,2866,2.31
4306817,2880,2.32
4306917,2877,2.32
4307017,2866,2.31
4307117,2858,2.3
4307217,2864,2.31
4307317,2976,2.4
4307417,3111,2.51
4307517,3344,2.69
4307617,3665,2.95
4307717,3962,3.19
4307817,4095,3.3
4307917,4095,3.3
4308017,4095,3.3
4308117,4095,3.3
4308217,4095,3.3
4308317,4095,3.3
4308417,4095,3.3
4308517,4095,3.3
4308617,4095,3.3
4308717,4095,3.3
4308817,4095,3.3
4308917,4095,3.3
4309017,4095,3.3
4309117,4095,3.3
4309217,4095,3.3
4309317,4095,3.3
4309417,4095,3.3
4309517,4095,3.3
4309617,4095,3.3
4309717,4095,3.3
4309817,4095,3.3
4309917,4095,3.3
4310017,4095,3.3
4310117,4095,3.3
4310217,4095,3.3
4310317,4095,3.3
4310417,4095,3.3
4310517,4095,3.3
4310617,4095,3.3
4310717,4095,3.3
4310817,4095,3.3
4310917,4095,3.3
4311017,4095,3.3
4311117,4095,3.3
4311217,4095,3.3
4311317,4095,3.3
4311417,4095,3.3
4311517,4095,3.3
4311617,4095,3.3
4311717,4095,3.3
4311817,4095,3.3
4311917,4095,3.3
4312017,4095,3.3
4312117,4095,3.3
4312217,4095,3.3
4312317,4095,3.3
4312417,4095,3.3
4312517,4095,3.3
4312617,4095,3.3
4312717,4095,3.3
4312817,4095,3.3
4312917,4095,3.3
4313017,4095,3.3
4313117,4095,3.3
4313217,4095,3.3
4313317,4095,3.3
4313417,4095,3.3
4313517,4095,3.3
4313617,4095,3.3
4313717,4095,3.3
4313817,4095,3.3
4313917,4095,3.3
4314017,4095,3.3
4314117,4095,3.3
4314217,4095,3.3
4314317,4095,3.3
4314417,4095,3.3
4314517,4095,3.3
4314617,4095,3.3
4314717,4095,3.3
4314817,4095,3.3
4314917,4095,3.3
4315017,4095,3.3
4315117,4095,3.3
4315217,4095,3.3
4315317,4095,3.3
4315417,4095,3.3
4315517,4095,3.3
4315617,4095,3.3
4315717,4095,3.3
4315817,4095,3.3
4315917,4095,3.3
4316017,4095,3.3
4316117,4095,3.3
4316217,4095,3.3
4316317,4095,3.3
4316417,4095,3.3
4316517,4095,3.3
4316617,4095,3.3
4316717,4095,3.3
4316817,4095,3.3
4316917,4095,3.3
4317017,4095,3.3
4317117,4095,3.3
4317217,4095,3.3
4317317,4095,3.3
4317417,4095,3.3
4317517,4095,3.3
4317617,4095,3.3
4317717,4095,3.3
4317817,4095,3.3
4317917,4095,3.3
4318017,4095,3.3
4318117,4095,3.3
4318217,4095,3.3
4318317,4095,3.3
4318417,4095,3.3
4318517,4095,3.3
4318617,4095,3.3
4318717,4095,3.3
4318817,4095,3.3
4318917,4095,3.3
4319017,4095,3.3
4319117,4095,3.3
4319217,4095,3.3
4319317,4095,3.3
4319417,4095,3.3
4319517,4095,3.3
4319617,4095,3.3
4319717,4095,3.3
4319817,4095,3.3
4319917,4095,3.3
4320017,4095,3.3
4320117,4095,3.3
4320217,4095,3.3
4320317,4095,3.3
4320417,4095,3.3
4320517,4095,3.3
4320617,4095,3.3
4320717,4095,3.3
4320817,4095,3.3
4320917,4095,3.3
4321017,4095,3.3
4321117,4095,3.3
4321217,4095,3.3
4321317,4095,3.3
4321417,4095,3.3
4321517,4095,3.3
4321617,4095,3.3
4321717,4095,3.3
4321817,4095,3.3
4321917,4095,3.3
4322017,4095,3.3
4322117,4095,3.3
4322217,4095,3.3
4322317,4095,3.3
4322417,4095,3.3
4322517,4095,3.3
4322617,4095,3.3
4322717,4095,3.3
4322817,4095,3.3
4322917,4095,3.3
4323017,4095,3.3
4323117,4095,3.3
4323217,4095,3.3
4323317,4095,3.3
4323417,4095,3.3
4323517,4095,3.3
4323617,4095,3.3
4323717,4095,3.3
4323817,4095,3.3
4323917,4095,3.3
4324017,4095,3.3
4324117,4095,3.3
4324217,4095,3.3
4324317,4095,3.3
4324417,4095,3.3
4324517,4095,3.3
4324617,4095,3.3
4324717,4095,3.3
4324817,4095,3.3
4324917,4095,3.3
4325017,4095,3.3
4325117,4095,3.3
4325217,4095,3.3
4325317,4095,3.3
4325417,4095,3.3
4325517,4095,3.3
4325617,4095,3.3
4325717,4095,3.3
4325817,4095,3.3
4325917,4095,3.3
4326017,4095,3.3
4326117,4095,3.3
4326217,4095,3.3
4326317,4095,3.3
4326417,4095,3.3
4326517,4095,3.3
4326617,4095,3.3
4326717,4095,3.3
4326817,4095,3.3
4326917,4095,3.3
4327017,4095,3.3
4327117,4095,3.3
4327217,4095,3.3
4327317,4095,3.3
4327417,4095,3.3
4327517,4095,3.3
4327617,4095,3.3
4327717,4095,3.3
4327817,4095,3.3
4327917,4095,3.3
4328017,4095,3.3
4328117,4095,3.3
4328217,4095,3.3
4328317,4095,3.3
4328417,4095,3.3
4328517,4095,3.3
4328617,4095,3.3
4328717,4095,3.3
4328817,3505,2.82
4328917,2906,2.34
4329017,2480,2.0
4329117,2426,1.96
4329217,2432,1.96
4329317,2427,1.96
4329417,2437,1.96
4329517,2439,1.97
4329617,2433,1.96
4329717,2430,1.96
4329817,2430,1.96
4329917,2433,1.96
4330017,2431,1.96
4330117,2434,1.96
4330217,2429,1.96
4330317,2431,1.96
4330417,2433,1.96
4330517,2435,1.96
4330617,2432,1.96
4330717,2432,1.96
4330817,2431,1.96
4330917,2420,1.95
4331017,2444,1.97
4331117,2435,1.96
4331217,2432,1.96
4331317,2431,1.96
4331417,2421,1.95
4331517,2432,1.96
4331617,2426,1.96
4331717,2416,1.95
4331817,2438,1.96
4331917,2440,1.97
4332017,2431,1.96
4332117,2435,1.96
4332217,2433,1.96
4332317,2433,1.96
4332417,2416,1.95
4332517,2435,1.96
4332617,2416,1.95
4332717,2432,1.96
4332817,2432,1.96
4332917,2432,1.96
4333017,2432,1.96
4333117,2428,1.96
4333217,2432,1.96
4333317,2430,1.96
4333417,2433,1.96
4333517,2416,1.95
4333617,2431,1.96
4333717,2432,1.96
4333817,2431,1.96
4333917,2433,1.96
4334017,2431,1.96
4334117,2432,1.96
4334217,2423,1.95
4334317,2430,1.96
4334417,2432,1.96
4334517,2432,1.96
4334617,2434,1.96
4334717,2434,1.96
4334817,2433,1.96
4334917,2445,1.97
4335017,2435,1.96
4335117,2422,1.95
4335217,2435,1.96
4335317,2434,1.96
4335417,2430,1.96
4335517,2433,1.96
4335617,2432,1.96
4335717,2415,1.95
4335817,2434,1.96
4335917,2432,1.96
4336017,2434,1.96
4336117,2437,1.96
4336217,2435,1.96
4336317,2434,1.96
4336417,2435,1.96
4336517,2430,1.96
4336617,2432,1.96
4336717,2428,1.96
4336817,2431,1.96
4336917,2431,1.96
4337017,2430,1.96
4337117,2431,1.96
4337217,2432,1.96
4337317,2431,1.96
4337417,2430,1.96
4337517,2432,1.96
4337617,2415,1.95
4337717,2439,1.97
4337817,2431,1.96
4337917,2437,1.96
4338017,2432,1.96
4338117,2437,1.96
4338217,2432,1.96
4338317,2415,1.95
4338417,2437,1.96
4338517,2426,1.96
4338617,2423,1.95
4338717,2430,1.96
4338817,2415,1.95
4338917,2414,1.95
4339017,2431,1.96
4339117,2445,1.97
4339217,2432,1.96
4339317,2448,1.97
4339417,2433,1.96
4339517,2443,1.97
4339617,2444,1.97
4339717,2430,1.96
4339817,2431,1.96
4339917,2445,1.97
4340017,2432,1.96
4340117,2432,1.96
4340217,2430,1.96
4340317,2434,1.96
4340417,2441,1.97
4340517,2433,1.96
4340617,2437,1.96
4340717,2433,1.96
4340817,2447,1.97
4340917,2431,1.96
4341017,2434,1.96
4341117,2421,1.95
4341217,2435,1.96
4341317,2420,1.95
4341417,2436,1.96
4341517,2434,1.96
4341617,2416,1.95
4341717,2436,1.96
4341817,2443,1.97
4341917,2432,1.96
4342017,2445,1.97
4342117,2432,1.96
4342217,2304,1.86
4342317,1918,1.55
4342417,1200,0.97
4342517,567,0.46
4342617,280,0.23
4342717,261,0.21
4342817,256,0.21
4342917,272,0.22
4343017,112,0.09
4343117,0,0.0
4343217,0,0.0
4343317,0,0.0
4343417,0,0.0
4343517,0,0.0
4343617,0,0.0
4343717,0,0.0
4343817,0,0.0
4343917,0,0.0
4344017,0,0.0
4344117,0,0.0
4344217,0,0.0
4344317,0,0.0
4344417,0,0.0
4344517,0,0.0
4344617,0,0.0
4344717,0,0.0
4344817,0,0.0
4344917,0,0.0
4345017,0,0.0
4345117,0,0.0
4345217,0,0.0
4345317,0,0.0
4345417,0,0.0
4345517,0,0.0
4345617,0,0.0
4345717,0,0.0
4345817,0,0.0
4345917,0,0.0
4346017,0,0.0
4346117,0,0.0
4346217,0,0.0
4346317,0,0.0
4346417,0,0.0
4346517,0,0.0
4346617,0,0.0
4346717,0,0.0
4346817,0,0.0
4346917,0,0.0
4347017,0,0.0
4347117,0,0.0
4347217,0,0.0
4347317,0,0.0
4347417,0,0.0
4347517,0,0.0
4347617,0,0.0
4347717,0,0.0
4347817,0,0.0
4347917,0,0.0
4348017,0,0.0
4348117,0,0.0
4348217,0,0.0
4348317,0,0.0
4348417,0,0.0
4348517,0,0.0
4348617,0,0.0
4348717,0,0.0
4348817,0,0.0
4348917,0,0.0
4349017,0,0.0
4349117,0,0.0
4349217,0,0.0
4349317,0,0.0
4349417,0,0.0
4349517,0,0.0
4349617,0,0.0
4349717,0,0.0
4349817,0,0.0
4349917,0,0.0
4350017,0,0.0
4350117,0,0.0
4350217,0,0.0
4350317,0,0.0
4350417,0,0.0
4350517,0,0.0
4350617,0,0.0
4350717,0,0.0
4350817,0,0.0
4350917,0,0.0
4351017,0,0.0
4351117,0,0.0
4351217,0,0.0
4351317,0,0.0
4351417,0,0.0
4351517,0,0.0
4351617,0,0.0
4351717,0,0.0
4351817,0,0.0
4351917,0,0.0
4352017,0,0.0
4352117,0,0.0
4352217,0,0.0
4352317,0,0.0
4352417,0,0.0
4352517,0,0.0
4352617,0,0.0
4352717,0,0.0
4352817,0,0.0
4352917,0,0.0
4353017,0,0.0
4353117,0,0.0
4353217,0,0.0
4353317,0,0.0
4353417,0,0.0
4353517,0,0.0
4353617,0,0.0
4353717,0,0.0
4353817,0,0.0
4353917,0,0.0
4354017,0,0.0
4354117,0,0.0
4354217,0,0.0
4354317,0,0.0
4354417,0,0.0
4354517,0,0.0
4354617,0,0.0
4354717,0,0.0
4354817,0,0.0
4354917,0,0.0
4355017,0,0.0
4355117,0,0.0
4355217,0,0.0
4355317,0,0.0
4355417,0,0.0
4355517,0,0.0
4355617,0,0.0
4355717,0,0.0
4355817,0,0.0
4355917,0,0.0
4356017,0,0.0
4356117,0,0.0
4356217,0,0.0
4356317,0,0.0
4356417,0,0.0
4356517,0,0.0
4356617,0,0.0
4356717,0,0.0
4356817,0,0.0
4356917,0,0.0
4357017,0,0.0
4357117,0,0.0
4357217,0,0.0
4357317,0,0.0
4357417,0,0.0
4357517,0,0.0
4357617,0,0.0
4357717,0,0.0
4357817,0,0.0
4357917,0,0.0
4358017,0,0.0
4358117,0,0.0
4358217,0,0.0
4358317,42,0.03
4358417,224,0.18
4358517,275,0.22
4358617,288,0.23
4358717,273,0.22
4358817,273,0.22
4358917,285,0.23
4359017,277,0.22
4359117,303,0.24
4359217,310,0.25
4359317,389,0.31
4359417,440,0.35
4359517,528,0.43
4359617,572,0.46
4359717,576,0.46
4359817,571,0.46
4359917,568,0.46
4360017,576,0.46
4360117,560,0.45
4360217,560,0.45
4360317,561,0.45
4360417,548,0.44
4360517,560,0.45
4360617,573,0.46
4360717,561,0.45
4360817,560,0.45
4360917,560,0.45
4361017,563,0.45
4361117,569,0.46
4361217,559,0.45
4361317,552,0.44
4361417,560,0.45
4361517,560,0.45
4361617,572,0.46
4361717,560,0.45
4361817,561,0.45
4361917,559,0.45
4362017,560,0.45
4362117,560,0.45
4362217,562,0.45
4362317,560,0.45
4362417,573,0.46
4362517,551,0.44
4362617,561,0.45
4362717,560,0.45
4362817,560,0.45
4362917,560,0.45
4363017,560,0.45
4363117,560,0.45
4363217,566,0.46
4363317,569,0.46
4363417,560,0.45
4363517,560,0.45
4363617,562,0.45
4363717,560,0.45
4363817,560,0.45
4363917,550,0.44
4364017,543,0.44
4364117,545,0.44
4364217,543,0.44
4364317,560,0.45
4364417,561,0.45
4364517,560,0.45
4364617,562,0.45
4364717,561,0.45
4364817,559,0.45
4364917,560,0.45
4365017,570,0.46
4365117,558,0.45
4365217,560,0.45
4365317,569,0.46
4365417,563,0.45
4365517,548,0.44
4365617,558,0.45
4365717,571,0.46
4365817,562,0.45
4365917,559,0.45
4366017,562,0.45
4366117,560,0.45
4366217,550,0.44
4366317,560,0.45
4366417,560,0.45
4366517,570,0.46
4366617,560,0.45
4366717,555,0.45
4366817,560,0.45
4366917,544,0.44
4367017,553,0.45
4367117,562,0.45
4367217,569,0.46
4367317,574,0.46
4367417,562,0.45
4367517,557,0.45
4367617,559,0.45
4367717,549,0.44
4367817,548,0.44
4367917,562,0.45
4368017,557,0.45
4368117,570,0.46
4368217,562,0.45
4368317,564,0.45
4368417,562,0.45
4368517,572,0.46
4368617,541,0.44
4368717,560,0.45
4368817,560,0.45
4368917,545,0.44
4369017,560,0.45
4369117,548,0.44
4369217,562,0.45
4369317,562,0.45
4369417,560,0.45
4369517,558,0.45
4369617,558,0.45
4369717,562,0.45
4369817,558,0.45
4369917,560,0.45
4370017,560,0.45
4370117,569,0.46
4370217,561,0.45
4370317,560,0.45
4370417,564,0.45
4370517,570,0.46
4370617,562,0.45
4370717,548,0.44
4370817,562,0.45
4370917,557,0.45
4371017,567,0.46
4371117,559,0.45
4371217,548,0.44
4371317,570,0.46
4371417,544,0.44
4371517,560,0.45
4371617,562,0.45
4371717,561,0.45
4371817,558,0.45
4371917,566,0.46
4372017,560,0.45
4372117,571,0.46
4372217,569,0.46
4372317,560,0.45
4372417,561,0.45
4372517,567,0.46
4372617,549,0.44
4372717,562,0.45
4372817,560,0.45
4372917,569,0.46
4373017,560,0.45
4373117,562,0.45
4373217,560,0.45
4373317,569,0.46
4373417,572,0.46
4373517,565,0.46
4373617,562,0.45
4373717,570,0.46
4373817,574,0.46
4373917,562,0.45
4374017,555,0.45
4374117,559,0.45
4374217,562,0.45
4374317,560,0.45
4374417,560,0.45
4374517,560,0.45
4374617,559,0.45
4374717,566,0.46
4374817,552,0.44
4374917,560,0.45
4375017,560,0.45
4375117,572,0.46
4375217,562,0.45
4375317,561,0.45
4375417,563,0.45
4375517,560,0.45
4375617,565,0.46
4375717,562,0.45
4375817,560,0.45
4375917,566,0.46
4376017,562,0.45
4376117,562,0.45
4376217,560,0.45
4376317,570,0.46
4376417,571,0.46
4376517,556,0.45
4376617,560,0.45
4376717,562,0.45
4376817,560,0.45
4376917,560,0.45
4377017,563,0.45
4377117,559,0.45
4377217,573,0.46
4377317,560,0.45
4377417,570,0.46
4377517,560,0.45
4377617,573,0.46
4377717,562,0.45
4377817,573,0.46
4377917,569,0.46
4378017,544,0.44
4378117,559,0.45
4378217,562,0.45
4378317,562,0.45
4378417,562,0.45
4378517,549,0.44
4378617,562,0.45
4378717,548,0.44
4378817,564,0.45
4378917,560,0.45
4379017,561,0.45
4379117,572,0.46
4379217,557,0.45
4379317,562,0.45
4379417,559,0.45
4379517,562,0.45
4379617,560,0.45
4379717,562,0.45
4379817,561,0.45
4379917,562,0.45
4380017,560,0.45
4380117,579,0.47
4380217,569,0.46
4380317,573,0.46
4380417,562,0.45
4380517,560,0.45
4380617,560,0.45
4380717,560,0.45
4380817,556,0.45
4380917,562,0.45
4381017,566,0.46
4381117,552,0.44
4381217,564,0.45
4381317,566,0.46
4381417,572,0.46
4381517,562,0.45
4381617,560,0.45
4381717,562,0.45
4381817,560,0.45
4381917,561,0.45
4382017,558,0.45
4382117,571,0.46
4382217,560,0.45
4382317,548,0.44
4382417,572,0.46
4382517,549,0.44
4382617,571,0.46
4382717,560,0.45
4382817,562,0.45
4382917,566,0.46
4383017,566,0.46
4383117,561,0.45
4383217,575,0.46
4383317,561,0.45
4383417,562,0.45
4383517,564,0.45
4383617,560,0.45
4383717,560,0.45
4383817,561,0.45
4383917,543,0.44
4384017,545,0.44
4384117,557,0.45
4384217,560,0.45
4384317,562,0.45
4384417,562,0.45
4384517,561,0.45
4384617,548,0.44
4384717,569,0.46
4384817,562,0.45
4384917,556,0.45
4385017,560,0.45
4385117,562,0.45
4385217,545,0.44
4385317,566,0.46
4385417,567,0.46
4385517,560,0.45
4385617,560,0.45
4385717,572,0.46
4385817,562,0.45
4385917,573,0.46
4386017,566,0.46
4386117,560,0.45
4386217,570,0.46
4386317,559,0.45
4386417,562,0.45
4386517,558,0.45
4386617,562,0.45
4386717,562,0.45
4386817,560,0.45
4386917,560,0.45
4387017,573,0.46
4387117,556,0.45
4387217,562,0.45
4387317,560,0.45
4387417,567,0.46
4387517,558,0.45
4387617,562,0.45
4387717,560,0.45
4387817,550,0.44
4387917,560,0.45
4388017,572,0.46
4388117,560,0.45
4388217,572,0.46
4388317,563,0.45
4388417,561,0.45
4388517,562,0.45
4388617,560,0.45
4388717,548,0.44
4388817,561,0.45
4388917,569,0.46
4389017,563,0.45
4389117,560,0.45
4389217,560,0.45
4389317,572,0.46
4389417,560,0.45
4389517,563,0.45
4389617,548,0.44
4389717,569,0.46
4389817,570,0.46
4389917,562,0.45
4390017,573,0.46
4390117,561,0.45
4390217,570,0.46
4390317,574,0.46
4390417,562,0.45
4390517,561,0.45
4390617,561,0.45
4390717,558,0.45
4390817,562,0.45
4390917,577,0.46
4391017,560,0.45
4391117,571,0.46
4391217,573,0.46
4391317,573,0.46
4391417,558,0.45
4391517,561,0.45
4391617,562,0.45
4391717,570,0.46
4391817,559,0.45
4391917,574,0.46
4392017,558,0.45
4392117,560,0.45
4392217,558,0.45
4392317,548,0.44
4392417,558,0.45
4392517,558,0.45
4392617,560,0.45
4392717,570,0.46
4392817,562,0.45
4392917,569,0.46
4393017,560,0.45
4393117,570,0.46
4393217,562,0.45
4393317,562,0.45
4393417,562,0.45
4393517,561,0.45
4393617,556,0.45
4393717,562,0.45
4393817,568,0.46
4393917,562,0.45
4394017,560,0.45
4394117,571,0.46
4394217,571,0.46
4394317,562,0.45
4394417,572,0.46
4394517,543,0.44
4394617,562,0.45
4394717,562,0.45
4394817,562,0.45
4394917,570,0.46
4395017,575,0.46
4395117,562,0.45
4395217,559,0.45
4395317,548,0.44
4395417,563,0.45
4395517,558,0.45
4395617,565,0.46
4395717,565,0.46
4395817,562,0.45
4395917,560,0.45
4396017,571,0.46
4396117,557,0.45
4396217,560,0.45
4396317,565,0.46
4396417,564,0.45
4396517,560,0.45
4396617,562,0.45
4396717,562,0.45
4396817,545,0.44
4396917,574,0.46
4397017,562,0.45
4397117,545,0.44
4397217,569,0.46
4397317,560,0.45
4397417,560,0.45
4397517,560,0.45
4397617,562,0.45
4397717,572,0.46
4397817,560,0.45
4397917,566,0.46
4398017,560,0.45
4398117,562,0.45
4398217,562,0.45
4398317,545,0.44
4398417,562,0.45
4398517,573,0.46
4398617,562,0.45
4398717,560,0.45
4398817,574,0.46
4398917,549,0.44
4399017,570,0.46
4399117,561,0.45
4399217,562,0.45
4399317,544,0.44
4399417,562,0.45
4399517,560,0.45
4399617,572,0.46
4399717,560,0.45
4399817,573,0.46
4399917,570,0.46
4400017,569,0.46
4400117,560,0.45
4400217,560,0.45
4400317,558,0.45
4400417,562,0.45
4400517,548,0.44
4400617,560,0.45
4400717,559,0.45
4400817,573,0.46
4400917,566,0.46
4401017,556,0.45
4401117,560,0.45
4401217,560,0.45
4401317,544,0.44
4401417,559,0.45
4401517,560,0.45
4401617,557,0.45
4401717,560,0.45
4401817,562,0.45
4401917,562,0.45
4402017,562,0.45
4402117,565,0.46
4402217,560,0.45
4402317,564,0.45
4402417,559,0.45
4402517,562,0.45
4402617,566,0.46
4402717,567,0.46
4402817,560,0.45
4402917,560,0.45
4403017,559,0.45
4403117,558,0.45
4403217,560,0.45
4403317,573,0.46
4403417,562,0.45
4403517,562,0.45
4403617,559,0.45
4403717,560,0.45
4403817,566,0.46
4403917,563,0.45
4404017,561,0.45
4404117,545,0.44
4404217,573,0.46
4404317,574,0.46
4404417,560,0.45
4404517,566,0.46
4404617,567,0.46
4404717,562,0.45
4404817,560,0.45
4404917,573,0.46
4405017,562,0.45
4405117,563,0.45
4405217,562,0.45
4405317,562,0.45
4405417,560,0.45
4405517,548,0.44
4405617,560,0.45
4405717,560,0.45
4405817,562,0.45
4405917,560,0.45
4406017,562,0.45
4406117,562,0.45
4406217,560,0.45
4406317,561,0.45
4406417,549,0.44
4406517,560,0.45
4406617,549,0.44
4406717,563,0.45
4406817,562,0.45
4406917,560,0.45
4407017,564,0.45
4407117,556,0.45
4407217,560,0.45
4407317,562,0.45
4407417,562,0.45
4407517,563,0.45
4407617,560,0.45
4407717,562,0.45
4407817,559,0.45
4407917,567,0.46
4408017,560,0.45
4408117,562,0.45
4408217,573,0.46
4408317,562,0.45
4408417,562,0.45
4408517,560,0.45
4408617,575,0.46
4408717,574,0.46
4408817,569,0.46
4408917,562,0.45
4409017,562,0.45
4409117,560,0.45
4409217,562,0.45
4409317,560,0.45
4409417,568,0.46
4409517,562,0.45
4409617,548,0.44
4409717,562,0.45
4409817,548,0.44
4409917,552,0.44
4410017,563,0.45
4410117,562,0.45
4410217,570,0.46
4410317,562,0.45
4410417,576,0.46
4410517,563,0.45
4410617,572,0.46
4410717,562,0.45
4410817,548,0.44
4410917,565,0.46
4411017,574,0.46
4411117,561,0.45
4411217,562,0.45
4411317,561,0.45
4411417,561,0.45
4411517,574,0.46
4411617,560,0.45
4411717,548,0.44
4411817,560,0.45
4411917,560,0.45
4412017,562,0.45
4412117,544,0.44
4412217,560,0.45
4412317,556,0.45
4412417,549,0.44
4412517,566,0.46
4412617,560,0.45
4412717,562,0.45
4412817,571,0.46
4412917,562,0.45
4413017,552,0.44
4413117,560,0.45
4413217,560,0.45
4413317,566,0.46
4413417,563,0.45
4413517,560,0.45
4413617,558,0.45
4413717,562,0.45
4413817,560,0.45
4413917,565,0.46
4414017,560,0.45
4414117,566,0.46
4414217,574,0.46
4414317,562,0.45
4414417,560,0.45
4414517,562,0.45
4414617,569,0.46
4414717,560,0.45
4414817,560,0.45
4414917,573,0.46
4415017,558,0.45
4415117,558,0.45
4415217,562,0.45
4415317,562,0.45
4415417,560,0.45
4415517,551,0.44
4415617,569,0.46
4415717,569,0.46
4415817,559,0.45
4415917,562,0.45
4416017,562,0.45
4416117,561,0.45
4416217,560,0.45
4416317,560,0.45
4416417,566,0.46
4416517,566,0.46
4416617,562,0.45
4416717,560,0.45
4416817,562,0.45
4416917,564,0.45
4417017,562,0.45
4417117,553,0.45
4417217,563,0.45
4417317,545,0.44
4417417,561,0.45
4417517,570,0.46
4417617,549,0.44
4417717,557,0.45
4417817,560,0.45
4417917,559,0.45
4418017,561,0.45
4418117,562,0.45
4418217,562,0.45
4418317,570,0.46
4418417,549,0.44
4418517,562,0.45
4418617,562,0.45
4418717,560,0.45
4418817,552,0.44
4418917,560,0.45
4419017,564,0.45
4419117,565,0.46
4419217,560,0.45
4419317,558,0.45
4419417,557,0.45
4419517,543,0.44
4419617,562,0.45
4419717,567,0.46
4419817,560,0.45
4419917,562,0.45
4420017,575,0.46
4420117,560,0.45
4420217,562,0.45
4420317,560,0.45
4420417,565,0.46
4420517,560,0.45
4420617,560,0.45
4420717,562,0.45
4420817,560,0.45
4420917,562,0.45
4421017,562,0.45
4421117,558,0.45
4421217,562,0.45
4421317,559,0.45
4421417,572,0.46
4421517,566,0.46
4421617,560,0.45
4421717,562,0.45
4421817,562,0.45
4421917,562,0.45
4422017,562,0.45
4422117,549,0.44
4422217,574,0.46
4422317,560,0.45
4422417,556,0.45
4422517,557,0.45
4422617,558,0.45
4422717,560,0.45
4422817,560,0.45
4422917,560,0.45
4423017,548,0.44
4423117,560,0.45
4423217,562,0.45
4423317,564,0.45
4423417,560,0.45
4423517,570,0.46
4423617,560,0.45
4423717,562,0.45
4423817,561,0.45
4423917,544,0.44
4424017,561,0.45
4424117,564,0.45
4424217,569,0.46
4424317,567,0.46
4424417,564,0.45
4424517,562,0.45
4424617,560,0.45
4424717,569,0.46
4424817,563,0.45
4424917,548,0.44
4425017,562,0.45
4425117,556,0.45
4425217,556,0.45
4425317,560,0.45
4425417,549,0.44
4425517,562,0.45
4425617,562,0.45
4425717,561,0.45
4425817,562,0.45
4425917,560,0.45
4426017,562,0.45
4426117,559,0.45
4426217,561,0.45
4426317,562,0.45
4426417,545,0.44
4426517,561,0.45
4426617,572,0.46
4426717,562,0.45
4426817,562,0.45
4426917,553,0.45
4427017,562,0.45
4427117,563,0.45
4427217,556,0.45
4427317,562,0.45
4427417,544,0.44
4427517,560,0.45
4427617,558,0.45
4427717,557,0.45
4427817,560,0.45
4427917,570,0.46
4428017,560,0.45
4428117,573,0.46
4428217,566,0.46
4428317,573,0.46
4428417,548,0.44
4428517,562,0.45
4428617,573,0.46
4428717,552,0.44
4428817,561,0.45
4428917,560,0.45
4429017,560,0.45
4429117,562,0.45
4429217,569,0.46
4429317,560,0.45
4429417,556,0.45
4429517,571,0.46
4429617,562,0.45
4429717,561,0.45
4429817,562,0.45
4429917,562,0.45
4430017,560,0.45
4430117,548,0.44
4430217,562,0.45
4430317,560,0.45
4430417,554,0.45
4430517,556,0.45
4430617,552,0.44
4430717,573,0.46
4430817,561,0.45
4430917,558,0.45
4431017,575,0.46
4431117,560,0.45
4431217,560,0.45
4431317,560,0.45
4431417,562,0.45
4431517,567,0.46
4431617,562,0.45
4431717,560,0.45
4431817,577,0.46
4431917,560,0.45
4432017,560,0.45
4432117,572,0.46
4432217,562,0.45
4432317,560,0.45
4432417,560,0.45
4432517,559,0.45
4432617,562,0.45
4432717,560,0.45
4432817,562,0.45
4432917,571,0.46
4433017,573,0.46
4433117,572,0.46
4433217,556,0.45
4433317,560,0.45
4433417,548,0.44
4433517,569,0.46
4433617,562,0.45
4433717,562,0.45
4433817,572,0.46
4433917,560,0.45
4434017,560,0.45
4434117,561,0.45
4434217,565,0.46
4434317,575,0.46
4434417,560,0.45
4434517,573,0.46
4434617,560,0.45
4434717,562,0.45
4434817,575,0.46
4434917,559,0.45
4435017,571,0.46
4435117,560,0.45
4435217,560,0.45
4435317,562,0.45
4435417,562,0.45
4435517,562,0.45
4435617,563,0.45
4435717,572,0.46
4435817,560,0.45
4435917,573,0.46
4436017,545,0.44
4436117,565,0.46
4436217,571,0.46
4436317,559,0.45
4436417,559,0.45
4436517,552,0.44
4436617,562,0.45
4436717,558,0.45
4436817,561,0.45
4436917,560,0.45
4437017,560,0.45
4437117,562,0.45
4437217,562,0.45
4437317,562,0.45
4437417,562,0.45
4437517,573,0.46
4437617,573,0.46
4437717,560,0.45
4437817,560,0.45
4437917,560,0.45
4438017,559,0.45
4438117,565,0.46
4438217,569,0.46
4438317,565,0.46
4438417,563,0.45
4438517,548,0.44
4438617,548,0.44
4438717,561,0.45
4438817,560,0.45
4438917,560,0.45
4439017,562,0.45
4439117,560,0.45
4439217,562,0.45
4439317,560,0.45
4439417,549,0.44
4439517,560,0.45
4439617,562,0.45
4439717,558,0.45
4439817,563,0.45
4439917,563,0.45
4440017,560,0.45
4440117,564,0.45
4440217,562,0.45
4440317,564,0.45
4440417,560,0.45
4440517,553,0.45
4440617,563,0.45
4440717,562,0.45
4440817,556,0.45
4440917,563,0.45
4441017,578,0.47
4441117,563,0.45
4441217,562,0.45
4441317,561,0.45
4441417,562,0.45
4441517,574,0.46
4441617,560,0.45
4441717,561,0.45
4441817,560,0.45
4441917,559,0.45
4442017,548,0.44
4442117,562,0.45
4442217,560,0.45
4442317,562,0.45
4442417,574,0.46
4442517,573,0.46
4442617,567,0.46
4442717,564,0.45
4442817,560,0.45
4442917,560,0.45
4443017,560,0.45
4443117,560,0.45
4443217,564,0.45
4443317,563,0.45
4443417,562,0.45
4443517,545,0.44
4443617,561,0.45
4443717,556,0.45
4443817,559,0.45
4443917,563,0.45
4444017,567,0.46
4444117,560,0.45
4444217,567,0.46
4444317,543,0.44
4444417,562,0.45
4444517,562,0.45
4444617,572,0.46
4444717,562,0.45
4444817,560,0.45
4444917,563,0.45
4445017,562,0.45
4445117,569,0.46
4445217,562,0.45
4445317,562,0.45
4445417,560,0.45
4445517,562,0.45
4445617,559,0.45
4445717,566,0.46
4445817,560,0.45
4445917,562,0.45
4446017,562,0.45
4446117,562,0.45
4446217,559,0.45
4446317,574,0.46
4446417,566,0.46
4446517,560,0.45
4446617,562,0.45
4446717,560,0.45
4446817,562,0.45
4446917,571,0.46
4447017,556,0.45
4447117,566,0.46
4447217,562,0.45
4447317,561,0.45
4447417,568,0.46
4447517,562,0.45
4447617,556,0.45
4447717,571,0.46
4447817,572,0.46
4447917,562,0.45
4448017,543,0.44
4448117,562,0.45
4448217,565,0.46
4448317,560,0.45
4448417,558,0.45
4448517,562,0.45
4448617,560,0.45
4448717,560,0.45
4448817,560,0.45
4448917,562,0.45
4449017,562,0.45
4449117,562,0.45
4449217,560,0.45
4449317,560,0.45
4449417,575,0.46
4449517,548,0.44
4449617,565,0.46
4449717,573,0.46
4449817,567,0.46
4449917,562,0.45
4450017,563,0.45
4450117,573,0.46
4450217,560,0.45
4450317,562,0.45
4450417,563,0.45
4450517,573,0.46
4450617,562,0.45
4450717,562,0.45
4450817,560,0.45
4450917,543,0.44
4451017,560,0.45
4451117,573,0.46
4451217,560,0.45
4451317,560,0.45
4451417,565,0.46
4451517,562,0.45
4451617,552,0.44
4451717,560,0.45
4451817,576,0.46
4451917,569,0.46
4452017,562,0.45
4452117,560,0.45
4452217,562,0.45
4452317,548,0.44
4452417,562,0.45
4452517,560,0.45
4452617,562,0.45
4452717,562,0.45
4452817,563,0.45
4452917,560,0.45
4453017,564,0.45
4453117,562,0.45
4453217,565,0.46
4453317,543,0.44
4453417,558,0.45
4453517,561,0.45
4453617,572,0.46
4453717,572,0.46
4453817,562,0.45
4453917,541,0.44
4454017,543,0.44
4454117,556,0.45
4454217,560,0.45
4454317,562,0.45
4454417,548,0.44
4454517,562,0.45
4454617,544,0.44
4454717,543,0.44
4454817,561,0.45
4454917,569,0.46
4455017,561,0.45
4455117,561,0.45
4455217,573,0.46
4455317,573,0.46
4455417,564,0.45
4455517,560,0.45
4455617,560,0.45
4455717,567,0.46
4455817,563,0.45
4455917,560,0.45
4456017,573,0.46
4456117,548,0.44
4456217,560,0.45
4456317,560,0.45
4456417,555,0.45
4456517,560,0.45
4456617,561,0.45
4456717,545,0.44
4456817,549,0.44
4456917,571,0.46
4457017,565,0.46
4457117,573,0.46
4457217,560,0.45
4457317,562,0.45
4457417,566,0.46
4457517,571,0.46
4457617,561,0.45
4457717,560,0.45
4457817,572,0.46
4457917,559,0.45
4458017,562,0.45
4458117,560,0.45
4458217,549,0.44
4458317,544,0.44
4458417,548,0.44
4458517,560,0.45
4458617,563,0.45
4458717,561,0.45
4458817,559,0.45
4458917,562,0.45
4459017,572,0.46
4459117,560,0.45
4459217,561,0.45
4459317,562,0.45
4459417,562,0.45
4459517,566,0.46
4459617,567,0.46
4459717,562,0.45
4459817,574,0.46
4459917,558,0.45
4460017,563,0.45
4460117,561,0.45
4460217,560,0.45
4460317,569,0.46
4460417,559,0.45
4460517,562,0.45
4460617,560,0.45
4460717,557,0.45
4460817,545,0.44
4460917,543,0.44
4461017,548,0.44
4461117,554,0.45
4461217,562,0.45
4461317,559,0.45
4461417,560,0.45
4461517,559,0.45
4461617,574,0.46
4461717,573,0.46
4461817,572,0.46
4461917,565,0.46
4462017,560,0.45
4462117,571,0.46
4462217,571,0.46
4462317,560,0.45
4462417,550,0.44
4462517,561,0.45
4462617,550,0.44
4462717,569,0.46
4462817,569,0.46
4462917,560,0.45
4463017,573,0.46
4463117,564,0.45
4463217,564,0.45
4463317,561,0.45
4463417,566,0.46
4463517,577,0.46
4463617,552,0.44
4463717,557,0.45
4463817,549,0.44
4463917,565,0.46
4464017,562,0.45
4464117,559,0.45
4464217,558,0.45
4464317,562,0.45
4464417,564,0.45
4464517,573,0.46
4464617,558,0.45
4464717,562,0.45
4464817,560,0.45
4464917,572,0.46
4465017,561,0.45
4465117,560,0.45
4465217,572,0.46
4465317,545,0.44
4465417,562,0.45
4465517,568,0.46
4465617,562,0.45
4465717,559,0.45
4465817,560,0.45
4465917,565,0.46
4466017,551,0.44
4466117,564,0.45
4466217,561,0.45
4466317,572,0.46
4466417,562,0.45
4466517,559,0.45
4466617,559,0.45
4466717,560,0.45
4466817,569,0.46
4466917,572,0.46
4467017,573,0.46
4467117,563,0.45
4467217,562,0.45
4467317,558,0.45
4467417,543,0.44
4467517,548,0.44
4467617,548,0.44
4467717,560,0.45
4467817,560,0.45
4467917,560,0.45
4468017,566,0.46
4468117,567,0.46
4468217,560,0.45
4468317,560,0.45
4468417,558,0.45
4468517,562,0.45
4468617,560,0.45
4468717,560,0.45
4468817,569,0.46
4468917,563,0.45
4469017,563,0.45
4469117,570,0.46
4469217,573,0.46
4469317,562,0.45
4469417,560,0.45
4469517,605,0.49
4469617,562,0.45
4469717,560,0.45
4469817,566,0.46
4469917,573,0.46
4470017,562,0.45
4470117,562,0.45
4470217,556,0.45
4470317,560,0.45
4470417,544,0.44
4470517,560,0.45
4470617,548,0.44
4470717,562,0.45
4470817,562,0.45
4470917,570,0.46
4471017,560,0.45
4471117,563,0.45
4471217,563,0.45
4471317,572,0.46
4471417,559,0.45
4471517,556,0.45
4471617,565,0.46
4471717,572,0.46
4471817,568,0.46
4471917,563,0.45
4472017,562,0.45
4472117,560,0.45
4472217,561,0.45
4472317,548,0.44
4472417,560,0.45
4472517,575,0.46
4472617,565,0.46
4472717,569,0.46
4472817,561,0.45
4472917,560,0.45
4473017,559,0.45
4473117,572,0.46
4473217,565,0.46
4473317,563,0.45
4473417,544,0.44
4473517,562,0.45
4473617,563,0.45
4473717,565,0.46
4473817,562,0.45
4473917,562,0.45
4474017,560,0.45
4474117,568,0.46
4474217,573,0.46
4474317,574,0.46
4474417,548,0.44
4474517,559,0.45
4474617,567,0.46
4474717,559,0.45
4474817,548,0.44
4474917,562,0.45
4475017,573,0.46
4475117,573,0.46
4475217,560,0.45
4475317,562,0.45
4475417,572,0.46
4475517,563,0.45
4475617,562,0.45
4475717,563,0.45
4475817,548,0.44
4475917,560,0.45
4476017,557,0.45
4476117,560,0.45
4476217,543,0.44
4476317,573,0.46
4476417,561,0.45
4476517,560,0.45
4476617,556,0.45
4476717,572,0.46
4476817,563,0.45
4476917,548,0.44
4477017,562,0.45
4477117,548,0.44
4477217,560,0.45
4477317,561,0.45
4477417,561,0.45
4477517,561,0.45
4477617,562,0.45
4477717,556,0.45
4477817,562,0.45
4477917,562,0.45
4478017,572,0.46
4478117,562,0.45
4478217,560,0.45
4478317,560,0.45
4478417,562,0.45
4478517,560,0.45
4478617,556,0.45
4478717,567,0.46
4478817,560,0.45
4478917,573,0.46
4479017,569,0.46
4479117,560,0.45
4479217,562,0.45
4479317,559,0.45
4479417,560,0.45
4479517,560,0.45
4479617,561,0.45
4479717,563,0.45
4479817,559,0.45
4479917,571,0.46
4480017,570,0.46
4480117,560,0.45
4480217,559,0.45
4480317,568,0.46
4480417,569,0.46
4480517,573,0.46
4480617,573,0.46
4480717,572,0.46
4480817,573,0.46
4480917,550,0.44
4481017,564,0.45
4481117,562,0.45
4481217,570,0.46
4481317,569,0.46
4481417,567,0.46
4481517,548,0.44
4481617,562,0.45
4481717,558,0.45
4481817,572,0.46
4481917,566,0.46
4482017,548,0.44
4482117,560,0.45
4482217,560,0.45
4482317,562,0.45
4482417,560,0.45
4482517,569,0.46
4482617,560,0.45
4482717,562,0.45
4482817,570,0.46
4482917,572,0.46
4483017,560,0.45
4483117,572,0.46
4483217,559,0.45
4483317,560,0.45
4483417,548,0.44
4483517,561,0.45
4483617,560,0.45
4483717,557,0.45
4483817,560,0.45
4483917,560,0.45
4484017,557,0.45
4484117,560,0.45
4484217,559,0.45
4484317,559,0.45
4484417,562,0.45
4484517,572,0.46
4484617,570,0.46
4484717,566,0.46
4484817,569,0.46
4484917,562,0.45
4485017,566,0.46
4485117,560,0.45
4485217,562,0.45
4485317,575,0.46
4485417,562,0.45
4485517,556,0.45
4485617,543,0.44
4485717,576,0.46
4485817,562,0.45
4485917,562,0.45
4486017,560,0.45
4486117,561,0.45
4486217,560,0.45
4486317,551,0.44
4486417,561,0.45
4486517,563,0.45
4486617,562,0.45
4486717,561,0.45
4486817,560,0.45
4486917,558,0.45
4487017,562,0.45
4487117,556,0.45
4487217,548,0.44
4487317,562,0.45
4487417,544,0.44
4487517,572,0.46
4487617,560,0.45
4487717,560,0.45
4487817,559,0.45
4487917,560,0.45
4488017,568,0.46
4488117,558,0.45
4488217,560,0.45
4488317,562,0.45
4488417,562,0.45
4488517,562,0.45
4488617,562,0.45
4488717,572,0.46
4488817,562,0.45
4488917,559,0.45
4489017,558,0.45
4489117,563,0.45
4489217,574,0.46
4489317,562,0.45
4489417,560,0.45
4489517,558,0.45
4489617,561,0.45
4489717,566,0.46
4489817,568,0.46
4489917,567,0.46
4490017,560,0.45
4490117,545,0.44
4490217,562,0.45
4490317,560,0.45
4490417,562,0.45
4490517,572,0.46
4490617,564,0.45
4490717,562,0.45
4490817,558,0.45
4490917,544,0.44
4491017,548,0.44
4491117,576,0.46
4491217,575,0.46
4491317,568,0.46
4491417,560,0.45
4491517,572,0.46
4491617,563,0.45
4491717,543,0.44
4491817,562,0.45
4491917,569,0.46
4492017,559,0.45
4492117,560,0.45
4492217,548,0.44
4492317,570,0.46
4492417,562,0.45
4492517,562,0.45
4492617,559,0.45
4492717,573,0.46
4492817,572,0.46
4492917,548,0.44
4493017,559,0.45
4493117,556,0.45
4493217,569,0.46
4493317,562,0.45
4493417,568,0.46
4493517,560,0.45
4493617,556,0.45
4493717,566,0.46
4493817,566,0.46
4493917,573,0.46
4494017,558,0.45
4494117,562,0.45
4494217,562,0.45
4494317,543,0.44
4494417,562,0.45
4494517,537,0.43
4494617,549,0.44
4494717,562,0.45
4494817,571,0.46
4494917,548,0.44
4495017,574,0.46
4495117,574,0.46
4495217,553,0.45
4495317,563,0.45
4495417,571,0.46
4495517,556,0.45
4495617,562,0.45
4495717,559,0.45
4495817,561,0.45
4495917,552,0.44
4496017,560,0.45
4496117,560,0.45
4496217,564,0.45
4496317,562,0.45
4496417,561,0.45
4496517,543,0.44
4496617,562,0.45
4496717,573,0.46
4496817,562,0.45
4496917,562,0.45
4497017,560,0.45
4497117,556,0.45
4497217,560,0.45
4497317,576,0.46
4497417,571,0.46
4497517,562,0.45
4497617,561,0.45
4497717,562,0.45
4497817,573,0.46
4497917,562,0.45
4498017,562,0.45
4498117,549,0.44
4498217,567,0.46
4498317,560,0.45
4498417,563,0.45
4498517,545,0.44
4498617,558,0.45
4498717,560,0.45
4498817,541,0.44
4498917,564,0.45
4499017,562,0.45
4499117,558,0.45
4499217,562,0.45
4499317,569,0.46
4499417,546,0.44
4499517,562,0.45
4499617,556,0.45
4499717,565,0.46
4499817,562,0.45
4499917,560,0.45
4500017,548,0.44
4500117,569,0.46
4500217,562,0.45
4500317,562,0.45
4500417,567,0.46
4500517,558,0.45
4500617,562,0.45
4500717,574,0.46
4500817,574,0.46
4500917,560,0.45
4501017,564,0.45
4501117,562,0.45
4501217,511,0.41
4501317,568,0.46
4501417,549,0.44
4501517,562,0.45
4501617,565,0.46
4501717,562,0.45
4501817,562,0.45
4501917,557,0.45
4502017,562,0.45
4502117,545,0.44
4502217,572,0.46
4502317,560,0.45
4502417,566,0.46
4502517,556,0.45
4502617,566,0.46
4502717,573,0.46
4502817,561,0.45
4502917,562,0.45
4503017,562,0.45
4503117,573,0.46
4503217,544,0.44
4503317,549,0.44
4503417,562,0.45
4503517,572,0.46
4503617,562,0.45
4503717,560,0.45
4503817,548,0.44
4503917,573,0.46
4504017,564,0.45
4504117,560,0.45
4504217,561,0.45
4504317,563,0.45
4504417,559,0.45
4504517,562,0.45
4504617,560,0.45
4504717,562,0.45
4504817,560,0.45
4504917,560,0.45
4505017,541,0.44
4505117,562,0.45
4505217,565,0.46
4505317,563,0.45
4505417,561,0.45
4505517,562,0.45
4505617,573,0.46
4505717,562,0.45
4505817,556,0.45
4505917,562,0.45
4506017,562,0.45
4506117,568,0.46
4506217,562,0.45
4506317,574,0.46
4506417,571,0.46
4506517,569,0.46
4506617,574,0.46
4506717,552,0.44
4506817,544,0.44
4506917,560,0.45
4507017,559,0.45
4507117,562,0.45
4507217,560,0.45
4507317,562,0.45
4507417,566,0.46
4507517,565,0.46
4507617,562,0.45
4507717,560,0.45
4507817,563,0.45
4507917,544,0.44
4508017,571,0.46
4508117,558,0.45
4508217,562,0.45
4508317,556,0.45
4508417,560,0.45
4508517,561,0.45
4508617,549,0.44
4508717,574,0.46
4508817,564,0.45
4508917,560,0.45
4509017,561,0.45
4509117,562,0.45
4509217,562,0.45
4509317,575,0.46
4509417,559,0.45
4509517,545,0.44
4509617,562,0.45
4509717,571,0.46
4509817,548,0.44
4509917,560,0.45
4510017,561,0.45
4510117,548,0.44
4510217,573,0.46
4510317,548,0.44
4510417,556,0.45
4510517,565,0.46
4510617,573,0.46
4510717,567,0.46
4510817,567,0.46
4510917,573,0.46
4511017,562,0.45
4511117,562,0.45
4511217,565,0.46
4511317,562,0.45
4511417,560,0.45
4511517,560,0.45
4511617,556,0.45
4511717,562,0.45
4511817,560,0.45
4511917,560,0.45
4512017,548,0.44
4512117,562,0.45
4512217,560,0.45
4512317,562,0.45
4512417,561,0.45
4512517,548,0.44
4512617,562,0.45
4512717,574,0.46
4512817,563,0.45
4512917,562,0.45
4513017,560,0.45
4513117,561,0.45
4513217,552,0.44
4513317,573,0.46
4513417,561,0.45
4513517,562,0.45
4513617,565,0.46
4513717,560,0.45
4513817,561,0.45
4513917,562,0.45
4514017,560,0.45
4514117,573,0.46
4514217,563,0.45
4514317,562,0.45
4514417,561,0.45
4514517,562,0.45
4514617,559,0.45
4514717,549,0.44
4514817,560,0.45
4514917,566,0.46
4515017,562,0.45
4515117,559,0.45
4515217,569,0.46
4515317,570,0.46
4515417,557,0.45
4515517,562,0.45
4515617,558,0.45
4515717,574,0.46
4515817,562,0.45
4515917,548,0.44
4516017,562,0.45
4516117,560,0.45
4516217,561,0.45
4516317,560,0.45
4516417,548,0.44
4516517,562,0.45
4516617,549,0.44
4516717,562,0.45
4516817,573,0.46
4516917,560,0.45
4517017,574,0.46
4517117,560,0.45
4517217,562,0.45
4517317,569,0.46
4517417,576,0.46
4517517,562,0.45
4517617,563,0.45
4517717,543,0.44
4517817,571,0.46
4517917,561,0.45
4518017,548,0.44
4518117,566,0.46
4518217,548,0.44
4518317,563,0.45
4518417,562,0.45
4518517,562,0.45
4518617,560,0.45
4518717,562,0.45
4518817,573,0.46
4518917,555,0.45
4519017,559,0.45
4519117,558,0.45
4519217,544,0.44
4519317,576,0.46
4519417,562,0.45
4519517,564,0.45
4519617,557,0.45
4519717,572,0.46
4519817,561,0.45
4519917,565,0.46
4520017,565,0.46
4520117,560,0.45
4520217,562,0.45
4520317,548,0.44
4520417,562,0.45
4520517,562,0.45
4520617,548,0.44
4520717,568,0.46
4520817,548,0.44
4520917,560,0.45
4521017,562,0.45
4521117,562,0.45
4521217,562,0.45
4521317,557,0.45
4521417,545,0.44
4521517,562,0.45
4521617,548,0.44
4521717,575,0.46
4521817,559,0.45
4521917,562,0.45
4522017,558,0.45
4522117,562,0.45
4522217,559,0.45
4522317,562,0.45
4522417,549,0.44
4522517,562,0.45
4522617,565,0.46
4522717,571,0.46
4522817,572,0.46
4522917,563,0.45
4523017,562,0.45
4523117,562,0.45
4523217,567,0.46
4523317,573,0.46
4523417,567,0.46
4523517,561,0.45
4523617,562,0.45
4523717,573,0.46
4523817,561,0.45
4523917,562,0.45
4524017,562,0.45
4524117,556,0.45
4524217,553,0.45
4524317,580,0.47
4524417,549,0.44
4524517,565,0.46
4524617,561,0.45
4524717,562,0.45
4524817,562,0.45
4524917,567,0.46
4525017,556,0.45
4525117,558,0.45
4525217,561,0.45
4525317,561,0.45
4525417,562,0.45
4525517,562,0.45
4525617,556,0.45
4525717,548,0.44
4525817,561,0.45
4525917,562,0.45
4526017,562,0.45
4526117,560,0.45
4526217,562,0.45
4526317,560,0.45
4526417,543,0.44
4526517,559,0.45
4526617,561,0.45
4526717,562,0.45
4526817,563,0.45
4526917,562,0.45
4527017,563,0.45
4527117,557,0.45
4527217,566,0.46
4527317,558,0.45
4527417,554,0.45
4527517,562,0.45
4527617,558,0.45
4527717,559,0.45
4527817,562,0.45
4527917,561,0.45
4528017,562,0.45
4528117,562,0.45
4528217,558,0.45
4528317,562,0.45
4528417,562,0.45
4528517,560,0.45
4528617,561,0.45
4528717,571,0.46
4528817,560,0.45
4528917,562,0.45
4529017,560,0.45
4529117,571,0.46
4529217,562,0.45
4529317,560,0.45
4529417,564,0.45
4529517,565,0.46
4529617,573,0.46
4529717,574,0.46
4529817,566,0.46
4529917,556,0.45
4530017,559,0.45
4530117,562,0.45
4530217,561,0.45
4530317,560,0.45
4530417,562,0.45
4530517,560,0.45
4530617,562,0.45
4530717,562,0.45
4530817,562,0.45
4530917,566,0.46
4531017,570,0.46
4531117,562,0.45
4531217,562,0.45
4531317,569,0.46
4531417,561,0.45
4531517,565,0.46
4531617,561,0.45
4531717,565,0.46
4531817,564,0.45
4531917,566,0.46
4532017,555,0.45
4532117,561,0.45
4532217,561,0.45
4532317,560,0.45
4532417,560,0.45
4532517,560,0.45
4532617,573,0.46
4532717,548,0.44
4532817,548,0.44
4532917,573,0.46
4533017,560,0.45
4533117,572,0.46
4533217,565,0.46
4533317,562,0.45
4533417,559,0.45
4533517,563,0.45
4533617,558,0.45
4533717,560,0.45
4533817,545,0.44
4533917,552,0.44
4534017,562,0.45
4534117,561,0.45
4534217,560,0.45
4534317,556,0.45
4534417,558,0.45
4534517,561,0.45
4534617,569,0.46
4534717,570,0.46
4534817,560,0.45
4534917,548,0.44
4535017,573,0.46
4535117,564,0.45
4535217,562,0.45
4535317,560,0.45
4535417,562,0.45
4535517,562,0.45
4535617,552,0.44
4535717,571,0.46
4535817,574,0.46
4535917,573,0.46
4536017,558,0.45
4536117,562,0.45
4536217,566,0.46
4536317,560,0.45
4536417,562,0.45
4536517,573,0.46
4536617,561,0.45
4536717,560,0.45
4536817,562,0.45
4536917,560,0.45
4537017,569,0.46
4537117,562,0.45
4537217,562,0.45
4537317,552,0.44
4537417,560,0.45
4537517,561,0.45
4537617,561,0.45
4537717,549,0.44
4537817,562,0.45
4537917,573,0.46
4538017,562,0.45
4538117,563,0.45
4538217,554,0.45
4538317,566,0.46
4538417,560,0.45
4538517,562,0.45
4538617,545,0.44
4538717,563,0.45
4538817,561,0.45
4538917,564,0.45
4539017,559,0.45
4539117,564,0.45
4539217,562,0.45
4539317,565,0.46
4539417,560,0.45
4539517,562,0.45
4539617,562,0.45
4539717,564,0.45
4539817,560,0.45
4539917,562,0.45
4540017,545,0.44
4540117,560,0.45
4540217,560,0.45
4540317,549,0.44
4540417,562,0.45
4540517,560,0.45
4540617,562,0.45
4540717,572,0.46
4540817,560,0.45
4540917,562,0.45
4541017,562,0.45
4541117,559,0.45
4541217,574,0.46
4541317,577,0.46
4541417,560,0.45
4541517,560,0.45
4541617,548,0.44
4541717,571,0.46
4541817,562,0.45
4541917,560,0.45
4542017,562,0.45
4542117,561,0.45
4542217,562,0.45
4542317,560,0.45
4542417,573,0.46
4542517,561,0.45
4542617,556,0.45
4542717,560,0.45
4542817,551,0.44
4542917,562,0.45
4543017,543,0.44
4543117,562,0.45
4543217,543,0.44
4543317,553,0.45
4543417,560,0.45
4543517,559,0.45
4543617,560,0.45
4543717,560,0.45
4543817,558,0.45
4543917,562,0.45
4544017,562,0.45
4544117,563,0.45
4544217,562,0.45
4544317,561,0.45
4544417,560,0.45
4544517,572,0.46
4544617,563,0.45
4544717,560,0.45
4544817,559,0.45
4544917,571,0.46
4545017,561,0.45
4545117,562,0.45
4545217,560,0.45
4545317,561,0.45
4545417,561,0.45
4545517,561,0.45
4545617,549,0.44
4545717,569,0.46
4545817,562,0.45
4545917,566,0.46
4546017,562,0.45
4546117,560,0.45
4546217,573,0.46
4546317,545,0.44
4546417,560,0.45
4546517,557,0.45
4546617,562,0.45
4546717,548,0.44
4546817,548,0.44
4546917,566,0.46
4547017,565,0.46
4547117,566,0.46
4547217,562,0.45
4547317,562,0.45
4547417,560,0.45
4547517,560,0.45
4547617,562,0.45
4547717,559,0.45
4547817,571,0.46
4547917,573,0.46
4548017,573,0.46
4548117,559,0.45
4548217,544,0.44
4548317,560,0.45
4548417,562,0.45
4548517,574,0.46
4548617,562,0.45
4548717,562,0.45
4548817,562,0.45
4548917,560,0.45
4549017,560,0.45
4549117,564,0.45
4549217,553,0.45
4549317,574,0.46
4549417,566,0.46
4549517,560,0.45
4549617,574,0.46
4549717,574,0.46
4549817,562,0.45
4549917,564,0.45
4550017,573,0.46
4550117,560,0.45
4550217,548,0.44
4550317,566,0.46
4550417,562,0.45
4550517,561,0.45
4550617,560,0.45
4550717,560,0.45
4550817,573,0.46
4550917,548,0.44
4551017,562,0.45
4551117,548,0.44
4551217,560,0.45
4551317,568,0.46
4551417,560,0.45
4551517,562,0.45
4551617,561,0.45
4551717,562,0.45
4551817,562,0.45
4551917,560,0.45
4552017,556,0.45
4552117,570,0.46
4552217,560,0.45
4552317,556,0.45
4552417,562,0.45
4552517,543,0.44
4552617,562,0.45
4552717,549,0.44
4552817,562,0.45
4552917,562,0.45
4553017,562,0.45
4553117,560,0.45
4553217,560,0.45
4553317,561,0.45
4553417,563,0.45
4553517,566,0.46
4553617,576,0.46
4553717,566,0.46
4553817,544,0.44
4553917,562,0.45
4554017,562,0.45
4554117,549,0.44
4554217,560,0.45
4554317,566,0.46
4554417,553,0.45
4554517,566,0.46
4554617,572,0.46
4554717,560,0.45
4554817,560,0.45
4554917,571,0.46
4555017,560,0.45
4555117,562,0.45
4555217,562,0.45
4555317,561,0.45
4555417,562,0.45
4555517,562,0.45
4555617,549,0.44
4555717,566,0.46
4555817,560,0.45
4555917,563,0.45
4556017,564,0.45
4556117,563,0.45
4556217,566,0.46
4556317,548,0.44
4556417,560,0.45
4556517,560,0.45
4556617,562,0.45
4556717,560,0.45
4556817,573,0.46
4556917,560,0.45
4557017,561,0.45
4557117,573,0.46
4557217,565,0.46
4557317,575,0.46
4557417,562,0.45
4557517,570,0.46
4557617,560,0.45
4557717,558,0.45
4557817,562,0.45
4557917,552,0.44
4558017,562,0.45
4558117,545,0.44
4558217,566,0.46
4558317,542,0.44
4558417,566,0.46
4558517,561,0.45
4558617,560,0.45
4558717,563,0.45
4558817,562,0.45
4558917,556,0.45
4559017,560,0.45
4559117,563,0.45
4559217,560,0.45
4559317,560,0.45
4559417,562,0.45
4559517,562,0.45
4559617,560,0.45
4559717,570,0.46
4559817,549,0.44
4559917,545,0.44
4560017,562,0.45
4560117,562,0.45
4560217,560,0.45
4560317,564,0.45
4560417,562,0.45
4560517,567,0.46
4560617,562,0.45
4560717,569,0.46
4560817,560,0.45
4560917,552,0.44
4561017,545,0.44
4561117,574,0.46
4561217,560,0.45
4561317,569,0.46
4561417,562,0.45
4561517,559,0.45
4561617,573,0.46
4561717,560,0.45
4561817,561,0.45
4561917,560,0.45
4562017,561,0.45
4562117,541,0.44
4562217,560,0.45
4562317,560,0.45
4562417,563,0.45
4562517,562,0.45
4562617,560,0.45
4562717,560,0.45
4562817,558,0.45
4562917,548,0.44
4563017,563,0.45
4563117,560,0.45
4563217,562,0.45
4563317,564,0.45
4563417,557,0.45
4563517,565,0.46
4563617,557,0.45
4563717,542,0.44
4563817,560,0.45
4563917,560,0.45
4564017,564,0.45
4564117,562,0.45
4564217,560,0.45
4564317,560,0.45
4564417,560,0.45
4564517,560,0.45
4564617,561,0.45
4564717,573,0.46
4564817,572,0.46
4564917,562,0.45
4565017,549,0.44
4565117,562,0.45
4565217,543,0.44
4565317,565,0.46
4565417,543,0.44
4565517,560,0.45
4565617,565,0.46
4565717,562,0.45
4565817,561,0.45
4565917,572,0.46
4566017,559,0.45
4566117,560,0.45
4566217,560,0.45
4566317,548,0.44
4566417,561,0.45
4566517,561,0.45
4566617,562,0.45
4566717,573,0.46
4566817,565,0.46
4566917,560,0.45
4567017,572,0.46
4567117,564,0.45
4567217,571,0.46
4567317,560,0.45
4567417,562,0.45
4567517,560,0.45
4567617,561,0.45
4567717,574,0.46
4567817,560,0.45
4567917,560,0.45
4568017,548,0.44
4568117,548,0.44
4568217,560,0.45
4568317,558,0.45
4568417,563,0.45
4568517,549,0.44
4568617,562,0.45
4568717,560,0.45
4568817,560,0.45
4568917,569,0.46
4569017,562,0.45
4569117,562,0.45
4569217,566,0.46
4569317,560,0.45
4569417,558,0.45
4569517,565,0.46
4569617,559,0.45
4569717,560,0.45
4569817,560,0.45
4569917,565,0.46
4570017,570,0.46
4570117,573,0.46
4570217,575,0.46
4570317,572,0.46
4570417,545,0.44
4570517,564,0.45
4570617,573,0.46
4570717,559,0.45
4570817,559,0.45
4570917,560,0.45
4571017,560,0.45
4571117,562,0.45
4571217,565,0.46
4571317,548,0.44
4571417,560,0.45
4571517,562,0.45
4571617,560,0.45
4571717,558,0.45
4571817,560,0.45
4571917,561,0.45
4572017,560,0.45
4572117,562,0.45
4572217,570,0.46
4572317,545,0.44
4572417,560,0.45
4572517,562,0.45
4572617,553,0.45
4572717,560,0.45
4572817,569,0.46
4572917,559,0.45
4573017,562,0.45
4573117,560,0.45
4573217,560,0.45
4573317,562,0.45
4573417,560,0.45
4573517,562,0.45
4573617,563,0.45
4573717,567,0.46
4573817,565,0.46
4573917,562,0.45
4574017,572,0.46
4574117,560,0.45
4574217,573,0.46
4574317,561,0.45
4574417,563,0.45
4574517,562,0.45
4574617,543,0.44
4574717,567,0.46
4574817,562,0.45
4574917,573,0.46
4575017,560,0.45
4575117,560,0.45
4575217,566,0.46
4575317,562,0.45
4575417,561,0.45
4575517,569,0.46
4575617,571,0.46
4575717,560,0.45
4575817,561,0.45
4575917,560,0.45
4576017,543,0.44
4576117,558,0.45
4576217,556,0.45
4576317,562,0.45
4576417,561,0.45
4576517,563,0.45
4576617,564,0.45
4576717,561,0.45
4576817,561,0.45
4576917,560,0.45
4577017,572,0.46
4577117,571,0.46
4577217,562,0.45
4577317,561,0.45
4577417,561,0.45
4577517,562,0.45
4577617,559,0.45
4577717,572,0.46
4577817,556,0.45
4577917,569,0.46
4578017,560,0.45
4578117,557,0.45
4578217,562,0.45
4578317,562,0.45
4578417,560,0.45
4578517,556,0.45
4578617,562,0.45
4578717,560,0.45
4578817,560,0.45
4578917,563,0.45
4579017,562,0.45
4579117,552,0.44
4579217,578,0.47
4579317,560,0.45
4579417,566,0.46
4579517,561,0.45
4579617,564,0.45
4579717,573,0.46
4579817,563,0.45
4579917,505,0.41
4580017,559,0.45
4580117,565,0.46
4580217,564,0.45
4580317,562,0.45
4580417,560,0.45
4580517,562,0.45
4580617,575,0.46
4580717,556,0.45
4580817,558,0.45
4580917,560,0.45
4581017,560,0.45
4581117,557,0.45
4581217,561,0.45
4581317,560,0.45
4581417,560,0.45
4581517,559,0.45
4581617,562,0.45
4581717,558,0.45
4581817,562,0.45
4581917,556,0.45
4582017,560,0.45
4582117,573,0.46
4582217,562,0.45
4582317,567,0.46
4582417,568,0.46
4582517,566,0.46
4582617,548,0.44
4582717,559,0.45
4582817,572,0.46
4582917,556,0.45
4583017,548,0.44
4583117,562,0.45
4583217,571,0.46
4583317,561,0.45
4583417,560,0.45
4583517,562,0.45
4583617,560,0.45
4583717,554,0.45
4583817,560,0.45
4583917,562,0.45
4584017,544,0.44
4584117,566,0.46
4584217,560,0.45
4584317,567,0.46
4584417,563,0.45
4584517,570,0.46
4584617,569,0.46
4584717,572,0.46
4584817,562,0.45
4584917,560,0.45
4585017,562,0.45
4585117,562,0.45
4585217,562,0.45
4585317,563,0.45
4585417,565,0.46
4585517,559,0.45
4585617,560,0.45
4585717,548,0.44
4585817,562,0.45
4585917,571,0.46
4586017,560,0.45
4586117,573,0.46
4586217,559,0.45
4586317,572,0.46
4586417,573,0.46
4586517,560,0.45
4586617,561,0.45
4586717,574,0.46
4586817,555,0.45
4586917,560,0.45
4587017,562,0.45
4587117,565,0.46
4587217,548,0.44
4587317,573,0.46
4587417,572,0.46
4587517,562,0.45
4587617,561,0.45
4587717,548,0.44
4587817,571,0.46
4587917,574,0.46
4588017,561,0.45
4588117,570,0.46
4588217,560,0.45
4588317,562,0.45
4588417,560,0.45
4588517,560,0.45
4588617,562,0.45
4588717,562,0.45
4588817,548,0.44
4588917,560,0.45
4589017,558,0.45
4589117,550,0.44
4589217,562,0.45
4589317,563,0.45
4589417,560,0.45
4589517,560,0.45
4589617,559,0.45
4589717,569,0.46
4589817,560,0.45
4589917,559,0.45
4590017,559,0.45
4590117,572,0.46
4590217,560,0.45
4590317,560,0.45
4590417,559,0.45
4590517,556,0.45
4590617,560,0.45
4590717,564,0.45
4590817,560,0.45
4590917,561,0.45
4591017,559,0.45
4591117,562,0.45
4591217,560,0.45
4591317,562,0.45
4591417,571,0.46
4591517,562,0.45
4591617,559,0.45
4591717,562,0.45
4591817,562,0.45
4591917,560,0.45
4592017,564,0.45
4592117,559,0.45
4592217,560,0.45
4592317,543,0.44
4592417,548,0.44
4592517,564,0.45
4592617,561,0.45
4592717,562,0.45
4592817,548,0.44
4592917,561,0.45
4593017,576,0.46
4593117,548,0.44
4593217,558,0.45
4593317,560,0.45
4593417,561,0.45
4593517,560,0.45
4593617,560,0.45
4593717,556,0.45
4593817,562,0.45
4593917,560,0.45
4594017,562,0.45
4594117,543,0.44
4594217,562,0.45
4594317,553,0.45
4594417,564,0.45
4594517,560,0.45
4594617,560,0.45
4594717,562,0.45
4594817,556,0.45
4594917,564,0.45
4595017,562,0.45
4595117,558,0.45
4595217,560,0.45
4595317,573,0.46
4595417,561,0.45
4595517,562,0.45
4595617,569,0.46
4595717,563,0.45
4595817,548,0.44
4595917,562,0.45
4596017,559,0.45
4596117,558,0.45
4596217,564,0.45
4596317,548,0.44
4596417,562,0.45
4596517,560,0.45
4596617,570,0.46
4596717,559,0.45
4596817,561,0.45
4596917,549,0.44
4597017,545,0.44
4597117,562,0.45
4597217,562,0.45
4597317,548,0.44
4597417,560,0.45
4597517,548,0.44
4597617,576,0.46
4597717,573,0.46
4597817,569,0.46
4597917,560,0.45
4598017,570,0.46
4598117,562,0.45
4598217,562,0.45
4598317,562,0.45
4598417,543,0.44
4598517,560,0.45
4598617,562,0.45
4598717,562,0.45
4598817,563,0.45
4598917,562,0.45
4599017,562,0.45
4599117,562,0.45
4599217,558,0.45
4599317,562,0.45
4599417,562,0.45
4599517,560,0.45
4599617,574,0.46
4599717,559,0.45
4599817,573,0.46
4599917,560,0.45
4600017,560,0.45
4600117,552,0.44
4600217,573,0.46
4600317,564,0.45
4600417,560,0.45
4600517,575,0.46
4600617,562,0.45
4600717,560,0.45
4600817,574,0.46
4600917,562,0.45
4601017,561,0.45
4601117,572,0.46
4601217,557,0.45
4601317,562,0.45
4601417,560,0.45
4601517,560,0.45
4601617,560,0.45
4601717,561,0.45
4601817,559,0.45
4601917,569,0.46
4602017,566,0.46
4602117,563,0.45
4602217,554,0.45
4602317,557,0.45
4602417,560,0.45
4602517,560,0.45
4602617,562,0.45
4602717,574,0.46
4602817,548,0.44
4602917,566,0.46
4603017,547,0.44
4603117,569,0.46
4603217,569,0.46
4603317,561,0.45
4603417,574,0.46
4603517,573,0.46
4603617,573,0.46
4603717,548,0.44
4603817,558,0.45
4603917,562,0.45
4604017,559,0.45
4604117,566,0.46
4604217,562,0.45
4604317,565,0.46
4604417,560,0.45
4604517,564,0.45
4604617,577,0.46
4604717,549,0.44
4604817,544,0.44
4604917,564,0.45
4605017,562,0.45
4605117,562,0.45
4605217,560,0.45
4605317,563,0.45
4605417,565,0.46
4605517,560,0.45
4605617,548,0.44
4605717,569,0.46
4605817,567,0.46
4605917,560,0.45
4606017,569,0.46
4606117,552,0.44
4606217,562,0.45
4606317,560,0.45
4606417,558,0.45
4606517,560,0.45
4606617,573,0.46
4606717,553,0.45
4606817,560,0.45
4606917,567,0.46
4607017,562,0.45
4607117,562,0.45
4607217,560,0.45
4607317,565,0.46
4607417,559,0.45
4607517,562,0.45
4607617,562,0.45
4607717,562,0.45
4607817,566,0.46
4607917,560,0.45
4608017,562,0.45
4608117,560,0.45
4608217,562,0.45
4608317,549,0.44
4608417,562,0.45
4608517,562,0.45
4608617,560,0.45
4608717,564,0.45
4608817,560,0.45
4608917,549,0.44
4609017,548,0.44
4609117,558,0.45
4609217,560,0.45
4609317,569,0.46
4609417,574,0.46
4609517,562,0.45
4609617,566,0.46
4609717,560,0.45
4609817,570,0.46
4609917,558,0.45
4610017,570,0.46
4610117,560,0.45
4610217,562,0.45
4610317,562,0.45
4610417,570,0.46
4610517,561,0.45
4610617,561,0.45
4610717,562,0.45
4610817,564,0.45
4610917,564,0.45
4611017,567,0.46
4611117,564,0.45
4611217,552,0.44
4611317,562,0.45
4611417,562,0.45
4611517,562,0.45
4611617,562,0.45
4611717,560,0.45
4611817,559,0.45
4611917,573,0.46
4612017,562,0.45
4612117,562,0.45
4612217,564,0.45
4612317,550,0.44
4612417,554,0.45
4612517,543,0.44
4612617,564,0.45
4612717,562,0.45
4612817,560,0.45
4612917,562,0.45
4613017,563,0.45
4613117,543,0.44
4613217,561,0.45
4613317,549,0.44
4613417,562,0.45
4613517,562,0.45
4613617,562,0.45
4613717,564,0.45
4613817,562,0.45
4613917,562,0.45
4614017,566,0.46
4614117,573,0.46
4614217,544,0.44
4614317,560,0.45
4614417,557,0.45
4614517,562,0.45
4614617,565,0.46
4614717,559,0.45
4614817,560,0.45
4614917,562,0.45
4615017,548,0.44
4615117,559,0.45
4615217,557,0.45
4615317,570,0.46
4615417,562,0.45
4615517,562,0.45
4615617,560,0.45
4615717,560,0.45
4615817,561,0.45
4615917,562,0.45
4616017,567,0.46
4616117,566,0.46
4616217,564,0.45
4616317,562,0.45
4616417,562,0.45
4616517,560,0.45
4616617,561,0.45
4616717,559,0.45
4616817,562,0.45
4616917,572,0.46
4617017,563,0.45
4617117,562,0.45
4617217,549,0.44
4617317,560,0.45
4617417,560,0.45
4617517,570,0.46
4617617,562,0.45
4617717,562,0.45
4617817,560,0.45
4617917,576,0.46
4618017,554,0.45
4618117,549,0.44
4618217,562,0.45
4618317,541,0.44
4618417,562,0.45
4618517,560,0.45
4618617,568,0.46
4618717,564,0.45
4618817,549,0.44
4618917,558,0.45
4619017,562,0.45
4619117,560,0.45
4619217,563,0.45
4619317,562,0.45
4619417,572,0.46
4619517,573,0.46
4619617,560,0.45
4619717,564,0.45
4619817,566,0.46
4619917,570,0.46
4620017,561,0.45
4620117,560,0.45
4620217,562,0.45
4620317,565,0.46
4620417,560,0.45
4620517,569,0.46
4620617,562,0.45
4620717,560,0.45
4620817,550,0.44
4620917,562,0.45
4621017,562,0.45
4621117,569,0.46
4621217,569,0.46
4621317,560,0.45
4621417,545,0.44
4621517,548,0.44
4621617,562,0.45
4621717,569,0.46
4621817,562,0.45
4621917,562,0.45
4622017,561,0.45
4622117,562,0.45
4622217,566,0.46
4622317,579,0.47
4622417,562,0.45
4622517,565,0.46
4622617,562,0.45
4622717,548,0.44
4622817,545,0.44
4622917,562,0.45
4623017,560,0.45
4623117,570,0.46
4623217,562,0.45
4623317,562,0.45
4623417,574,0.46
4623517,562,0.45
4623617,548,0.44
4623717,561,0.45
4623817,562,0.45
4623917,561,0.45
4624017,560,0.45
4624117,562,0.45
4624217,572,0.46
4624317,561,0.45
4624417,572,0.46
4624517,574,0.46
4624617,564,0.45
4624717,567,0.46
4624817,562,0.45
4624917,570,0.46
4625017,562,0.45
4625117,562,0.45
4625217,560,0.45
4625317,553,0.45
4625417,564,0.45
4625517,561,0.45
4625617,545,0.44
4625717,559,0.45
4625817,575,0.46
4625917,563,0.45
4626017,562,0.45
4626117,563,0.45
4626217,572,0.46
4626317,572,0.46
4626417,562,0.45
4626517,566,0.46
4626617,560,0.45
4626717,562,0.45
4626817,569,0.46
4626917,562,0.45
4627017,571,0.46
4627117,558,0.45
4627217,562,0.45
4627317,568,0.46
4627417,560,0.45
4627517,556,0.45
4627617,562,0.45
4627717,560,0.45
4627817,562,0.45
4627917,560,0.45
4628017,556,0.45
4628117,548,0.44
4628217,544,0.44
4628317,558,0.45
4628417,563,0.45
4628517,559,0.45
4628617,562,0.45
4628717,576,0.46
4628817,574,0.46
4628917,562,0.45
4629017,562,0.45
4629117,562,0.45
4629217,561,0.45
4629317,560,0.45
4629417,559,0.45
4629517,543,0.44
4629617,565,0.46
4629717,549,0.44
4629817,562,0.45
4629917,560,0.45
4630017,562,0.45
4630117,562,0.45
4630217,562,0.45
4630317,556,0.45
4630417,560,0.45
4630517,572,0.46
4630617,561,0.45
4630717,562,0.45
4630817,563,0.45
4630917,574,0.46
4631017,560,0.45
4631117,562,0.45
4631217,562,0.45
4631317,562,0.45
4631417,562,0.45
4631517,544,0.44
4631617,557,0.45
4631717,567,0.46
4631817,553,0.45
4631917,562,0.45
4632017,560,0.45
4632117,563,0.45
4632217,566,0.46
4632317,560,0.45
4632417,564,0.45
4632517,560,0.45
4632617,573,0.46
4632717,572,0.46
4632817,562,0.45
4632917,567,0.46
4633017,562,0.45
4633117,566,0.46
4633217,540,0.44
4633317,572,0.46
4633417,563,0.45
4633517,558,0.45
4633617,541,0.44
4633717,557,0.45
4633817,565,0.46
4633917,560,0.45
4634017,560,0.45
4634117,560,0.45
4634217,564,0.45
4634317,549,0.44
4634417,564,0.45
4634517,565,0.46
4634617,574,0.46
4634717,578,0.47
4634817,561,0.45
4634917,560,0.45
4635017,562,0.45
4635117,573,0.46
4635217,565,0.46
4635317,562,0.45
4635417,559,0.45
4635517,560,0.45
4635617,564,0.45
4635717,573,0.46
4635817,562,0.45
4635917,564,0.45
4636017,560,0.45
4636117,566,0.46
4636217,553,0.45
4636317,558,0.45
4636417,572,0.46
4636517,562,0.45
4636617,562,0.45
4636717,560,0.45
4636817,566,0.46
4636917,563,0.45
4637017,562,0.45
4637117,569,0.46
4637217,562,0.45
4637317,562,0.45
4637417,553,0.45
4637517,560,0.45
4637617,557,0.45
4637717,562,0.45
4637817,552,0.44
4637917,572,0.46
4638017,562,0.45
4638117,561,0.45
4638217,562,0.45
4638317,563,0.45
4638417,561,0.45
4638517,561,0.45
4638617,552,0.44
4638717,560,0.45
4638817,558,0.45
4638917,562,0.45
4639017,561,0.45
4639117,564,0.45
4639217,560,0.45
4639317,560,0.45
4639417,564,0.45
4639517,565,0.46
4639617,573,0.46
4639717,566,0.46
4639817,549,0.44
4639917,574,0.46
4640017,564,0.45
4640117,558,0.45
4640217,551,0.44
4640317,562,0.45
4640417,563,0.45
4640517,562,0.45
4640617,562,0.45
4640717,562,0.45
4640817,560,0.45
4640917,562,0.45
4641017,564,0.45
4641117,562,0.45
4641217,561,0.45
4641317,562,0.45
4641417,573,0.46
4641517,562,0.45
4641617,560,0.45
4641717,562,0.45
4641817,559,0.45
4641917,560,0.45
4642017,562,0.45
4642117,561,0.45
4642217,560,0.45
4642317,561,0.45
4642417,560,0.45
4642517,562,0.45
4642617,560,0.45
4642717,562,0.45
4642817,569,0.46
4642917,573,0.46
4643017,566,0.46
4643117,548,0.44
4643217,560,0.45
4643317,563,0.45
4643417,560,0.45
4643517,562,0.45
4643617,564,0.45
4643717,563,0.45
4643817,564,0.45
4643917,559,0.45
4644017,560,0.45
4644117,562,0.45
4644217,560,0.45
4644317,544,0.44
4644417,557,0.45
4644517,562,0.45
4644617,573,0.46
4644717,543,0.44
4644817,561,0.45
4644917,564,0.45
4645017,575,0.46
4645117,562,0.45
4645217,548,0.44
4645317,562,0.45
4645417,562,0.45
4645517,558,0.45
4645617,562,0.45
4645717,560,0.45
4645817,563,0.45
4645917,562,0.45
4646017,548,0.44
4646117,558,0.45
4646217,574,0.46
4646317,561,0.45
4646417,561,0.45
4646517,566,0.46
4646617,562,0.45
4646717,566,0.46
4646817,560,0.45
4646917,560,0.45
4647017,557,0.45
4647117,560,0.45
4647217,559,0.45
4647317,561,0.45
4647417,562,0.45
4647517,566,0.46
4647617,560,0.45
4647717,560,0.45
4647817,548,0.44
4647917,560,0.45
4648017,570,0.46
4648117,566,0.46
4648217,548,0.44
4648317,562,0.45
4648417,562,0.45
4648517,569,0.46
4648617,560,0.45
4648717,560,0.45
4648817,572,0.46
4648917,560,0.45
4649017,562,0.45
4649117,562,0.45
4649217,562,0.45
4649317,561,0.45
4649417,564,0.45
4649517,562,0.45
4649617,567,0.46
4649717,561,0.45
4649817,559,0.45
4649917,560,0.45
4650017,562,0.45
4650117,572,0.46
4650217,544,0.44
4650317,560,0.45
4650417,560,0.45
4650517,563,0.45
4650617,562,0.45
4650717,561,0.45
4650817,560,0.45
4650917,575,0.46
4651017,562,0.45
4651117,570,0.46
4651217,560,0.45
4651317,560,0.45
4651417,557,0.45
4651517,560,0.45
4651617,571,0.46
4651717,571,0.46
4651817,562,0.45
4651917,559,0.45
4652017,562,0.45
4652117,562,0.45
4652217,562,0.45
4652317,560,0.45
4652417,560,0.45
4652517,560,0.45
4652617,560,0.45
4652717,562,0.45
4652817,566,0.46
4652917,548,0.44
4653017,553,0.45
4653117,566,0.46
4653217,567,0.46
4653317,560,0.45
4653417,562,0.45
4653517,561,0.45
4653617,553,0.45
4653717,548,0.44
4653817,560,0.45
4653917,562,0.45
4654017,562,0.45
4654117,576,0.46
4654217,562,0.45
4654317,562,0.45
4654417,574,0.46
4654517,559,0.45
4654617,562,0.45
4654717,560,0.45
4654817,560,0.45
4654917,578,0.47
4655017,560,0.45
4655117,562,0.45
4655217,570,0.46
4655317,562,0.45
4655417,564,0.45
4655517,562,0.45
4655617,566,0.46
4655717,564,0.45
4655817,560,0.45
4655917,565,0.46
4656017,566,0.46
4656117,549,0.44
4656217,563,0.45
4656317,562,0.45
4656417,564,0.45
4656517,558,0.45
4656617,562,0.45
4656717,565,0.46
4656817,565,0.46
4656917,559,0.45
4657017,562,0.45
4657117,573,0.46
4657217,548,0.44
4657317,560,0.45
4657417,576,0.46
4657517,548,0.44
4657617,559,0.45
4657717,562,0.45
4657817,563,0.45
4657917,566,0.46
4658017,560,0.45
4658117,562,0.45
4658217,561,0.45
4658317,562,0.45
4658417,562,0.45
4658517,566,0.46
4658617,548,0.44
4658717,560,0.45
4658817,559,0.45
4658917,560,0.45
4659017,562,0.45
4659117,560,0.45
4659217,565,0.46
4659317,569,0.46
4659417,563,0.45
4659517,560,0.45
4659617,562,0.45
4659717,548,0.44
4659817,560,0.45
4659917,559,0.45
4660017,562,0.45
4660117,552,0.44
4660217,558,0.45
4660317,543,0.44
4660417,541,0.44
4660517,559,0.45
4660617,562,0.45
4660717,560,0.45
4660817,560,0.45
4660917,556,0.45
4661017,571,0.46
4661117,559,0.45
4661217,560,0.45
4661317,562,0.45
4661417,574,0.46
4661517,574,0.46
4661617,559,0.45
4661717,562,0.45
4661817,560,0.45
4661917,572,0.46
4662017,562,0.45
4662117,562,0.45
4662217,571,0.46
4662317,573,0.46
4662417,545,0.44
4662517,545,0.44
4662617,549,0.44
4662717,570,0.46
4662817,565,0.46
4662917,562,0.45
4663017,566,0.46
4663117,560,0.45
4663217,560,0.45
4663317,562,0.45
4663417,562,0.45
4663517,543,0.44
4663617,548,0.44
4663717,567,0.46
4663817,566,0.46
4663917,562,0.45
4664017,560,0.45
4664117,560,0.45
4664217,562,0.45
4664317,564,0.45
4664417,561,0.45
4664517,562,0.45
4664617,548,0.44
4664717,564,0.45
4664817,559,0.45
4664917,560,0.45
4665017,560,0.45
4665117,574,0.46
4665217,562,0.45
4665317,573,0.46
4665417,545,0.44
4665517,562,0.45
4665617,548,0.44
4665717,560,0.45
4665817,556,0.45
4665917,562,0.45
4666017,574,0.46
4666117,572,0.46
4666217,562,0.45
4666317,562,0.45
4666417,548,0.44
4666517,562,0.45
4666617,566,0.46
4666717,560,0.45
4666817,561,0.45
4666917,573,0.46
4667017,565,0.46
4667117,565,0.46
4667217,566,0.46
4667317,562,0.45
4667417,562,0.45
4667517,561,0.45
4667617,548,0.44
4667717,548,0.44
4667817,563,0.45
4667917,548,0.44
4668017,563,0.45
4668117,562,0.45
4668217,556,0.45
4668317,570,0.46
4668417,563,0.45
4668517,564,0.45
4668617,560,0.45
4668717,565,0.46
4668817,560,0.45
4668917,558,0.45
4669017,545,0.44
4669117,560,0.45
4669217,569,0.46
4669317,560,0.45
4669417,562,0.45
4669517,573,0.46
4669617,543,0.44
4669717,573,0.46
4669817,564,0.45
4669917,560,0.45
4670017,566,0.46
4670117,560,0.45
4670217,568,0.46
4670317,560,0.45
4670417,564,0.45
4670517,561,0.45
4670617,559,0.45
4670717,548,0.44
4670817,561,0.45
4670917,562,0.45
4671017,562,0.45
4671117,562,0.45
4671217,567,0.46
4671317,544,0.44
4671417,572,0.46
4671517,562,0.45
4671617,562,0.45
4671717,562,0.45
4671817,560,0.45
4671917,565,0.46
4672017,562,0.45
4672117,562,0.45
4672217,559,0.45
4672317,563,0.45
4672417,575,0.46
4672517,570,0.46
4672617,561,0.45
4672717,549,0.44
4672817,562,0.45
4672917,562,0.45
4673017,564,0.45
4673117,560,0.45
4673217,541,0.44
4673317,558,0.45
4673417,562,0.45
4673517,544,0.44
4673617,562,0.45
4673717,570,0.46
4673817,561,0.45
4673917,560,0.45
4674017,548,0.44
4674117,563,0.45
4674217,560,0.45
4674317,573,0.46
4674417,560,0.45
4674517,571,0.46
4674617,562,0.45
4674717,562,0.45
4674817,564,0.45
4674917,558,0.45
4675017,562,0.45
4675117,562,0.45
4675217,560,0.45
4675317,570,0.46
4675417,563,0.45
4675517,562,0.45
4675617,574,0.46
4675717,564,0.45
4675817,560,0.45
4675917,574,0.46
4676017,560,0.45
4676117,543,0.44
4676217,563,0.45
4676317,548,0.44
4676417,562,0.45
4676517,560,0.45
4676617,565,0.46
4676717,562,0.45
4676817,560,0.45
4676917,572,0.46
4677017,562,0.45
4677117,560,0.45
4677217,560,0.45
4677317,559,0.45
4677417,560,0.45
4677517,560,0.45
4677617,561,0.45
4677717,572,0.46
4677817,566,0.46
4677917,560,0.45
4678017,543,0.44
4678117,565,0.46
4678217,562,0.45
4678317,562,0.45
4678417,560,0.45
4678517,572,0.46
4678617,548,0.44
4678717,556,0.45
4678817,556,0.45
4678917,565,0.46
4679017,568,0.46
4679117,560,0.45
4679217,543,0.44
4679317,560,0.45
4679417,549,0.44
4679517,558,0.45
4679617,562,0.45
4679717,567,0.46
4679817,502,0.4
4679917,562,0.45
4680017,574,0.46
4680117,558,0.45
4680217,560,0.45
4680317,566,0.46
4680417,571,0.46
4680517,549,0.44
4680617,567,0.46
4680717,556,0.45
4680817,571,0.46
4680917,561,0.45
4681017,560,0.45
4681117,560,0.45
4681217,562,0.45
4681317,561,0.45
4681417,562,0.45
4681517,573,0.46
4681617,561,0.45
4681717,567,0.46
4681817,557,0.45
4681917,559,0.45
4682017,566,0.46
4682117,559,0.45
4682217,556,0.45
4682317,560,0.45
4682417,542,0.44
4682517,563,0.45
4682617,562,0.45
4682717,548,0.44
4682817,561,0.45
4682917,562,0.45
4683017,560,0.45
4683117,556,0.45
4683217,562,0.45
4683317,565,0.46
4683417,562,0.45
4683517,548,0.44
4683617,556,0.45
4683717,562,0.45
4683817,568,0.46
4683917,562,0.45
4684017,561,0.45
4684117,568,0.46
4684217,558,0.45
4684317,561,0.45
4684417,562,0.45
4684517,565,0.46
4684617,562,0.45
4684717,573,0.46
4684817,549,0.44
4684917,558,0.45
4685017,562,0.45
4685117,574,0.46
4685217,561,0.45
4685317,560,0.45
4685417,563,0.45
4685517,562,0.45
4685617,560,0.45
4685717,557,0.45
4685817,564,0.45
4685917,559,0.45
4686017,559,0.45
4686117,562,0.45
4686217,560,0.45
4686317,560,0.45
4686417,562,0.45
4686517,556,0.45
4686617,558,0.45
4686717,562,0.45
4686817,571,0.46
4686917,562,0.45
4687017,569,0.46
4687117,566,0.46
4687217,548,0.44
4687317,567,0.46
4687417,562,0.45
4687517,560,0.45
4687617,560,0.45
4687717,564,0.45
4687817,570,0.46
4687917,541,0.44
4688017,554,0.45
4688117,575,0.46
4688217,563,0.45
4688317,562,0.45
4688417,560,0.45
4688517,562,0.45
4688617,562,0.45
4688717,556,0.45
4688817,574,0.46
4688917,548,0.44
4689017,562,0.45
4689117,564,0.45
4689217,562,0.45
4689317,561,0.45
4689417,564,0.45
4689517,561,0.45
4689617,562,0.45
4689717,560,0.45
4689817,560,0.45
4689917,562,0.45
4690017,542,0.44
4690117,560,0.45
4690217,548,0.44
4690317,560,0.45
4690417,569,0.46
4690517,562,0.45
4690617,548,0.44
4690717,571,0.46
4690817,562,0.45
4690917,562,0.45
4691017,558,0.45
4691117,544,0.44
4691217,553,0.45
4691317,561,0.45
4691417,560,0.45
4691517,552,0.44
4691617,560,0.45
4691717,560,0.45
4691817,571,0.46
4691917,562,0.45
4692017,564,0.45
4692117,549,0.44
4692217,558,0.45
4692317,565,0.46
4692417,573,0.46
4692517,573,0.46
4692617,552,0.44
4692717,557,0.45
4692817,562,0.45
4692917,562,0.45
4693017,545,0.44
4693117,559,0.45
4693217,562,0.45
4693317,544,0.44
4693417,570,0.46
4693517,560,0.45
4693617,562,0.45
4693717,566,0.46
4693817,572,0.46
4693917,562,0.45
4694017,556,0.45
4694117,562,0.45
4694217,560,0.45
4694317,557,0.45
4694417,574,0.46
4694517,565,0.46
4694617,562,0.45
4694717,560,0.45
4694817,562,0.45
4694917,560,0.45
4695017,560,0.45
4695117,561,0.45
4695217,576,0.46
4695317,569,0.46
4695417,563,0.45
4695517,565,0.46
4695617,573,0.46
4695717,571,0.46
4695817,562,0.45
4695917,559,0.45
4696017,561,0.45
4696117,544,0.44
4696217,563,0.45
4696317,569,0.46
4696417,549,0.44
4696517,567,0.46
4696617,555,0.45
4696717,572,0.46
4696817,553,0.45
4696917,573,0.46
4697017,562,0.45
4697117,562,0.45
4697217,562,0.45
4697317,559,0.45
4697417,553,0.45
4697517,562,0.45
4697617,560,0.45
4697717,561,0.45
4697817,559,0.45
4697917,560,0.45
4698017,563,0.45
4698117,561,0.45
4698217,560,0.45
4698317,559,0.45
4698417,573,0.46
4698517,560,0.45
4698617,563,0.45
4698717,560,0.45
4698817,566,0.46
4698917,562,0.45
4699017,562,0.45
4699117,560,0.45
4699217,560,0.45
4699317,564,0.45
4699417,573,0.46
4699517,562,0.45
4699617,549,0.44
4699717,562,0.45
4699817,565,0.46
4699917,560,0.45
4700017,566,0.46
4700117,560,0.45
4700217,559,0.45
4700317,560,0.45
4700417,568,0.46
4700517,562,0.45
4700617,560,0.45
4700717,560,0.45
4700817,558,0.45
4700917,572,0.46
4701017,563,0.45
4701117,561,0.45
4701217,572,0.46
4701317,560,0.45
4701417,544,0.44
4701517,563,0.45
4701617,560,0.45
4701717,560,0.45
4701817,559,0.45
4701917,567,0.46
4702017,560,0.45
4702117,544,0.44
4702217,562,0.45
4702317,566,0.46
4702417,552,0.44
4702517,565,0.46
4702617,562,0.45
4702717,560,0.45
4702817,562,0.45
4702917,563,0.45
4703017,560,0.45
4703117,570,0.46
4703217,560,0.45
4703317,561,0.45
4703417,579,0.47
4703517,572,0.46
4703617,560,0.45
4703717,564,0.45
4703817,563,0.45
4703917,572,0.46
4704017,562,0.45
4704117,552,0.44
4704217,558,0.45
4704317,552,0.44
4704417,560,0.45
4704517,560,0.45
4704617,562,0.45
4704717,566,0.46
4704817,564,0.45
4704917,560,0.45
4705017,563,0.45
4705117,562,0.45
4705217,562,0.45
4705317,559,0.45
4705417,565,0.46
4705517,563,0.45
4705617,566,0.46
4705717,560,0.45
4705817,569,0.46
4705917,561,0.45
4706017,561,0.45
4706117,563,0.45
4706217,562,0.45
4706317,561,0.45
4706417,562,0.45
4706517,565,0.46
4706617,560,0.45
4706717,560,0.45
4706817,562,0.45
4706917,559,0.45
4707017,560,0.45
4707117,560,0.45
4707217,560,0.45
4707317,559,0.45
4707417,562,0.45
4707517,560,0.45
4707617,562,0.45
4707717,548,0.44
4707817,560,0.45
4707917,560,0.45
4708017,562,0.45
4708117,560,0.45
4708217,558,0.45
4708317,564,0.45
4708417,573,0.46
4708517,546,0.44
4708617,558,0.45
4708717,548,0.44
4708817,573,0.46
4708917,562,0.45
4709017,572,0.46
4709117,560,0.45
4709217,565,0.46
4709317,560,0.45
4709417,560,0.45
4709517,558,0.45
4709617,562,0.45
4709717,560,0.45
4709817,543,0.44
4709917,560,0.45
4710017,562,0.45
4710117,562,0.45
4710217,562,0.45
4710317,560,0.45
4710417,560,0.45
4710517,563,0.45
4710617,561,0.45
4710717,562,0.45
4710817,569,0.46
4710917,564,0.45
4711017,548,0.44
4711117,564,0.45
4711217,557,0.45
4711317,561,0.45
4711417,549,0.44
4711517,562,0.45
4711617,565,0.46
4711717,562,0.45
4711817,562,0.45
4711917,574,0.46
4712017,570,0.46
4712117,562,0.45
4712217,562,0.45
4712317,560,0.45
4712417,566,0.46
4712517,548,0.44
4712617,560,0.45
4712717,561,0.45
4712817,572,0.46
4712917,563,0.45
4713017,561,0.45
4713117,562,0.45
4713217,561,0.45
4713317,562,0.45
4713417,560,0.45
4713517,572,0.46
4713617,562,0.45
4713717,576,0.46
4713817,548,0.44
4713917,571,0.46
4714017,570,0.46
4714117,556,0.45
4714217,564,0.45
4714317,562,0.45
4714417,562,0.45
4714517,562,0.45
4714617,560,0.45
4714717,545,0.44
4714817,574,0.46
4714917,560,0.45
4715017,562,0.45
4715117,562,0.45
4715217,569,0.46
4715317,565,0.46
4715417,563,0.45
4715517,560,0.45
4715617,572,0.46
4715717,569,0.46
4715817,561,0.45
4715917,560,0.45
4716017,556,0.45
4716117,575,0.46
4716217,559,0.45
4716317,563,0.45
4716417,571,0.46
4716517,562,0.45
4716617,559,0.45
4716717,556,0.45
4716817,560,0.45
4716917,545,0.44
4717017,562,0.45
4717117,560,0.45
4717217,560,0.45
4717317,556,0.45
4717417,562,0.45
4717517,562,0.45
4717617,562,0.45
4717717,573,0.46
4717817,560,0.45
4717917,561,0.45
4718017,566,0.46
4718117,562,0.45
4718217,540,0.44
4718317,558,0.45
4718417,564,0.45
4718517,562,0.45
4718617,569,0.46
4718717,562,0.45
4718817,575,0.46
4718917,562,0.45
4719017,567,0.46
4719117,562,0.45
4719217,569,0.46
4719317,557,0.45
4719417,572,0.46
4719517,560,0.45
4719617,561,0.45
4719717,560,0.45
4719817,562,0.45
4719917,562,0.45
4720017,558,0.45
4720117,548,0.44
4720217,562,0.45
4720317,566,0.46
4720417,562,0.45
4720517,563,0.45
4720617,543,0.44
4720717,560,0.45
4720817,562,0.45
4720917,573,0.46
4721017,549,0.44
4721117,563,0.45
4721217,562,0.45
4721317,545,0.44
4721417,572,0.46
4721517,562,0.45
4721617,557,0.45
4721717,559,0.45
4721817,573,0.46
4721917,560,0.45
4722017,558,0.45
4722117,561,0.45
4722217,565,0.46
4722317,549,0.44
4722417,560,0.45
4722517,574,0.46
4722617,561,0.45
4722717,557,0.45
4722817,560,0.45
4722917,562,0.45
4723017,569,0.46
4723117,561,0.45
4723217,561,0.45
4723317,572,0.46
4723417,562,0.45
4723517,554,0.45
4723617,562,0.45
4723717,561,0.45
4723817,567,0.46
4723917,560,0.45
4724017,560,0.45
4724117,560,0.45
4724217,573,0.46
4724317,532,0.43
4724417,548,0.44
4724517,559,0.45
4724617,567,0.46
4724717,560,0.45
4724817,572,0.46
4724917,548,0.44
4725017,562,0.45
4725117,572,0.46
4725217,562,0.45
4725317,542,0.44
4725417,548,0.44
4725517,549,0.44
4725617,569,0.46
4725717,562,0.45
4725817,561,0.45
4725917,548,0.44
4726017,560,0.45
4726117,548,0.44
4726217,562,0.45
4726317,561,0.45
4726417,562,0.45
4726517,574,0.46
4726617,576,0.46
4726717,562,0.45
4726817,562,0.45
4726917,567,0.46
4727017,573,0.46
4727117,543,0.44
4727217,544,0.44
4727317,562,0.45
4727417,561,0.45
4727517,560,0.45
4727617,562,0.45
4727717,562,0.45
4727817,543,0.44
4727917,570,0.46
4728017,560,0.45
4728117,540,0.44
4728217,562,0.45
4728317,571,0.46
4728417,570,0.46
4728517,556,0.45
4728617,548,0.44
4728717,562,0.45
4728817,566,0.46
4728917,550,0.44
4729017,543,0.44
4729117,562,0.45
4729217,563,0.45
4729317,562,0.45
4729417,548,0.44
4729517,543,0.44
4729617,571,0.46
4729717,577,0.46
4729817,561,0.45
4729917,560,0.45
4730017,545,0.44
4730117,560,0.45
4730217,560,0.45
4730317,560,0.45
4730417,560,0.45
4730517,558,0.45
4730617,569,0.46
4730717,560,0.45
4730817,564,0.45
4730917,562,0.45
4731017,548,0.44
4731117,562,0.45
4731217,558,0.45
4731317,568,0.46
4731417,560,0.45
4731517,566,0.46
4731617,548,0.44
4731717,562,0.45
4731817,562,0.45
4731917,562,0.45
4732017,557,0.45
4732117,560,0.45
4732217,562,0.45
4732317,560,0.45
4732417,543,0.44
4732517,560,0.45
4732617,560,0.45
4732717,549,0.44
4732817,562,0.45
4732917,574,0.46
4733017,561,0.45
4733117,543,0.44
4733217,561,0.45
4733317,560,0.45
4733417,561,0.45
4733517,576,0.46
4733617,564,0.45
4733717,561,0.45
4733817,560,0.45
4733917,548,0.44
4734017,562,0.45
4734117,561,0.45
4734217,572,0.46
4734317,545,0.44
4734417,562,0.45
4734517,562,0.45
4734617,562,0.45
4734717,564,0.45
4734817,572,0.46
4734917,561,0.45
4735017,573,0.46
4735117,560,0.45
4735217,560,0.45
4735317,560,0.45
4735417,563,0.45
4735517,561,0.45
4735617,566,0.46
4735717,562,0.45
4735817,562,0.45
4735917,569,0.46
4736017,563,0.45
4736117,562,0.45
4736217,562,0.45
4736317,557,0.45
4736417,562,0.45
4736517,562,0.45
4736617,570,0.46
4736717,560,0.45
4736817,560,0.45
4736917,560,0.45
4737017,559,0.45
4737117,573,0.46
4737217,563,0.45
4737317,565,0.46
4737417,558,0.45
4737517,560,0.45
4737617,560,0.45
4737717,545,0.44
4737817,563,0.45
4737917,565,0.46
4738017,559,0.45
4738117,545,0.44
4738217,565,0.46
4738317,566,0.46
4738417,561,0.45
4738517,562,0.45
4738617,552,0.44
4738717,562,0.45
4738817,556,0.45
4738917,569,0.46
4739017,556,0.45
4739117,560,0.45
4739217,569,0.46
4739317,548,0.44
4739417,570,0.46
4739517,572,0.46
4739617,576,0.46
4739717,568,0.46
4739817,568,0.46
4739917,562,0.45
4740017,548,0.44
4740117,560,0.45
4740217,559,0.45
4740317,572,0.46
4740417,559,0.45
4740517,569,0.46
4740617,569,0.46
4740717,560,0.45
4740817,562,0.45
4740917,561,0.45
4741017,548,0.44
4741117,562,0.45
4741217,549,0.44
4741317,562,0.45
4741417,559,0.45
4741517,552,0.44
4741617,548,0.44
4741717,571,0.46
4741817,562,0.45
4741917,563,0.45
4742017,562,0.45
4742117,569,0.46
4742217,562,0.45
4742317,562,0.45
4742417,563,0.45
4742517,561,0.45
4742617,562,0.45
4742717,560,0.45
4742817,557,0.45
4742917,575,0.46
4743017,559,0.45
4743117,576,0.46
4743217,562,0.45
4743317,574,0.46
4743417,573,0.46
4743517,562,0.45
4743617,570,0.46
4743717,560,0.45
4743817,560,0.45
4743917,567,0.46
4744017,562,0.45
4744117,560,0.45
4744217,559,0.45
4744317,561,0.45
4744417,573,0.46
4744517,566,0.46
4744617,548,0.44
4744717,576,0.46
4744817,545,0.44
4744917,567,0.46
4745017,562,0.45
4745117,562,0.45
4745217,576,0.46
4745317,561,0.45
4745417,548,0.44
4745517,562,0.45
4745617,568,0.46
4745717,562,0.45
4745817,568,0.46
4745917,561,0.45
4746017,561,0.45
4746117,562,0.45
4746217,573,0.46
4746317,561,0.45
4746417,543,0.44
4746517,560,0.45
4746617,562,0.45
4746717,545,0.44
4746817,563,0.45
4746917,571,0.46
4747017,560,0.45
4747117,561,0.45
4747217,571,0.46
4747317,560,0.45
4747417,560,0.45
4747517,562,0.45
4747617,558,0.45
4747717,560,0.45
4747817,560,0.45
4747917,565,0.46
4748017,563,0.45
4748117,563,0.45
4748217,576,0.46
4748317,569,0.46
4748417,560,0.45
4748517,559,0.45
4748617,544,0.44
4748717,560,0.45
4748817,562,0.45
4748917,559,0.45
4749017,550,0.44
4749117,573,0.46
4749217,558,0.45
4749317,561,0.45
4749417,559,0.45
4749517,562,0.45
4749617,572,0.46
4749717,559,0.45
4749817,562,0.45
4749917,563,0.45
4750017,560,0.45
4750117,562,0.45
4750217,560,0.45
4750317,543,0.44
4750417,563,0.45
4750517,562,0.45
4750617,562,0.45
4750717,557,0.45
4750817,562,0.45
4750917,562,0.45
4751017,560,0.45
4751117,562,0.45
4751217,559,0.45
4751317,561,0.45
4751417,544,0.44
4751517,557,0.45
4751617,561,0.45
4751717,562,0.45
4751817,557,0.45
4751917,562,0.45
4752017,545,0.44
4752117,569,0.46
4752217,573,0.46
4752317,564,0.45
4752417,560,0.45
4752517,574,0.46
4752617,548,0.44
4752717,559,0.45
4752817,560,0.45
4752917,560,0.45
4753017,570,0.46
4753117,562,0.45
4753217,563,0.45
4753317,562,0.45
4753417,553,0.45
4753517,572,0.46
4753617,558,0.45
4753717,559,0.45
4753817,562,0.45
4753917,570,0.46
4754017,572,0.46
4754117,560,0.45
4754217,562,0.45
4754317,565,0.46
4754417,562,0.45
4754517,562,0.45
4754617,562,0.45
4754717,570,0.46
4754817,560,0.45
4754917,561,0.45
4755017,569,0.46
4755117,562,0.45
4755217,568,0.46
4755317,566,0.46
4755417,548,0.44
4755517,570,0.46
4755617,557,0.45
4755717,562,0.45
4755817,560,0.45
4755917,573,0.46
4756017,567,0.46
4756117,562,0.45
4756217,569,0.46
4756317,562,0.45
4756417,560,0.45
4756517,560,0.45
4756617,573,0.46
4756717,560,0.45
4756817,560,0.45
4756917,562,0.45
4757017,560,0.45
4757117,573,0.46
4757217,573,0.46
4757317,565,0.46
4757417,561,0.45
4757517,560,0.45
4757617,573,0.46
4757717,566,0.46
4757817,556,0.45
4757917,563,0.45
4758017,545,0.44
4758117,560,0.45
4758217,590,0.48
4758317,560,0.45
4758417,566,0.46
4758517,562,0.45
4758617,562,0.45
4758717,559,0.45
4758817,548,0.44
4758917,558,0.45
4759017,570,0.46
4759117,560,0.45
4759217,559,0.45
4759317,560,0.45
4759417,561,0.45
4759517,545,0.44
4759617,572,0.46
4759717,560,0.45
4759817,541,0.44
4759917,571,0.46
4760017,563,0.45
4760117,561,0.45
4760217,575,0.46
4760317,562,0.45
4760417,559,0.45
4760517,569,0.46
4760617,561,0.45
4760717,571,0.46
4760817,572,0.46
4760917,562,0.45
4761017,559,0.45
4761117,575,0.46
4761217,575,0.46
4761317,556,0.45
4761417,543,0.44
4761517,565,0.46
4761617,548,0.44
4761717,550,0.44
4761817,559,0.45
4761917,568,0.46
4762017,562,0.45
4762117,543,0.44
4762217,562,0.45
4762317,567,0.46
4762417,562,0.45
4762517,562,0.45
4762617,558,0.45
4762717,569,0.46
4762817,562,0.45
4762917,548,0.44
4763017,556,0.45
4763117,541,0.44
4763217,560,0.45
4763317,560,0.45
4763417,545,0.44
4763517,560,0.45
4763617,569,0.46
4763717,568,0.46
4763817,566,0.46
4763917,566,0.46
4764017,559,0.45
4764117,573,0.46
4764217,560,0.45
4764317,548,0.44
4764417,560,0.45
4764517,560,0.45
4764617,575,0.46
4764717,564,0.45
4764817,562,0.45
4764917,573,0.46
4765017,560,0.45
4765117,564,0.45
4765217,560,0.45
4765317,562,0.45
4765417,544,0.44
4765517,559,0.45
4765617,571,0.46
4765717,561,0.45
4765817,563,0.45
4765917,566,0.46
4766017,566,0.46
4766117,566,0.46
4766217,560,0.45
4766317,560,0.45
4766417,560,0.45
4766517,563,0.45
4766617,559,0.45
4766717,576,0.46
4766817,560,0.45
4766917,548,0.44
4767017,567,0.46
4767117,545,0.44
4767217,560,0.45
4767317,562,0.45
4767417,575,0.46
4767517,573,0.46
4767617,575,0.46
4767717,560,0.45
4767817,557,0.45
4767917,555,0.45
4768017,560,0.45
4768117,556,0.45
4768217,560,0.45
4768317,560,0.45
4768417,543,0.44
4768517,562,0.45
4768617,569,0.46
4768717,565,0.46
4768817,569,0.46
4768917,561,0.45
4769017,560,0.45
4769117,559,0.45
4769217,564,0.45
4769317,562,0.45
4769417,562,0.45
4769517,558,0.45
4769617,569,0.46
4769717,574,0.46
4769817,560,0.45
4769917,571,0.46
4770017,556,0.45
4770117,576,0.46
4770217,558,0.45
4770317,562,0.45
4770417,561,0.45
4770517,562,0.45
4770617,548,0.44
4770717,560,0.45
4770817,560,0.45
4770917,562,0.45
4771017,564,0.45
4771117,543,0.44
4771217,562,0.45
4771317,560,0.45
4771417,553,0.45
4771517,561,0.45
4771617,575,0.46
4771717,574,0.46
4771817,560,0.45
4771917,560,0.45
4772017,556,0.45
4772117,543,0.44
4772217,560,0.45
4772317,574,0.46
4772417,549,0.44
4772517,562,0.45
4772617,564,0.45
4772717,560,0.45
4772817,570,0.46
4772917,561,0.45
4773017,573,0.46
4773117,552,0.44
4773217,562,0.45
4773317,572,0.46
4773417,562,0.45
4773517,563,0.45
4773617,556,0.45
4773717,564,0.45
4773817,562,0.45
4773917,572,0.46
4774017,560,0.45
4774117,559,0.45
4774217,566,0.46
4774317,562,0.45
4774417,562,0.45
4774517,562,0.45
4774617,565,0.46
4774717,562,0.45
4774817,560,0.45
4774917,562,0.45
4775017,574,0.46
4775117,562,0.45
4775217,566,0.46
4775317,576,0.46
4775417,569,0.46
4775517,560,0.45
4775617,559,0.45
4775717,573,0.46
4775817,562,0.45
4775917,548,0.44
4776017,554,0.45
4776117,570,0.46
4776217,560,0.45
4776317,562,0.45
4776417,573,0.46
4776517,566,0.46
4776617,560,0.45
4776717,562,0.45
4776817,566,0.46
4776917,559,0.45
4777017,556,0.45
4777117,562,0.45
4777217,564,0.45
4777317,562,0.45
4777417,560,0.45
4777517,562,0.45
4777617,561,0.45
4777717,563,0.45
4777817,562,0.45
4777917,562,0.45
4778017,558,0.45
4778117,574,0.46
4778217,575,0.46
4778317,566,0.46
4778417,553,0.45
4778517,562,0.45
4778617,571,0.46
4778717,567,0.46
4778817,562,0.45
4778917,576,0.46
4779017,562,0.45
4779117,566,0.46
4779217,560,0.45
4779317,558,0.45
4779417,557,0.45
4779517,553,0.45
4779617,565,0.46
4779717,560,0.45
4779817,573,0.46
4779917,561,0.45
4780017,572,0.46
4780117,572,0.46
4780217,558,0.45
4780317,560,0.45
4780417,562,0.45
4780517,566,0.46
4780617,568,0.46
4780717,567,0.46
4780817,563,0.45
4780917,560,0.45
4781017,562,0.45
4781117,561,0.45
4781217,543,0.44
4781317,562,0.45
4781417,574,0.46
4781517,566,0.46
4781617,556,0.45
4781717,566,0.46
4781817,560,0.45
4781917,562,0.45
4782017,562,0.45
4782117,560,0.45
4782217,556,0.45
4782317,559,0.45
4782417,559,0.45
4782517,562,0.45
4782617,574,0.46
4782717,561,0.45
4782817,562,0.45
4782917,566,0.46
4783017,565,0.46
4783117,562,0.45
4783217,562,0.45
4783317,559,0.45
4783417,560,0.45
4783517,573,0.46
4783617,560,0.45
4783717,560,0.45
4783817,561,0.45
4783917,558,0.45
4784017,562,0.45
4784117,562,0.45
4784217,571,0.46
4784317,548,0.44
4784417,564,0.45
4784517,532,0.43
4784617,543,0.44
4784717,560,0.45
4784817,570,0.46
4784917,556,0.45
4785017,566,0.46
4785117,545,0.44
4785217,560,0.45
4785317,562,0.45
4785417,564,0.45
4785517,560,0.45
4785617,562,0.45
4785717,560,0.45
4785817,548,0.44
4785917,566,0.46
4786017,566,0.46
4786117,560,0.45
4786217,562,0.45
4786317,569,0.46
4786417,566,0.46
4786517,572,0.46
4786617,573,0.46
4786717,548,0.44
4786817,541,0.44
4786917,559,0.45
4787017,552,0.44
4787117,559,0.45
4787217,566,0.46
4787317,560,0.45
4787417,548,0.44
4787517,563,0.45
4787617,562,0.45
4787717,560,0.45
4787817,559,0.45
4787917,562,0.45
4788017,560,0.45
4788117,560,0.45
4788217,560,0.45
4788317,550,0.44
4788417,562,0.45
4788517,562,0.45
4788617,549,0.44
4788717,562,0.45
4788817,560,0.45
4788917,548,0.44
4789017,561,0.45
4789117,570,0.46
4789217,562,0.45
4789317,559,0.45
4789417,562,0.45
4789517,573,0.46
4789617,560,0.45
4789717,548,0.44
4789817,562,0.45
4789917,563,0.45
4790017,561,0.45
4790117,563,0.45
4790217,566,0.46
4790317,568,0.46
4790417,561,0.45
4790517,560,0.45
4790617,561,0.45
4790717,562,0.45
4790817,558,0.45
4790917,543,0.44
4791017,562,0.45
4791117,564,0.45
4791217,562,0.45
4791317,545,0.44
4791417,566,0.46
4791517,574,0.46
4791617,569,0.46
4791717,549,0.44
4791817,560,0.45
4791917,560,0.45
4792017,562,0.45
4792117,563,0.45
4792217,562,0.45
4792317,562,0.45
4792417,560,0.45
4792517,560,0.45
4792617,558,0.45
4792717,562,0.45
4792817,562,0.45
4792917,564,0.45
4793017,561,0.45
4793117,569,0.46
4793217,574,0.46
4793317,562,0.45
4793417,562,0.45
4793517,560,0.45
4793617,560,0.45
4793717,560,0.45
4793817,569,0.46
4793917,544,0.44
4794017,562,0.45
4794117,562,0.45
4794217,561,0.45
4794317,564,0.45
4794417,562,0.45
4794517,576,0.46
4794617,561,0.45
4794717,560,0.45
4794817,545,0.44
4794917,562,0.45
4795017,569,0.46
4795117,565,0.46
4795217,565,0.46
4795317,560,0.45
4795417,560,0.45
4795517,562,0.45
4795617,563,0.45
4795717,564,0.45
4795817,560,0.45
4795917,562,0.45
4796017,565,0.46
4796117,563,0.45
4796217,561,0.45
4796317,562,0.45
4796417,560,0.45
4796517,549,0.44
4796617,548,0.44
4796717,574,0.46
4796817,573,0.46
4796917,562,0.45
4797017,562,0.45
4797117,560,0.45
4797217,573,0.46
4797317,562,0.45
4797417,561,0.45
4797517,560,0.45
4797617,567,0.46
4797717,556,0.45
4797817,569,0.46
4797917,572,0.46
4798017,560,0.45
4798117,566,0.46
4798217,562,0.45
4798317,566,0.46
4798417,561,0.45
4798517,561,0.45
4798617,572,0.46
4798717,560,0.45
4798817,571,0.46
4798917,562,0.45
4799017,556,0.45
4799117,564,0.45
4799217,560,0.45
4799317,560,0.45
4799417,560,0.45
4799517,562,0.45
4799617,556,0.45
4799717,561,0.45
4799817,572,0.46
4799917,576,0.46
4800017,543,0.44
4800117,562,0.45
4800217,563,0.45
4800317,563,0.45
4800417,567,0.46
4800517,562,0.45
4800617,562,0.45
4800717,559,0.45
4800817,573,0.46
4800917,562,0.45
4801017,566,0.46
4801117,562,0.45
4801217,568,0.46
4801317,558,0.45
4801417,575,0.46
4801517,562,0.45
4801617,562,0.45
4801717,569,0.46
4801817,557,0.45
4801917,544,0.44
4802017,559,0.45
4802117,557,0.45
4802217,560,0.45
4802317,562,0.45
4802417,542,0.44
4802517,562,0.45
4802617,548,0.44
4802717,562,0.45
4802817,544,0.44
4802917,553,0.45
4803017,548,0.44
4803117,574,0.46
4803217,562,0.45
4803317,562,0.45
4803417,566,0.46
4803517,561,0.45
4803617,560,0.45
4803717,562,0.45
4803817,566,0.46
4803917,561,0.45
4804017,556,0.45
4804117,566,0.46
4804217,559,0.45
4804317,562,0.45
4804417,561,0.45
4804517,564,0.45
4804617,575,0.46
4804717,562,0.45
4804817,571,0.46
4804917,569,0.46
4805017,571,0.46
4805117,562,0.45
4805217,571,0.46
4805317,568,0.46
4805417,548,0.44
4805517,562,0.45
4805617,560,0.45
4805717,565,0.46
4805817,560,0.45
4805917,559,0.45
4806017,548,0.44
4806117,561,0.45
4806217,562,0.45
4806317,573,0.46
4806417,562,0.45
4806517,575,0.46
4806617,558,0.45
4806717,563,0.45
4806817,562,0.45
4806917,562,0.45
4807017,564,0.45
4807117,560,0.45
4807217,573,0.46
4807317,562,0.45
4807417,559,0.45
4807517,562,0.45
4807617,562,0.45
4807717,548,0.44
4807817,571,0.46
4807917,563,0.45
4808017,560,0.45
4808117,562,0.45
4808217,562,0.45
4808317,572,0.46
4808417,562,0.45
4808517,567,0.46
4808617,566,0.46
4808717,543,0.44
4808817,562,0.45
4808917,564,0.45
4809017,549,0.44
4809117,560,0.45
4809217,563,0.45
4809317,553,0.45
4809417,564,0.45
4809517,562,0.45
4809617,561,0.45
4809717,560,0.45
4809817,548,0.44
4809917,565,0.46
4810017,574,0.46
4810117,562,0.45
4810217,563,0.45
4810317,563,0.45
4810417,560,0.45
4810517,543,0.44
4810617,562,0.45
4810717,549,0.44
4810817,563,0.45
4810917,562,0.45
4811017,572,0.46
4811117,573,0.46
4811217,564,0.45
4811317,562,0.45
4811417,573,0.46
4811517,564,0.45
4811617,562,0.45
4811717,567,0.46
4811817,573,0.46
4811917,560,0.45
4812017,562,0.45
4812117,564,0.45
4812217,568,0.46
4812317,562,0.45
4812417,560,0.45
4812517,543,0.44
4812617,562,0.45
4812717,566,0.46
4812817,560,0.45
4812917,562,0.45
4813017,560,0.45
4813117,559,0.45
4813217,574,0.46
4813317,560,0.45
4813417,560,0.45
4813517,570,0.46
4813617,571,0.46
4813717,560,0.45
4813817,564,0.45
4813917,548,0.44
4814017,576,0.46
4814117,560,0.45
4814217,566,0.46
4814317,562,0.45
4814417,549,0.44
4814517,572,0.46
4814617,571,0.46
4814717,560,0.45
4814817,562,0.45
4814917,548,0.44
4815017,562,0.45
4815117,572,0.46
4815217,559,0.45
4815317,575,0.46
4815417,560,0.45
4815517,553,0.45
4815617,562,0.45
4815717,562,0.45
4815817,562,0.45
4815917,563,0.45
4816017,560,0.45
4816117,559,0.45
4816217,561,0.45
4816317,575,0.46
4816417,561,0.45
4816517,549,0.44
4816617,562,0.45
4816717,562,0.45
4816817,562,0.45
4816917,561,0.45
4817017,563,0.45
4817117,566,0.46
4817217,562,0.45
4817317,562,0.45
4817417,569,0.46
4817517,561,0.45
4817617,581,0.47
4817717,562,0.45
4817817,561,0.45
4817917,562,0.45
4818017,563,0.45
4818117,566,0.46
4818217,562,0.45
4818317,562,0.45
4818417,558,0.45
4818517,562,0.45
4818617,560,0.45
4818717,562,0.45
4818817,545,0.44
4818917,563,0.45
4819017,561,0.45
4819117,560,0.45
4819217,558,0.45
4819317,560,0.45
4819417,562,0.45
4819517,560,0.45
4819617,572,0.46
4819717,560,0.45
4819817,568,0.46
4819917,566,0.46
4820017,562,0.45
4820117,560,0.45
4820217,560,0.45
4820317,559,0.45
4820417,549,0.44
4820517,562,0.45
4820617,560,0.45
4820717,562,0.45
4820817,560,0.45
4820917,562,0.45
4821017,562,0.45
4821117,560,0.45
4821217,567,0.46
4821317,557,0.45
4821417,560,0.45
4821517,554,0.45
4821617,556,0.45
4821717,562,0.45
4821817,563,0.45
4821917,549,0.44
4822017,572,0.46
4822117,562,0.45
4822217,563,0.45
4822317,502,0.4
4822417,560,0.45
4822517,571,0.46
4822617,561,0.45
4822717,564,0.45
4822817,561,0.45
4822917,560,0.45
4823017,562,0.45
4823117,566,0.46
4823217,545,0.44
4823317,563,0.45
4823417,560,0.45
4823517,561,0.45
4823617,565,0.46
4823717,557,0.45
4823817,560,0.45
4823917,560,0.45
4824017,565,0.46
4824117,569,0.46
4824217,551,0.44
4824317,573,0.46
4824417,562,0.45
4824517,549,0.44
4824617,548,0.44
4824717,561,0.45
4824817,559,0.45
4824917,575,0.46
4825017,544,0.44
4825117,560,0.45
4825217,572,0.46
4825317,562,0.45
4825417,564,0.45
4825517,560,0.45
4825617,560,0.45
4825717,561,0.45
4825817,562,0.45
4825917,573,0.46
4826017,563,0.45
4826117,564,0.45
4826217,543,0.44
4826317,560,0.45
4826417,564,0.45
4826517,560,0.45
4826617,574,0.46
4826717,560,0.45
4826817,574,0.46
4826917,578,0.47
4827017,563,0.45
4827117,562,0.45
4827217,545,0.44
4827317,561,0.45
4827417,574,0.46
4827517,558,0.45
4827617,553,0.45
4827717,495,0.4
4827817,560,0.45
4827917,560,0.45
4828017,574,0.46
4828117,557,0.45
4828217,548,0.44
4828317,571,0.46
4828417,562,0.45
4828517,561,0.45
4828617,561,0.45
4828717,572,0.46
4828817,563,0.45
4828917,569,0.46
4829017,561,0.45
4829117,562,0.45
4829217,562,0.45
4829317,560,0.45
4829417,561,0.45
4829517,562,0.45
4829617,559,0.45
4829717,562,0.45
4829817,562,0.45
4829917,574,0.46
4830017,565,0.46
4830117,559,0.45
4830217,573,0.46
4830317,562,0.45
4830417,560,0.45
4830517,562,0.45
4830617,549,0.44
4830717,551,0.44
4830817,559,0.45
4830917,559,0.45
4831017,560,0.45
4831117,560,0.45
4831217,565,0.46
4831317,564,0.45
4831417,573,0.46
4831517,568,0.46
4831617,571,0.46
4831717,561,0.45
4831817,571,0.46
4831917,561,0.45
4832017,560,0.45
4832117,562,0.45
4832217,560,0.45
4832317,565,0.46
4832417,557,0.45
4832517,560,0.45
4832617,560,0.45
4832717,572,0.46
4832817,574,0.46
4832917,560,0.45
4833017,566,0.46
4833117,572,0.46
4833217,563,0.45
4833317,548,0.44
4833417,560,0.45
4833517,562,0.45
4833617,572,0.46
4833717,560,0.45
4833817,562,0.45
4833917,568,0.46
4834017,556,0.45
4834117,545,0.44
4834217,570,0.46
4834317,549,0.44
4834417,562,0.45
4834517,556,0.45
4834617,564,0.45
4834717,574,0.46
4834817,567,0.46
4834917,543,0.44
4835017,563,0.45
4835117,565,0.46
4835217,566,0.46
4835317,562,0.45
4835417,561,0.45
4835517,560,0.45
4835617,565,0.46
4835717,560,0.45
4835817,562,0.45
4835917,562,0.45
4836017,562,0.45
4836117,560,0.45
4836217,560,0.45
4836317,562,0.45
4836417,560,0.45
4836517,561,0.45
4836617,562,0.45
4836717,562,0.45
4836817,559,0.45
4836917,541,0.44
4837017,560,0.45
4837117,561,0.45
4837217,560,0.45
4837317,563,0.45
4837417,560,0.45
4837517,564,0.45
4837617,562,0.45
4837717,561,0.45
4837817,574,0.46
4837917,563,0.45
4838017,562,0.45
4838117,560,0.45
4838217,571,0.46
4838317,566,0.46
4838417,569,0.46
4838517,559,0.45
4838617,566,0.46
4838717,571,0.46
4838817,561,0.45
4838917,560,0.45
4839017,562,0.45
4839117,562,0.45
4839217,548,0.44
4839317,549,0.44
4839417,562,0.45
4839517,565,0.46
4839617,560,0.45
4839717,553,0.45
4839817,562,0.45
4839917,560,0.45
4840017,566,0.46
4840117,548,0.44
4840217,564,0.45
4840317,574,0.46
4840417,562,0.45
4840517,561,0.45
4840617,572,0.46
4840717,566,0.46
4840817,560,0.45
4840917,560,0.45
4841017,549,0.44
4841117,560,0.45
4841217,561,0.45
4841317,563,0.45
4841417,563,0.45
4841517,573,0.46
4841617,563,0.45
4841717,566,0.46
4841817,560,0.45
4841917,556,0.45
4842017,568,0.46
4842117,562,0.45
4842217,560,0.45
4842317,577,0.46
4842417,562,0.45
4842517,563,0.45
4842617,573,0.46
4842717,560,0.45
4842817,563,0.45
4842917,560,0.45
4843017,564,0.45
4843117,570,0.46
4843217,564,0.45
4843317,562,0.45
4843417,564,0.45
4843517,571,0.46
4843617,562,0.45
4843717,558,0.45
4843817,560,0.45
4843917,560,0.45
4844017,560,0.45
4844117,562,0.45
4844217,561,0.45
4844317,565,0.46
4844417,545,0.44
4844517,569,0.46
4844617,573,0.46
4844717,562,0.45
4844817,569,0.46
4844917,575,0.46
4845017,562,0.45
4845117,564,0.45
4845217,561,0.45
4845317,575,0.46
4845417,560,0.45
4845517,562,0.45
4845617,562,0.45
4845717,573,0.46
4845817,568,0.46
4845917,573,0.46
4846017,562,0.45
4846117,564,0.45
4846217,555,0.45
4846317,548,0.44
4846417,560,0.45
4846517,562,0.45
4846617,552,0.44
4846717,565,0.46
4846817,566,0.46
4846917,562,0.45
4847017,574,0.46
4847117,560,0.45
4847217,562,0.45
4847317,562,0.45
4847417,560,0.45
4847517,560,0.45
4847617,558,0.45
4847717,573,0.46
4847817,562,0.45
4847917,560,0.45
4848017,569,0.46
4848117,562,0.45
4848217,560,0.45
4848317,561,0.45
4848417,574,0.46
4848517,557,0.45
4848617,560,0.45
4848717,562,0.45
4848817,561,0.45
4848917,563,0.45
4849017,566,0.46
4849117,563,0.45
4849217,556,0.45
4849317,560,0.45
4849417,562,0.45
4849517,570,0.46
4849617,563,0.45
4849717,552,0.44
4849817,558,0.45
4849917,562,0.45
4850017,563,0.45
4850117,560,0.45
4850217,558,0.45
4850317,563,0.45
4850417,574,0.46
4850517,560,0.45
4850617,562,0.45
4850717,561,0.45
4850817,560,0.45
4850917,559,0.45
4851017,561,0.45
4851117,562,0.45
4851217,560,0.45
4851317,562,0.45
4851417,561,0.45
4851517,560,0.45
4851617,560,0.45
4851717,562,0.45
4851817,550,0.44
4851917,560,0.45
4852017,562,0.45
4852117,560,0.45
4852217,560,0.45
4852317,565,0.46
4852417,562,0.45
4852517,560,0.45
4852617,570,0.46
4852717,543,0.44
4852817,572,0.46
4852917,562,0.45
4853017,562,0.45
4853117,557,0.45
4853217,563,0.45
4853317,562,0.45
4853417,560,0.45
4853517,561,0.45
4853617,560,0.45
4853717,564,0.45
4853817,557,0.45
4853917,570,0.46
4854017,560,0.45
4854117,556,0.45
4854217,562,0.45
4854317,572,0.46
4854417,562,0.45
4854517,561,0.45
4854617,546,0.44
4854717,560,0.45
4854817,559,0.45
4854917,573,0.46
4855017,562,0.45
4855117,560,0.45
4855217,569,0.46
4855317,560,0.45
4855417,569,0.46
4855517,560,0.45
4855617,561,0.45
4855717,563,0.45
4855817,562,0.45
4855917,562,0.45
4856017,561,0.45
4856117,543,0.44
4856217,566,0.46
4856317,567,0.46
4856417,561,0.45
4856517,560,0.45
4856617,558,0.45
4856717,545,0.44
4856817,573,0.46
4856917,562,0.45
4857017,566,0.46
4857117,573,0.46
4857217,560,0.45
4857317,562,0.45
4857417,573,0.46
4857517,564,0.45
4857617,552,0.44
4857717,562,0.45
4857817,560,0.45
4857917,543,0.44
4858017,574,0.46
4858117,561,0.45
4858217,562,0.45
4858317,562,0.45
4858417,563,0.45
4858517,540,0.44
4858617,550,0.44
4858717,562,0.45
4858817,562,0.45
4858917,563,0.45
4859017,559,0.45
4859117,544,0.44
4859217,560,0.45
4859317,562,0.45
4859417,562,0.45
4859517,560,0.45
4859617,573,0.46
4859717,558,0.45
4859817,560,0.45
4859917,571,0.46
4860017,560,0.45
4860117,560,0.45
4860217,571,0.46
4860317,566,0.46
4860417,565,0.46
4860517,562,0.45
4860617,548,0.44
4860717,562,0.45
4860817,584,0.47
4860917,563,0.45
4861017,560,0.45
4861117,559,0.45
4861217,562,0.45
4861317,562,0.45
4861417,563,0.45
4861517,573,0.46
4861617,560,0.45
4861717,543,0.44
4861817,562,0.45
4861917,566,0.46
4862017,560,0.45
4862117,574,0.46
4862217,562,0.45
4862317,561,0.45
4862417,562,0.45
4862517,560,0.45
4862617,562,0.45
4862717,562,0.45
4862817,560,0.45
4862917,569,0.46
4863017,569,0.46
4863117,573,0.46
4863217,571,0.46
4863317,562,0.45
4863417,558,0.45
4863517,558,0.45
4863617,559,0.45
4863717,560,0.45
4863817,562,0.45
4863917,562,0.45
4864017,570,0.46
4864117,563,0.45
4864217,542,0.44
4864317,565,0.46
4864417,565,0.46
321617,560,0.45
321717,556,0.45
321817,548,0.44
321917,557,0.45
322017,553,0.45
322117,559,0.45
322217,560,0.45
322317,537,0.43
322417,562,0.45
322517,558,0.45
322617,574,0.46
322717,562,0.45
322817,563,0.45
322917,560,0.45
323017,566,0.46
323117,560,0.45
323217,558,0.45
323317,570,0.46
323417,556,0.45
323517,560,0.45
323617,558,0.45
323717,560,0.45
323817,541,0.44
323917,559,0.45
324017,562,0.45
324117,574,0.46
324217,555,0.45
324317,566,0.46
324417,563,0.45
324517,562,0.45
324617,562,0.45
324717,566,0.46
324817,560,0.45
324917,560,0.45
325017,570,0.46
325117,567,0.46
325217,566,0.46
325317,557,0.45
325417,565,0.46
325517,574,0.46
325617,562,0.45
325717,560,0.45
325817,559,0.45
325917,560,0.45
326017,558,0.45
326117,560,0.45
326217,570,0.46
326317,555,0.45
326417,558,0.45
326517,574,0.46
326617,562,0.45
326717,464,0.37
326817,250,0.2
326917,0,0.0
327017,0,0.0
327117,0,0.0
327217,0,0.0
327317,0,0.0
327417,0,0.0
327517,0,0.0
327617,0,0.0
327717,0,0.0
327817,0,0.0
327917,0,0.0
328017,0,0.0
328117,0,0.0
328217,0,0.0
328317,0,0.0
328417,0,0.0
328517,0,0.0
328617,0,0.0
328717,0,0.0
328817,2,0.0
328917,286,0.23
329017,651,0.52
329117,995,0.8
329217,1255,1.01
329317,1261,1.02
329417,1279,1.03
329517,1346,1.08
329617,1535,1.24
329717,1942,1.56
329817,2346,1.89
329917,2778,2.24
330017,3088,2.49
330117,3204,2.58
330217,3232,2.6
330317,3230,2.6
330417,3234,2.61
330517,3225,2.6
330617,3221,2.6
330717,3216,2.59
330817,3215,2.59
330917,3216,2.59
331017,3225,2.6
331117,3216,2.59
331217,3217,2.59
331317,3216,2.59
331417,3222,2.6
331517,3248,2.62
331617,3219,2.59
331717,3216,2.59
331817,3218,2.59
331917,3219,2.59
332017,3238,2.61
332117,3216,2.59
332217,3216,2.59
332317,3248,2.62
332417,3213,2.59
332517,3227,2.6
332617,3212,2.59
332717,3227,2.6
332817,3219,2.59
332917,3227,2.6
333017,3216,2.59
333117,3227,2.6
333217,3234,2.61
333317,3219,2.59
333417,3231,2.6
333517,3223,2.6
333617,3236,2.61
333717,3217,2.59
333817,3216,2.59
333917,3227,2.6
334017,3219,2.59
334117,3215,2.59
334217,3232,2.6
334317,3226,2.6
334417,3216,2.59
334517,3226,2.6
334617,3215,2.59
334717,3219,2.59
334817,3227,2.6
334917,3227,2.6
335017,3228,2.6
335117,3218,2.59
335217,3244,2.61
335317,3217,2.59
335417,3232,2.6
335517,3225,2.6
335617,3222,2.6
335717,3221,2.6
335817,3227,2.6
335917,3217,2.59
336017,3222,2.6
336117,3227,2.6
336217,3216,2.59
336317,3216,2.59
336417,3219,2.59
336517,3222,2.6
336617,3229,2.6
336717,3223,2.6
336817,3226,2.6
336917,3217,2.59
337017,3212,2.59
337117,3222,2.6
337217,3217,2.59
337317,3222,2.6
337417,3231,2.6
337517,3216,2.59
337617,3217,2.59
337717,3222,2.6
337817,3230,2.6
337917,3212,2.59
338017,3216,2.59
338117,3223,2.6
338217,3216,2.59
338317,3222,2.6
338417,3216,2.59
338517,3233,2.61
338617,3223,2.6
338717,3226,2.6
338817,3233,2.61
338917,3216,2.59
339017,3215,2.59
339117,3218,2.59
339217,3222,2.6
339317,3219,2.59
339417,3217,2.59
339517,3223,2.6
339617,3221,2.6
339717,3219,2.59
339817,3222,2.6
339917,3218,2.59
340017,3217,2.59
340117,3223,2.6
340217,3207,2.58
340317,3229,2.6
340417,3217,2.59
340517,3221,2.6
340617,3218,2.59
340717,3223,2.6
340817,3221,2.6
340917,3216,2.59
341017,3228,2.6
341117,3232,2.6
341217,3222,2.6
341317,3216,2.59
341417,3227,2.6
341517,3225,2.6
341617,3214,2.59
341717,3223,2.6
341817,3232,2.6
341917,3229,2.6
342017,3217,2.59
342117,3228,2.6
342217,3217,2.59
342317,3227,2.6
342417,3223,2.6
342517,3222,2.6
342617,3221,2.6
342717,3219,2.59
342817,3222,2.6
342917,3225,2.6
343017,3223,2.6
343117,3226,2.6
343217,3230,2.6
343317,3222,2.6
343417,3232,2.6
343517,3219,2.59
343617,3226,2.6
343717,3219,2.59
343817,3232,2.6
343917,3218,2.59
344017,3236,2.61
344117,3230,2.6
344217,3234,2.61
344317,3223,2.6
344417,3233,2.61
344517,3223,2.6
344617,3221,2.6
344717,3223,2.6
344817,3225,2.6
344917,3217,2.59
345017,3225,2.6
345117,3225,2.6
345217,3232,2.6
345317,3223,2.6
345417,3233,2.61
345517,3234,2.61
345617,3223,2.6
345717,3221,2.6
345817,3232,2.6
345917,3234,2.61
346017,3228,2.6
346117,3230,2.6
346217,3216,2.59
346317,3221,2.6
346417,3219,2.59
346517,3238,2.61
346617,3221,2.6
346717,3222,2.6
346817,3226,2.6
346917,3222,2.6
347017,3222,2.6
347117,3217,2.59
347217,3221,2.6
347317,3222,2.6
347417,3225,2.6
347517,3226,2.6
347617,3221,2.6
347717,3218,2.59
347817,3221,2.6
347917,3223,2.6
348017,3231,2.6
348117,3218,2.59
348217,3219,2.59
348317,3226,2.6
348417,3221,2.6
348517,3225,2.6
348617,3216,2.59
348717,3227,2.6
348817,3216,2.59
348917,3227,2.6
349017,3230,2.6
349117,3231,2.6
349217,3228,2.6
349317,3223,2.6
349417,3232,2.6
349517,3226,2.6
349617,3216,2.59
349717,3225,2.6
349817,3221,2.6
349917,3213,2.59
350017,3221,2.6
350117,3221,2.6
350217,3217,2.59
350317,3221,2.6
350417,3221,2.6
350517,3222,2.6
350617,3222,2.6
350717,3223,2.6
350817,3219,2.59
350917,3226,2.6
351017,3227,2.6
351117,3226,2.6
351217,3228,2.6
351317,3227,2.6
351417,3219,2.59
351517,3226,2.6
351617,3219,2.59
351717,3231,2.6
351817,3225,2.6
351917,3219,2.59
352017,3238,2.61
352117,3251,2.62
352217,3227,2.6
352317,3221,2.6
352417,3219,2.59
352517,3223,2.6
352617,3228,2.6
352717,3231,2.6
352817,3221,2.6
352917,3216,2.59
353017,3227,2.6
353117,3227,2.6
353217,3234,2.61
353317,3223,2.6
353417,3219,2.59
353517,3221,2.6
353617,3237,2.61
353717,3222,2.6
353817,3216,2.59
353917,3234,2.61
354017,3222,2.6
354117,3221,2.6
354217,3216,2.59
354317,3206,2.58
354417,3229,2.6
354517,3220,2.59
354617,3212,2.59
354717,3222,2.6
354817,3225,2.6
354917,3225,2.6
355017,3217,2.59
355117,3234,2.61
355217,3220,2.59
355317,3230,2.6
355417,3221,2.6
355517,3203,2.58
355617,3232,2.6
355717,3219,2.59
355817,3214,2.59
355917,3217,2.59
356017,3216,2.59
356117,3220,2.59
356217,3220,2.59
356317,3218,2.59
356417,3219,2.59
356517,3230,2.6
356617,3216,2.59
356717,3222,2.6
356817,3219,2.59
356917,3216,2.59
357017,3230,2.6
357117,3217,2.59
357217,3217,2.59
357317,3243,2.61
357417,3229,2.6
357517,3219,2.59
357617,3211,2.59
357717,3223,2.6
357817,3233,2.61
357917,3222,2.6
358017,3232,2.6
358117,3299,2.66
358217,3773,3.04
358317,4095,3.3
358417,4095,3.3
358517,4095,3.3
358617,4095,3.3
358717,4095,3.3
358817,4095,3.3
358917,4095,3.3
359017,4095,3.3
359117,4095,3.3
359217,4095,3.3
359317,4095,3.3
359417,4095,3.3
359517,4095,3.3
359617,4095,3.3
359717,4095,3.3
359817,4095,3.3
359917,4095,3.3
360017,4095,3.3
360117,4095,3.3
360217,4095,3.3
360317,4095,3.3
360417,4095,3.3
360517,4095,3.3
360617,4095,3.3
360717,4095,3.3
360817,4095,3.3
360917,4095,3.3
361017,4095,3.3
361117,4095,3.3
361217,4095,3.3
361317,4095,3.3
361417,4095,3.3
361517,4095,3.3
361617,4095,3.3
361717,4095,3.3
361817,4095,3.3
361917,4095,3.3
362017,4095,3.3
362117,4095,3.3
362217,4095,3.3
362317,4095,3.3
362417,4095,3.3
362517,4095,3.3
362617,4095,3.3
362717,4095,3.3
362817,4095,3.3
362917,4095,3.3
363017,4095,3.3
363117,4095,3.3
363217,4095,3.3
363317,4095,3.3
363417,4095,3.3
363517,4095,3.3
363617,4095,3.3
363717,4095,3.3
363817,4095,3.3
363917,4095,3.3
364017,4095,3.3
364117,4095,3.3
364217,4095,3.3
364317,4095,3.3
364417,4095,3.3
364517,4095,3.3
364617,4095,3.3
364717,4095,3.3
364817,4095,3.3
364917,4095,3.3
365017,4095,3.3
365117,4095,3.3
365217,4095,3.3
365317,4095,3.3
365417,4095,3.3
365517,4095,3.3
365617,4095,3.3
365717,4095,3.3
365817,4095,3.3
365917,4095,3.3
366017,4095,3.3
366117,4095,3.3
366217,4095,3.3
366317,4095,3.3
366417,4095,3.3
366517,4095,3.3
366617,4095,3.3
366717,4095,3.3
366817,4095,3.3
366917,4095,3.3
367017,4095,3.3
367117,4095,3.3
367217,4095,3.3
367317,4095,3.3
367417,4095,3.3
367517,4095,3.3
367617,4095,3.3
367717,4095,3.3
367817,4095,3.3
367917,4095,3.3
368017,4095,3.3
368117,4095,3.3
368217,4095,3.3
368317,4095,3.3
368417,4095,3.3
368517,4095,3.3
368617,4095,3.3
368717,4095,3.3
368817,4095,3.3
368917,4095,3.3
369017,4095,3.3
369117,4095,3.3
369217,4095,3.3
369317,4095,3.3
369417,4095,3.3
369517,4095,3.3
369617,4095,3.3
369717,4095,3.3
369817,4095,3.3
369917,4095,3.3
370017,4095,3.3
370117,4095,3.3
370217,3410,2.75
370317,3015,2.43
370417,2997,2.42
370517,2999,2.42
370617,2994,2.41
370717,2835,2.28
370817,2433,1.96
370917,2000,1.61
371017,1751,1.41
371117,1772,1.43
371217,1766,1.42
371317,1771,1.43
371417,1671,1.35
371517,1319,1.06
371617,906,0.73
371717,555,0.45
371817,437,0.35
371917,410,0.33
372017,426,0.34
372117,414,0.33
372217,272,0.22
372317,0,0.0
372417,0,0.0
372517,0,0.0
372617,0,0.0
372717,0,0.0
372817,0,0.0
372917,0,0.0
373017,0,0.0
373117,0,0.0
373217,0,0.0
373317,0,0.0
373417,0,0.0
373517,0,0.0
373617,0,0.0
373717,0,0.0
373817,0,0.0
373917,0,0.0
374017,0,0.0
374117,0,0.0
374217,0,0.0
374317,0,0.0
374417,0,0.0
374517,0,0.0
374617,0,0.0
374717,0,0.0
374817,0,0.0
374917,0,0.0
375017,0,0.0
375117,0,0.0
375217,0,0.0
375317,0,0.0
375417,0,0.0
375517,0,0.0
375617,0,0.0
375717,0,0.0
375817,0,0.0
375917,0,0.0
376017,0,0.0
376117,0,0.0
376217,0,0.0
376317,0,0.0
376417,0,0.0
376517,0,0.0
376617,0,0.0
376717,0,0.0
376817,0,0.0
376917,0,0.0
377017,0,0.0
377117,0,0.0
377217,0,0.0
377317,0,0.0
377417,0,0.0
377517,0,0.0
377617,0,0.0
377717,0,0.0
377817,0,0.0
377917,0,0.0
378017,0,0.0
378117,0,0.0
378217,0,0.0
378317,0,0.0
378417,0,0.0
378517,0,0.0
378617,0,0.0
378717,0,0.0
378817,0,0.0
378917,0,0.0
379017,0,0.0
379117,0,0.0
379217,0,0.0
379317,0,0.0
379417,0,0.0
379517,0,0.0
379617,0,0.0
379717,0,0.0
379817,0,0.0
379917,0,0.0
380017,0,0.0
380117,0,0.0
380217,0,0.0
380317,0,0.0
380417,0,0.0
380517,0,0.0
380617,0,0.0
380717,0,0.0
380817,0,0.0
380917,0,0.0
381017,0,0.0
381117,0,0.0
381217,0,0.0
381317,0,0.0
381417,0,0.0
381517,0,0.0
381617,0,0.0
381717,0,0.0
381817,0,0.0
381917,0,0.0
382017,0,0.0
382117,0,0.0
382217,0,0.0
382317,0,0.0
382417,0,0.0
382517,0,0.0
382617,0,0.0
382717,0,0.0
382817,0,0.0
382917,0,0.0
383017,0,0.0
383117,0,0.0
383217,0,0.0
383317,0,0.0
383417,0,0.0
383517,0,0.0
383617,0,0.0
383717,0,0.0
383817,0,0.0
383917,0,0.0
384017,0,0.0
384117,0,0.0
384217,0,0.0
384317,0,0.0
384417,0,0.0
384517,0,0.0
384617,0,0.0
384717,0,0.0
384817,0,0.0
384917,0,0.0
385017,0,0.0
385117,0,0.0
385217,0,0.0
385317,0,0.0
385417,0,0.0
385517,0,0.0
385617,0,0.0
385717,0,0.0
385817,0,0.0
385917,0,0.0
386017,0,0.0
386117,0,0.0
386217,0,0.0
386317,0,0.0
386417,0,0.0
386517,0,0.0
386617,0,0.0
386717,0,0.0
386817,0,0.0
386917,0,0.0
387017,0,0.0
387117,0,0.0
387217,0,0.0
387317,0,0.0
387417,0,0.0
387517,0,0.0
387617,0,0.0
387717,0,0.0
387817,0,0.0
387917,0,0.0
388017,0,0.0
388117,0,0.0
388217,0,0.0
388317,0,0.0
388417,0,0.0
388517,0,0.0
388617,0,0.0
388717,0,0.0
388817,0,0.0
388917,0,0.0
389017,0,0.0
389117,0,0.0
389217,0,0.0
389317,0,0.0
389417,0,0.0
389517,0,0.0
389617,0,0.0
389717,0,0.0
389817,0,0.0
389917,0,0.0
390017,0,0.0
390117,0,0.0
390217,0,0.0
390317,0,0.0
390417,0,0.0
390517,0,0.0
3256817,0,0.0
3256917,0,0.0
3257017,0,0.0
3257117,0,0.0
3257217,0,0.0
3257317,0,0.0
3257417,0,0.0
3257517,0,0.0
3257617,0,0.0
3257717,0,0.0
3257817,0,0.0
3257917,0,0.0
3258017,0,0.0
3258117,0,0.0
3258217,0,0.0
3258317,0,0.0
3258417,0,0.0
3258517,0,0.0
3258617,0,0.0
3258717,0,0.0
3258817,0,0.0
3258917,0,0.0
3259017,0,0.0
3259117,0,0.0
3259217,0,0.0
3259317,0,0.0
3259417,0,0.0
3259517,0,0.0
3259617,0,0.0
3259717,0,0.0
3259817,0,0.0
3259917,0,0.0
3260017,0,0.0
3260117,0,0.0
3260217,0,0.0
3260317,0,0.0
3260417,0,0.0
3260517,0,0.0
3260617,0,0.0
3260717,0,0.0
3260817,0,0.0
3260917,0,0.0
3261017,0,0.0
3261117,0,0.0
3261217,0,0.0
3261317,0,0.0
3261417,0,0.0
3261517,0,0.0
3261617,0,0.0
3261717,0,0.0
3261817,0,0.0
3261917,0,0.0
3262017,0,0.0
3262117,0,0.0
3262217,0,0.0
3262317,0,0.0
3262417,0,0.0
3262517,0,0.0
3262617,0,0.0
3262717,0,0.0
3262817,0,0.0
3262917,0,0.0
3263017,0,0.0
3263117,0,0.0
3263217,0,0.0
3263317,0,0.0
3263417,0,0.0
3263517,0,0.0
3263617,0,0.0
3263717,0,0.0
3263817,0,0.0
3263917,0,0.0
3264017,0,0.0
3264117,0,0.0
3264217,0,0.0
3264317,0,0.0
3264417,0,0.0
3264517,0,0.0
3264617,0,0.0
3264717,0,0.0
3264817,0,0.0
3264917,0,0.0
3265017,0,0.0
3265117,0,0.0
3265217,0,0.0
3265317,0,0.0
3265417,0,0.0
3265517,0,0.0
3265617,0,0.0
3265717,0,0.0
3265817,0,0.0
3265917,0,0.0
3266017,0,0.0
3266117,0,0.0
3266217,0,0.0
3266317,0,0.0
3266417,0,0.0
3266517,0,0.0
3266617,0,0.0
3266717,0,0.0
3266817,0,0.0
3266917,0,0.0
3267017,0,0.0
3267117,0,0.0
3267217,0,0.0
3267317,0,0.0
3267417,0,0.0
3267517,0,0.0
3267617,0,0.0
3267717,0,0.0
3267817,0,0.0
3267917,0,0.0
3268017,0,0.0
3268117,0,0.0
3268217,0,0.0
3268317,0,0.0
3268417,0,0.0
3268517,0,0.0
3268617,0,0.0
3268717,0,0.0
3268817,0,0.0
3268917,0,0.0
3269017,0,0.0
3269117,0,0.0
3269217,0,0.0
3269317,0,0.0
3269417,0,0.0
3269517,0,0.0
3269617,0,0.0
3269717,0,0.0
3269817,0,0.0
3269917,0,0.0
3270017,0,0.0
3270117,0,0.0
3270217,0,0.0
3270317,0,0.0
3270417,0,0.0
3270517,0,0.0
3270617,0,0.0
3270717,0,0.0
3270817,0,0.0
3270917,0,0.0
3271017,0,0.0
3271117,0,0.0
3271217,0,0.0
3271317,0,0.0
3271417,0,0.0
3271517,0,0.0
3271617,0,0.0
3271717,0,0.0
3271817,0,0.0
3271917,0,0.0
3272017,0,0.0
3272117,0,0.0
3272217,0,0.0
3272317,0,0.0
3272417,0,0.0
3272517,0,0.0
3272617,0,0.0
3272717,0,0.0
3272817,0,0.0
3272917,0,0.0
3273017,0,0.0
3273117,0,0.0
3273217,0,0.0
3273317,0,0.0
3273417,0,0.0
3273517,0,0.0
3273617,0,0.0
3273717,0,0.0
3273817,0,0.0
3273917,0,0.0
3274017,0,0.0
3274117,0,0.0
3274217,0,0.0
3274317,0,0.0
3274417,0,0.0
3274517,0,0.0
3274617,0,0.0
3274717,0,0.0
3274817,0,0.0
3274917,0,0.0
3275017,110,0.09
3275117,185,0.15
3275217,204,0.16
3275317,251,0.2
3275417,229,0.18
3275517,250,0.2
3275617,307,0.25
3275717,339,0.27
3275817,390,0.31
3275917,427,0.34
3276017,393,0.32
3276117,413,0.33
3276217,459,0.37
3276317,499,0.4
3276417,507,0.41
3276517,576,0.46
3276617,626,0.5
3276717,636,0.51
3276817,679,0.55
3276917,727,0.59
3277017,720,0.58
3277117,734,0.59
3277217,770,0.62
3277317,790,0.64
3277417,802,0.65
3277517,780,0.63
3277617,846,0.68
3277717,849,0.68
3277817,883,0.71
3277917,912,0.73
3278017,933,0.75
3278117,900,0.73
3278217,905,0.73
3278317,978,0.79
3278417,994,0.8
3278517,970,0.78
3278617,1051,0.85
3278717,1091,0.88
3278817,1102,0.89
3278917,1140,0.92
3279017,1200,0.97
3279117,1232,0.99
3279217,1314,1.06
3279317,1350,1.09
3279417,1438,1.16
3279517,1554,1.25
3279617,1618,1.3
3279717,1662,1.34
3279817,1744,1.41
3279917,1785,1.44
3280017,1750,1.41
3280117,1777,1.43
3280217,1766,1.42
3280317,1745,1.41
3280417,1850,1.49
3280517,1903,1.53
3280617,1939,1.56
3280717,1936,1.56
3280817,1942,1.56
3280917,1936,1.56
3281017,1984,1.6
3281117,2032,1.64
3281217,2156,1.74
3281317,2239,1.8
3281417,2351,1.89
3281517,2403,1.94
3281617,2460,1.98
3281717,2596,2.09
3281817,2643,2.13
3281917,2777,2.24
3282017,2913,2.35
3282117,3106,2.5
3282217,3466,2.79
3282317,4053,3.27
3282417,4095,3.3
3282517,4095,3.3
3282617,4095,3.3
3282717,4095,3.3
3282817,4095,3.3
3282917,4095,3.3
3283017,4095,3.3
3283117,4095,3.3
3283217,4095,3.3
3283317,4095,3.3
3283417,4095,3.3
3283517,4095,3.3
3283617,4095,3.3
3283717,4095,3.3
3283817,4095,3.3
3283917,4095,3.3
3284017,4095,3.3
3284117,4095,3.3
3284217,4095,3.3
3284317,4095,3.3
3284417,4095,3.3
3284517,4095,3.3
3284617,4095,3.3
3284717,4095,3.3
3284817,4095,3.3
3284917,4095,3.3
3285017,4095,3.3
3285117,4095,3.3
3285217,4095,3.3
3285317,4095,3.3
3285417,4095,3.3
3285517,4095,3.3
3285617,4095,3.3
3285717,4095,3.3
3285817,4095,3.3
3285917,4095,3.3
3286017,4095,3.3
3286117,4095,3.3
3286217,4095,3.3
3286317,4095,3.3
3286417,4095,3.3
3286517,4095,3.3
3286617,4095,3.3
3286717,4095,3.3
3286817,4095,3.3
3286917,4095,3.3
3287017,4095,3.3
3287117,4095,3.3
3287217,4095,3.3
3287317,4095,3.3
3287417,4095,3.3
3287517,4095,3.3
3287617,4095,3.3
3287717,4095,3.3
3287817,4095,3.3
3287917,4095,3.3
3288017,4095,3.3
3288117,4095,3.3
3288217,4095,3.3
3288317,4095,3.3
3288417,4095,3.3
3288517,4095,3.3
3288617,4095,3.3
3288717,4095,3.3
3288817,4095,3.3
3288917,4095,3.3
3289017,4095,3.3
3289117,4095,3.3
3289217,4095,3.3
3289317,4095,3.3
3289417,4095,3.3
3289517,4095,3.3
3289617,4095,3.3
3289717,4095,3.3
3289817,4095,3.3
3289917,4095,3.3
3290017,4095,3.3
3290117,4095,3.3
3290217,4095,3.3
3290317,4095,3.3
3290417,4095,3.3
3290517,4095,3.3
3290617,3790,3.05
3290717,3535,2.85
3290817,3278,2.64
3290917,3139,2.53
3291017,3025,2.44
3291117,3024,2.44
3291217,3019,2.43
3291317,2991,2.41
3291417,3024,2.44
3291517,2995,2.41
3291617,2951,2.38
3291717,2838,2.29
3291817,2752,2.22
3291917,2662,2.15
3292017,2549,2.05
3292117,2449,1.97
3292217,2351,1.89
3292317,2226,1.79
3292417,2135,1.72
3292517,2064,1.66
3292617,1990,1.6
3292717,1903,1.53
3292817,1842,1.48
3292917,1826,1.47
3293017,1719,1.39
3293117,1659,1.34
3293217,1605,1.29
3293317,1560,1.26
3293417,1454,1.17
3293517,1304,1.05
3293617,1219,0.98
3293717,1106,0.89
3293817,1002,0.81
3293917,864,0.7
3294017,725,0.58
3294117,608,0.49
3294217,503,0.41
3294317,494,0.4
3294417,465,0.37
3294517,481,0.39
3294617,491,0.4
3294717,494,0.4
3294817,486,0.39
3294917,486,0.39
3295017,497,0.4
3295117,487,0.39
3295217,457,0.37
3295317,491,0.4
3295417,487,0.39
3295517,498,0.4
3295617,499,0.4
3295717,483,0.39
3295817,486,0.39
3295917,496,0.4
3296017,474,0.38
3296117,475,0.38
3296217,479,0.39
3296317,486,0.39
3296417,476,0.38
3296517,486,0.39
3296617,500,0.4
3296717,482,0.39
3296817,464,0.37
3296917,489,0.39
3297017,474,0.38
3297117,478,0.39
3297217,477,0.38
3297317,476,0.38
3297417,492,0.4
3297517,491,0.4
3297617,490,0.39
3297717,494,0.4
3297817,470,0.38
3297917,487,0.39
3298017,482,0.39
3298117,492,0.4
3298217,496,0.4
3298317,490,0.39
3298417,479,0.39
3298517,490,0.39
3298617,493,0.4
3298717,489,0.39
3298817,483,0.39
3298917,494,0.4
3299017,469,0.38
3299117,490,0.39
3299217,490,0.39
3299317,483,0.39
3299417,482,0.39
3299517,479,0.39
3299617,487,0.39
3299717,480,0.39
3299817,489,0.39
3299917,494,0.4
3300017,496,0.4
3300117,496,0.4
3300217,469,0.38
3300317,482,0.39
3300417,496,0.4
3300517,497,0.4
3300617,492,0.4
3300717,482,0.39
3300817,485,0.39
3300917,496,0.4
3301017,486,0.39
3301117,493,0.4
3301217,482,0.39
3301317,492,0.4
3301417,476,0.38
3301517,497,0.4
3301617,479,0.39
3301717,486,0.39
3301817,489,0.39
3301917,482,0.39
3302017,486,0.39
3302117,486,0.39
3302217,494,0.4
3302317,478,0.39
3302417,486,0.39
3302517,478,0.39
3302617,476,0.38
3302717,496,0.4
3302817,478,0.39
3302917,488,0.39
3303017,486,0.39
3303117,478,0.39
3303217,481,0.39
3303317,476,0.38
3303417,476,0.38
3303517,490,0.39
3303617,482,0.39
3303717,482,0.39
3303817,482,0.39
3303917,476,0.38
3304017,492,0.4
3304117,490,0.39
3304217,494,0.4
3304317,477,0.38
3304417,485,0.39
3304517,486,0.39
3304617,500,0.4
3304717,468,0.38
3304817,484,0.39
3304917,488,0.39
3305017,496,0.4
3305117,476,0.38
3305217,476,0.38
3305317,468,0.38
3305417,479,0.39
3305517,494,0.4
3305617,498,0.4
3305717,492,0.4
3305817,487,0.39
3305917,478,0.39
3306017,486,0.39
3306117,486,0.39
3306217,494,0.4
3306317,480,0.39
3306417,478,0.39
3306517,482,0.39
3306617,486,0.39
3306717,463,0.37
3306817,482,0.39
3306917,486,0.39
3307017,490,0.39
3307117,457,0.37
3307217,497,0.4
3307317,490,0.39
3307417,494,0.4
3307517,479,0.39
3307617,483,0.39
3307717,474,0.38
3307817,479,0.39
3307917,494,0.4
3308017,475,0.38
3308117,484,0.39
3308217,480,0.39
3308317,486,0.39
3308417,489,0.39
3308517,478,0.39
3308617,479,0.39
3308717,476,0.38
3308817,484,0.39
3308917,492,0.4
3309017,474,0.38
3309117,486,0.39
3309217,486,0.39
3309317,479,0.39
3309417,490,0.39
3309517,493,0.4
3309617,483,0.39
3309717,496,0.4
3309817,478,0.39
3309917,498,0.4
3310017,490,0.39
3310117,486,0.39
3310217,486,0.39
3310317,547,0.44
3310417,495,0.4
3310517,487,0.39
3310617,484,0.39
3310717,480,0.39
3310817,482,0.39
3310917,490,0.39
3311017,473,0.38
3311117,498,0.4
3311217,480,0.39
3311317,496,0.4
3311417,491,0.4
3311517,487,0.39
3311617,494,0.4
3311717,484,0.39
3311817,479,0.39
3311917,487,0.39
3312017,480,0.39
3312117,486,0.39
3312217,476,0.38
3312317,491,0.4
3312417,489,0.39
3312517,480,0.39
3312617,482,0.39
3312717,497,0.4
3312817,472,0.38
3312917,490,0.39
3313017,484,0.39
3313117,479,0.39
3313217,494,0.4
3313317,493,0.4
3313417,491,0.4
3313517,482,0.39
3313617,496,0.4
3313717,486,0.39
3313817,494,0.4
3313917,487,0.39
3314017,493,0.4
3314117,463,0.37
3314217,486,0.39
3314317,484,0.39
3314417,477,0.38
3314517,486,0.39
3314617,483,0.39
3314717,499,0.4
3314817,496,0.4
3314917,480,0.39
3315017,490,0.39
3315117,486,0.39
3315217,483,0.39
3315317,484,0.39
3315417,469,0.38
3315517,503,0.41
3315617,484,0.39
3315717,494,0.4
3315817,468,0.38
3315917,489,0.39
3316017,461,0.37
3316117,482,0.39
3316217,491,0.4
3316317,487,0.39
3316417,487,0.39
3316517,486,0.39
3316617,483,0.39
3316717,491,0.4
3316817,488,0.39
3316917,487,0.39
3317017,476,0.38
3317117,490,0.39
3317217,486,0.39
3317317,489,0.39
3317417,509,0.41
3317517,486,0.39
3317617,496,0.4
3317717,494,0.4
3317817,491,0.4
3317917,498,0.4
3318017,476,0.38
3318117,486,0.39
3318217,487,0.39
3318317,494,0.4
3318417,482,0.39
3318517,489,0.39
3318617,469,0.38
3318717,482,0.39
3318817,479,0.39
3318917,482,0.39
3319017,481,0.39
3319117,485,0.39
3319217,479,0.39
3319317,477,0.38
3319417,478,0.39
3319517,491,0.4
3319617,470,0.38
3319717,483,0.39
3319817,488,0.39
3319917,461,0.37
3320017,495,0.4
3320117,496,0.4
3320217,488,0.39
3320317,485,0.39
3320417,486,0.39
3320517,481,0.39
3320617,496,0.4
3320717,476,0.38
3320817,464,0.37
3320917,461,0.37
3321017,491,0.4
3321117,500,0.4
3321217,496,0.4
3321317,491,0.4
3321417,485,0.39
3321517,465,0.37
3321617,481,0.39
3321717,486,0.39
3321817,470,0.38
3321917,498,0.4
3322017,482,0.39
3322117,474,0.38
3322217,484,0.39
3322317,493,0.4
3322417,475,0.38
3322517,477,0.38
3322617,482,0.39
3322717,490,0.39
3322817,482,0.39
3322917,490,0.39
3323017,496,0.4
3323117,487,0.39
3323217,476,0.38
3323317,478,0.39
3323417,487,0.39
3323517,486,0.39
3323617,470,0.38
3323717,479,0.39
3323817,471,0.38
3323917,480,0.39
3324017,488,0.39
3324117,478,0.39
3324217,496,0.4
3324317,486,0.39
3324417,487,0.39
3324517,487,0.39
3324617,481,0.39
3324717,484,0.39
3324817,486,0.39
3324917,494,0.4
3325017,479,0.39
3325117,486,0.39
3325217,460,0.37
3325317,494,0.4
3325417,491,0.4
3325517,482,0.39
3325617,486,0.39
3325717,493,0.4
3325817,470,0.38
3325917,492,0.4
3326017,480,0.39
3326117,490,0.39
3326217,486,0.39
3326317,483,0.39
3326417,479,0.39
3326517,483,0.39
3326617,491,0.4
3326717,471,0.38
3326817,478,0.39
3326917,484,0.39
3327017,486,0.39
3327117,496,0.4
3327217,487,0.39
3327317,477,0.38
3327417,479,0.39
3327517,468,0.38
3327617,496,0.4
3327717,474,0.38
3327817,478,0.39
3327917,470,0.38
3328017,486,0.39
3328117,484,0.39
3328217,481,0.39
3328317,482,0.39
3328417,500,0.4
3328517,488,0.39
3328617,477,0.38
3328717,486,0.39
3328817,482,0.39
3328917,504,0.41
3329017,493,0.4
3329117,487,0.39
3329217,485,0.39
3329317,479,0.39
3329417,486,0.39
3329517,493,0.4
3329617,483,0.39
3329717,479,0.39
3329817,486,0.39
3329917,496,0.4
3330017,483,0.39
3330117,489,0.39
3330217,483,0.39
3330317,486,0.39
3330417,478,0.39
3330517,479,0.39
3330617,464,0.37
3330717,464,0.37
3330817,478,0.39
3330917,480,0.39
3331017,478,0.39
3331117,471,0.38
3331217,478,0.39
3331317,486,0.39
3331417,483,0.39
3331517,478,0.39
3331617,482,0.39
3331717,482,0.39
3331817,481,0.39
3331917,478,0.39
3332017,492,0.4
3332117,485,0.39
3332217,486,0.39
3332317,491,0.4
3332417,496,0.4
3332517,492,0.4
3332617,481,0.39
3332717,486,0.39
3332817,485,0.39
3332917,490,0.39
3333017,482,0.39
3333117,479,0.39
3333217,473,0.38
3333317,471,0.38
3333417,482,0.39
3333517,464,0.37
3333617,480,0.39
3333717,477,0.38
3333817,483,0.39
3333917,485,0.39
3334017,495,0.4
3334117,482,0.39
3334217,484,0.39
3334317,477,0.38
3334417,486,0.39
3334517,479,0.39
3334617,463,0.37
3334717,479,0.39
3334817,500,0.4
3334917,476,0.38
3335017,479,0.39
3335117,497,0.4
3335217,479,0.39
3335317,484,0.39
3335417,474,0.38
3335517,491,0.4
3335617,479,0.39
3335717,498,0.4
3335817,468,0.38
3335917,472,0.38
3336017,496,0.4
3336117,489,0.39
3336217,487,0.39
3336317,495,0.4
3336417,489,0.39
3336517,490,0.39
3336617,486,0.39
3336717,478,0.39
3336817,478,0.39
3336917,480,0.39
3337017,472,0.38
3337117,468,0.38
3337217,484,0.39
3337317,483,0.39
3337417,482,0.39
3337517,498,0.4
3337617,480,0.39
3337717,471,0.38
3337817,478,0.39
3337917,476,0.38
3338017,470,0.38
3338117,478,0.39
3338217,479,0.39
3338317,500,0.4
3338417,480,0.39
3338517,490,0.39
3338617,489,0.39
3338717,475,0.38
3338817,486,0.39
3338917,496,0.4
3339017,482,0.39
3339117,479,0.39
3339217,471,0.38
3339317,496,0.4
3339417,478,0.39
3339517,486,0.39
3339617,494,0.4
3339717,469,0.38
3339817,482,0.39
3339917,493,0.4
3340017,496,0.4
3340117,477,0.38
3340217,495,0.4
3340317,487,0.39
3340417,493,0.4
3340517,480,0.39
3340617,483,0.39
3340717,486,0.39
3340817,483,0.39
3340917,476,0.38
3341017,490,0.39
3341117,490,0.39
3341217,480,0.39
3341317,490,0.39
3341417,480,0.39
3341517,482,0.39
3341617,480,0.39
3341717,488,0.39
3341817,486,0.39
3341917,490,0.39
3342017,481,0.39
3342117,496,0.4
3342217,486,0.39
3342317,479,0.39
3342417,493,0.4
3342517,479,0.39
3342617,469,0.38
3342717,464,0.37
3342817,491,0.4
3342917,480,0.39
3343017,471,0.38
3343117,488,0.39
3343217,481,0.39
3343317,498,0.4
3343417,494,0.4
3343517,490,0.39
3343617,496,0.4
3343717,487,0.39
3343817,490,0.39
3343917,463,0.37
3344017,480,0.39
3344117,495,0.4
3344217,492,0.4
3344317,486,0.39
3344417,461,0.37
3344517,494,0.4
3344617,484,0.39
3344717,494,0.4
3344817,487,0.39
3344917,477,0.38
3345017,494,0.4
3345117,478,0.39
3345217,482,0.39
3345317,478,0.39
3345417,478,0.39
3345517,496,0.4
3345617,484,0.39
3345717,479,0.39
3345817,476,0.38
3345917,470,0.38
3346017,487,0.39
3346117,464,0.37
3346217,492,0.4
3346317,474,0.38
3346417,464,0.37
3346517,484,0.39
3346617,490,0.39
3346717,490,0.39
3346817,480,0.39
3346917,478,0.39
3347017,487,0.39
3347117,462,0.37
3347217,490,0.39
3347317,469,0.38
3347417,496,0.4
3347517,464,0.37
3347617,481,0.39
3347717,484,0.39
3347817,490,0.39
3347917,490,0.39
3348017,496,0.4
3348117,494,0.4
3348217,468,0.38
3348317,482,0.39
3348417,468,0.38
3348517,461,0.37
3348617,480,0.39
3348717,484,0.39
3348817,481,0.39
3348917,490,0.39
3349017,476,0.38
3349117,476,0.38
3349217,484,0.39
3349317,479,0.39
3349417,495,0.4
3349517,500,0.4
3349617,477,0.38
3349717,493,0.4
3349817,481,0.39
3349917,485,0.39
3350017,478,0.39
3350117,492,0.4
3350217,486,0.39
3350317,454,0.37
3350417,477,0.38
3350517,498,0.4
3350617,492,0.4
3350717,477,0.38
3350817,484,0.39
3350917,494,0.4
3351017,487,0.39
3351117,480,0.39
3351217,472,0.38
3351317,483,0.39
3351417,474,0.38
3351517,486,0.39
3351617,479,0.39
3351717,473,0.38
3351817,494,0.4
3351917,491,0.4
3352017,496,0.4
3352117,499,0.4
3352217,482,0.39
3352317,480,0.39
3352417,490,0.39
3352517,494,0.4
3352617,487,0.39
3352717,489,0.39
3352817,490,0.39
3352917,474,0.38
3353017,500,0.4
3353117,487,0.39
3353217,501,0.4
3353317,481,0.39
3353417,489,0.39
3353517,486,0.39
3353617,485,0.39
3353717,476,0.38
3353817,486,0.39
3353917,477,0.38
3354017,466,0.38
3354117,472,0.38
3354217,474,0.38
3354317,487,0.39
3354417,479,0.39
3354517,477,0.38
3354617,482,0.39
3354717,478,0.39
3354817,478,0.39
3354917,484,0.39
3355017,490,0.39
3355117,486,0.39
3355217,490,0.39
3355317,474,0.38
3355417,478,0.39
3355517,486,0.39
3355617,473,0.38
3355717,481,0.39
3355817,495,0.4
3355917,494,0.4
3356017,498,0.4
3356117,467,0.38
3356217,478,0.39
3356317,474,0.38
3356417,472,0.38
3356517,479,0.39
3356617,478,0.39
3356717,486,0.39
3356817,481,0.39
3356917,474,0.38
3357017,501,0.4
3357117,480,0.39
3357217,478,0.39
3357317,473,0.38
3357417,490,0.39
3357517,486,0.39
3357617,491,0.4
3357717,478,0.39
3357817,469,0.38
3357917,478,0.39
3358017,469,0.38
3358117,486,0.39
3358217,494,0.4
3358317,486,0.39
3358417,485,0.39
3358517,473,0.38
3358617,484,0.39
3358717,492,0.4
3358817,473,0.38
3358917,477,0.38
3359017,480,0.39
3359117,486,0.39
3359217,502,0.4
3359317,474,0.38
3359417,481,0.39
3359517,476,0.38
3359617,469,0.38
3359717,477,0.38
3359817,479,0.39
3359917,484,0.39
3360017,473,0.38
3360117,493,0.4
3360217,482,0.39
3360317,482,0.39
3360417,495,0.4
3360517,471,0.38
3360617,491,0.4
3360717,479,0.39
3360817,476,0.38
3360917,491,0.4
3361017,496,0.4
3361117,482,0.39
3361217,490,0.39
3361317,481,0.39
3361417,489,0.39
3361517,496,0.4
3361617,482,0.39
3361717,476,0.38
3361817,479,0.39
3361917,495,0.4
3362017,464,0.37
3362117,484,0.39
3362217,468,0.38
3362317,486,0.39
3362417,479,0.39
3362517,471,0.38
3362617,486,0.39
3362717,482,0.39
3362817,486,0.39
3362917,478,0.39
3363017,479,0.39
3363117,478,0.39
3363217,486,0.39
3363317,479,0.39
3363417,464,0.37
3363517,469,0.38
3363617,479,0.39
3363717,486,0.39
3363817,464,0.37
3363917,490,0.39
3364017,487,0.39
3364117,476,0.38
3364217,479,0.39
3364317,464,0.37
3364417,482,0.39
3364517,482,0.39
3364617,503,0.41
3364717,475,0.38
3364817,488,0.39
3364917,481,0.39
3365017,473,0.38
3365117,482,0.39
3365217,487,0.39
3365317,465,0.37
3365417,477,0.38
3365517,469,0.38
3365617,486,0.39
3365717,498,0.4
3365817,479,0.39
3365917,478,0.39
3366017,483,0.39
3366117,482,0.39
3366217,484,0.39
3366317,478,0.39
3366417,482,0.39
3366517,482,0.39
3366617,482,0.39
3366717,479,0.39
3366817,473,0.38
3366917,486,0.39
3367017,485,0.39
3367117,484,0.39
3367217,479,0.39
3367317,486,0.39
3367417,491,0.4
3367517,483,0.39
3367617,495,0.4
3367717,472,0.38
3367817,472,0.38
3367917,486,0.39
3368017,487,0.39
3368117,463,0.37
3368217,484,0.39
3368317,487,0.39
3368417,488,0.39
3368517,487,0.39
3368617,486,0.39
3368717,482,0.39
3368817,486,0.39
3368917,480,0.39
3369017,495,0.4
3369117,484,0.39
3369217,468,0.38
3369317,464,0.37
3369417,482,0.39
3369517,464,0.37
3369617,492,0.4
3369717,472,0.38
3369817,493,0.4
3369917,494,0.4
3370017,474,0.38
3370117,464,0.37
3370217,486,0.39
3370317,470,0.38
3370417,485,0.39
3370517,491,0.4
3370617,494,0.4
3370717,491,0.4
3370817,481,0.39
3370917,490,0.39
3371017,483,0.39
3371117,472,0.38
3371217,489,0.39
3371317,496,0.4
3371417,482,0.39
3371517,476,0.38
3371617,487,0.39
3371717,481,0.39
3371817,488,0.39
3371917,494,0.4
3372017,465,0.37
3372117,483,0.39
3372217,486,0.39
3372317,470,0.38
3372417,478,0.39
3372517,478,0.39
3372617,475,0.38
3372717,487,0.39
3372817,465,0.37
3372917,496,0.4
3373017,480,0.39
3373117,490,0.39
3373217,490,0.39
3373317,469,0.38
3373417,464,0.37
3373517,487,0.39
3373617,481,0.39
3373717,486,0.39
3373817,490,0.39
3373917,483,0.39
3374017,494,0.4
3374117,494,0.4
3374217,477,0.38
3374317,480,0.39
3374417,482,0.39
3374517,486,0.39
3374617,478,0.39
3374717,479,0.39
3374817,486,0.39
3374917,496,0.4
3375017,479,0.39
3375117,484,0.39
3375217,483,0.39
3375317,496,0.4
3375417,470,0.38
3375517,487,0.39
3375617,467,0.38
3375717,476,0.38
3375817,484,0.39
3375917,482,0.39
3376017,494,0.4
3376117,468,0.38
3376217,478,0.39
3376317,487,0.39
3376417,498,0.4
3376517,477,0.38
3376617,477,0.38
3376717,465,0.37
3376817,484,0.39
3376917,490,0.39
3377017,492,0.4
3377117,490,0.39
3377217,490,0.39
3377317,500,0.4
3377417,495,0.4
3377517,479,0.39
3377617,480,0.39
3377717,482,0.39
3377817,472,0.38
3377917,482,0.39
3378017,489,0.39
3378117,468,0.38
3378217,486,0.39
3378317,483,0.39
3378417,478,0.39
3378517,482,0.39
3378617,478,0.39
3378717,480,0.39
3378817,476,0.38
3378917,483,0.39
3379017,464,0.37
3379117,490,0.39
3379217,487,0.39
3379317,487,0.39
3379417,486,0.39
3379517,479,0.39
3379617,477,0.38
3379717,493,0.4
3379817,477,0.38
3379917,496,0.4
3380017,496,0.4
3380117,497,0.4
3380217,488,0.39
3380317,482,0.39
3380417,486,0.39
3380517,471,0.38
3380617,483,0.39
3380717,490,0.39
3380817,470,0.38
3380917,485,0.39
3381017,482,0.39
3381117,494,0.4
3381217,500,0.4
3381317,476,0.38
3381417,494,0.4
3381517,485,0.39
3381617,496,0.4
3381717,476,0.38
3381817,470,0.38
3381917,486,0.39
3382017,488,0.39
3382117,472,0.38
3382217,496,0.4
3382317,479,0.39
3382417,486,0.39
3382517,495,0.4
3382617,479,0.39
3382717,490,0.39
3382817,480,0.39
3382917,482,0.39
3383017,470,0.38
3383117,482,0.39
3383217,497,0.4
3383317,482,0.39
3383417,493,0.4
3383517,477,0.38
3383617,494,0.4
3383717,485,0.39
3383817,486,0.39
3383917,479,0.39
3384017,488,0.39
3384117,482,0.39
3384217,484,0.39
3384317,490,0.39
3384417,478,0.39
3384517,483,0.39
3384617,478,0.39
3384717,490,0.39
3384817,491,0.4
3384917,496,0.4
3385017,494,0.4
3385117,482,0.39
3385217,500,0.4
3385317,478,0.39
3385417,478,0.39
3385517,465,0.37
3385617,492,0.4
3385717,483,0.39
3385817,487,0.39
3385917,484,0.39
3386017,482,0.39
3386117,477,0.38
3386217,492,0.4
3386317,493,0.4
3386417,478,0.39
3386517,490,0.39
3386617,486,0.39
3386717,484,0.39
3386817,487,0.39
3386917,487,0.39
3387017,499,0.4
3387117,486,0.39
3387217,493,0.4
3387317,494,0.4
3387417,465,0.37
3387517,496,0.4
3387617,468,0.38
3387717,472,0.38
3387817,496,0.4
3387917,487,0.39
3388017,483,0.39
3388117,482,0.39
3388217,485,0.39
3388317,494,0.4
3388417,468,0.38
3388517,478,0.39
3388617,496,0.4
3388717,483,0.39
3388817,479,0.39
3388917,484,0.39
3389017,470,0.38
3389117,472,0.38
3389217,476,0.38
3389317,485,0.39
3389417,482,0.39
3389517,471,0.38
3389617,486,0.39
3389717,500,0.4
3389817,496,0.4
3389917,482,0.39
3390017,492,0.4
3390117,488,0.39
3390217,487,0.39
3390317,491,0.4
3390417,508,0.41
3390517,476,0.38
3390617,485,0.39
3390717,480,0.39
3390817,487,0.39
3390917,462,0.37
3391017,490,0.39
3391117,484,0.39
3391217,483,0.39
3391317,486,0.39
3391417,475,0.38
3391517,494,0.4
3391617,481,0.39
3391717,480,0.39
3391817,481,0.39
3391917,490,0.39
3392017,485,0.39
3392117,480,0.39
3392217,473,0.38
3392317,484,0.39
3392417,482,0.39
3392517,487,0.39
3392617,482,0.39
3392717,489,0.39
3392817,479,0.39
3392917,473,0.38
3393017,483,0.39
3393117,492,0.4
3393217,484,0.39
3393317,479,0.39
3393417,463,0.37
3393517,482,0.39
3393617,494,0.4
3393717,486,0.39
3393817,487,0.39
3393917,464,0.37
3394017,489,0.39
3394117,486,0.39
3394217,496,0.4
3394317,492,0.4
3394417,486,0.39
3394517,498,0.4
3394617,485,0.39
3394717,491,0.4
3394817,494,0.4
3394917,491,0.4
3395017,478,0.39
3395117,469,0.38
3395217,494,0.4
3395317,490,0.39
3395417,476,0.38
3395517,501,0.4
3395617,476,0.38
3395717,475,0.38
3395817,491,0.4
3395917,482,0.39
3396017,482,0.39
3396117,494,0.4
3396217,479,0.39
3396317,496,0.4
3396417,511,0.41
3396517,486,0.39
3396617,478,0.39
3396717,496,0.4
3396817,473,0.38
3396917,470,0.38
3397017,482,0.39
3397117,473,0.38
3397217,476,0.38
3397317,496,0.4
3397417,490,0.39
3397517,483,0.39
3397617,479,0.39
3397717,480,0.39
3397817,491,0.4
3397917,499,0.4
3398017,464,0.37
3398117,478,0.39
3398217,478,0.39
3398317,489,0.39
3398417,491,0.4
3398517,472,0.38
3398617,486,0.39
3398717,485,0.39
3398817,468,0.38
3398917,486,0.39
3399017,483,0.39
3399117,482,0.39
3399217,483,0.39
3399317,466,0.38
3399417,489,0.39
3399517,494,0.4
3399617,486,0.39
3399717,482,0.39
3399817,486,0.39
3399917,474,0.38
3400017,479,0.39
3400117,464,0.37
3400217,487,0.39
3400317,481,0.39
3400417,485,0.39
3400517,492,0.4
3400617,474,0.38
3400717,478,0.39
3400817,477,0.38
3400917,482,0.39
3401017,483,0.39
3401117,474,0.38
3401217,482,0.39
3401317,478,0.39
3401417,481,0.39
3401517,489,0.39
3401617,484,0.39
3401717,487,0.39
3401817,494,0.4
3401917,499,0.4
3402017,490,0.39
3402117,494,0.4
3402217,490,0.39
3402317,479,0.39
3402417,486,0.39
3402517,496,0.4
3402617,482,0.39
3402717,486,0.39
3402817,475,0.38
3402917,494,0.4
3403017,479,0.39
3403117,479,0.39
3403217,490,0.39
3403317,496,0.4
3403417,480,0.39
3403517,479,0.39
3403617,496,0.4
3403717,494,0.4
3403817,493,0.4
3403917,482,0.39
3404017,487,0.39
3404117,469,0.38
3404217,481,0.39
3404317,482,0.39
3404417,486,0.39
3404517,482,0.39
3404617,496,0.4
3404717,495,0.4
3404817,492,0.4
3404917,489,0.39
3405017,490,0.39
3405117,496,0.4
3405217,468,0.38
3405317,478,0.39
3405417,494,0.4
3405517,464,0.37
3405617,480,0.39
3405717,478,0.39
3405817,461,0.37
3405917,478,0.39
3406017,496,0.4
3406117,496,0.4
3406217,487,0.39
3406317,478,0.39
3406417,482,0.39
3406517,487,0.39
3406617,483,0.39
3406717,494,0.4
3406817,494,0.4
3406917,487,0.39
3407017,487,0.39
3407117,487,0.39
3407217,483,0.39
3407317,493,0.4
3407417,494,0.4
3407517,473,0.38
3407617,494,0.4
3407717,482,0.39
3407817,487,0.39
3407917,491,0.4
3408017,478,0.39
3408117,496,0.4
3408217,491,0.4
3408317,487,0.39
3408417,496,0.4
3408517,496,0.4
3408617,486,0.39
3408717,456,0.37
3408817,484,0.39
3408917,479,0.39
3409017,467,0.38
3409117,485,0.39
3409217,486,0.39
3409317,496,0.4
3409417,483,0.39
3409517,486,0.39
3409617,496,0.4
3409717,494,0.4
3409817,503,0.41
3409917,471,0.38
3410017,487,0.39
3410117,494,0.4
3410217,495,0.4
3410317,480,0.39
3410417,491,0.4
3410517,495,0.4
3410617,484,0.39
3410717,484,0.39
3410817,490,0.39
3410917,456,0.37
3411017,483,0.39
3411117,488,0.39
3411217,501,0.4
3411317,490,0.39
3411417,480,0.39
3411517,480,0.39
3411617,482,0.39
3411717,461,0.37
3411817,478,0.39
3411917,477,0.38
3412017,486,0.39
3412117,490,0.39
3412217,486,0.39
3412317,485,0.39
3412417,481,0.39
3412517,472,0.38
3412617,495,0.4
3412717,490,0.39
3412817,492,0.4
3412917,482,0.39
3413017,492,0.4
3413117,485,0.39
3413217,478,0.39
3413317,464,0.37
3413417,494,0.4
3413517,485,0.39
3413617,481,0.39
3413717,468,0.38
3413817,470,0.38
3413917,461,0.37
3414017,476,0.38
3414117,480,0.39
3414217,488,0.39
3414317,490,0.39
3414417,473,0.38
3414517,482,0.39
3414617,486,0.39
3414717,496,0.4
3414817,502,0.4
3414917,474,0.38
3415017,496,0.4
3415117,502,0.4
3415217,484,0.39
3415317,466,0.38
3415417,478,0.39
3415517,486,0.39
3415617,481,0.39
3415717,470,0.38
3415817,483,0.39
3415917,480,0.39
3416017,482,0.39
3416117,479,0.39
3416217,479,0.39
3416317,494,0.4
3416417,494,0.4
3416517,483,0.39
3416617,480,0.39
3416717,478,0.39
3416817,473,0.38
3416917,461,0.37
3417017,487,0.39
3417117,478,0.39
3417217,511,0.41
3417317,482,0.39
3417417,480,0.39
3417517,479,0.39
3417617,476,0.38
3417717,482,0.39
3417817,490,0.39
3417917,498,0.4
3418017,481,0.39
3418117,476,0.38
3418217,480,0.39
3418317,492,0.4
3418417,496,0.4
3418517,487,0.39
3418617,493,0.4
3418717,464,0.37
3418817,474,0.38
3418917,492,0.4
3419017,464,0.37
3419117,473,0.38
3419217,497,0.4
3419317,469,0.38
3419417,486,0.39
3419517,486,0.39
3419617,483,0.39
3419717,480,0.39
3419817,476,0.38
3419917,496,0.4
3420017,478,0.39
3420117,471,0.38
3420217,494,0.4
3420317,491,0.4
3420417,502,0.4
3420517,470,0.38
3420617,474,0.38
3420717,474,0.38
3420817,486,0.39
3420917,502,0.4
3421017,481,0.39
3421117,477,0.38
3421217,479,0.39
3421317,486,0.39
3421417,470,0.38
3421517,486,0.39
3421617,502,0.4
3421717,483,0.39
3421817,491,0.4
3421917,486,0.39
3422017,484,0.39
3422117,495,0.4
3422217,471,0.38
3422317,491,0.4
3422417,464,0.37
3422517,492,0.4
3422617,496,0.4
3422717,496,0.4
3422817,483,0.39
3422917,485,0.39
3423017,485,0.39
3423117,473,0.38
3423217,491,0.4
3423317,478,0.39
3423417,479,0.39
3423517,478,0.39
3423617,483,0.39
3423717,482,0.39
3423817,482,0.39
3423917,494,0.4
3424017,498,0.4
3424117,488,0.39
3424217,483,0.39
3424317,488,0.39
3424417,480,0.39
3424517,482,0.39
3424617,487,0.39
3424717,479,0.39
3424817,496,0.4
3424917,480,0.39
3425017,461,0.37
3425117,485,0.39
3425217,494,0.4
3425317,482,0.39
3425417,469,0.38
3425517,499,0.4
3425617,484,0.39
3425717,498,0.4
3425817,476,0.38
3425917,469,0.38
3426017,480,0.39
3426117,479,0.39
3426217,494,0.4
3426317,482,0.39
3426417,486,0.39
3426517,478,0.39
3426617,494,0.4
3426717,489,0.39
3426817,480,0.39
3426917,461,0.37
3427017,480,0.39
3427117,482,0.39
3427217,484,0.39
3427317,484,0.39
3427417,484,0.39
3427517,481,0.39
3427617,491,0.4
3427717,477,0.38
3427817,486,0.39
3427917,473,0.38
3428017,488,0.39
3428117,471,0.38
3428217,477,0.38
3428317,483,0.39
3428417,478,0.39
3428517,480,0.39
3428617,479,0.39
3428717,488,0.39
3428817,479,0.39
3428917,483,0.39
3429017,493,0.4
3429117,496,0.4
3429217,487,0.39
3429317,497,0.4
3429417,480,0.39
3429517,490,0.39
3429617,494,0.4
3429717,490,0.39
3429817,491,0.4
3429917,486,0.39
3430017,494,0.4
3430117,479,0.39
3430217,469,0.38
3430317,476,0.38
3430417,491,0.4
3430517,497,0.4
3430617,478,0.39
3430717,473,0.38
3430817,468,0.38
3430917,488,0.39
3431017,478,0.39
3431117,478,0.39
3431217,478,0.39
3431317,470,0.38
3431417,474,0.38
3431517,487,0.39
3431617,483,0.39
3431717,490,0.39
3431817,479,0.39
3431917,487,0.39
3432017,490,0.39
3432117,482,0.39
3432217,486,0.39
3432317,490,0.39
3432417,486,0.39
3432517,486,0.39
3432617,495,0.4
3432717,482,0.39
3432817,483,0.39
3432917,474,0.38
3433017,496,0.4
3433117,494,0.4
3433217,479,0.39
3433317,470,0.38
3433417,482,0.39
3433517,468,0.38
3433617,466,0.38
3433717,492,0.4
3433817,478,0.39
3433917,478,0.39
3434017,483,0.39
3434117,506,0.41
3434217,479,0.39
3434317,464,0.37
3434417,481,0.39
3434517,474,0.38
3434617,478,0.39
3434717,477,0.38
3434817,482,0.39
3434917,481,0.39
3435017,491,0.4
3435117,468,0.38
3435217,478,0.39
3435317,494,0.4
3435417,473,0.38
3435517,486,0.39
3435617,478,0.39
3435717,461,0.37
3435817,478,0.39
3435917,482,0.39
3436017,482,0.39
3436117,497,0.4
3436217,484,0.39
3436317,464,0.37
3436417,496,0.4
3436517,468,0.38
3436617,487,0.39
3436717,494,0.4
3436817,480,0.39
3436917,481,0.39
3437017,480,0.39
3437117,487,0.39
3437217,494,0.4
3437317,480,0.39
3437417,486,0.39
3437517,494,0.4
3437617,494,0.4
3437717,484,0.39
3437817,474,0.38
3437917,496,0.4
3438017,482,0.39
3438117,475,0.38
3438217,479,0.39
3438317,490,0.39
3438417,486,0.39
3438517,486,0.39
3438617,477,0.38
3438717,476,0.38
3438817,485,0.39
3438917,475,0.38
3439017,480,0.39
3439117,481,0.39
3439217,490,0.39
3439317,468,0.38
3439417,483,0.39
3439517,472,0.38
3439617,478,0.39
3439717,470,0.38
3439817,493,0.4
3439917,484,0.39
3440017,482,0.39
3440117,490,0.39
3440217,479,0.39
3440317,488,0.39
3440417,495,0.4
3440517,482,0.39
3440617,475,0.38
3440717,478,0.39
3440817,492,0.4
3440917,470,0.38
3441017,489,0.39
3441117,477,0.38
3441217,494,0.4
3441317,469,0.38
3441417,483,0.39
3441517,490,0.39
3441617,497,0.4
3441717,478,0.39
3441817,496,0.4
3441917,496,0.4
3442017,483,0.39
3442117,495,0.4
3442217,468,0.38
3442317,483,0.39
3442417,478,0.39
3442517,479,0.39
3442617,464,0.37
3442717,484,0.39
3442817,486,0.39
3442917,496,0.4
3443017,476,0.38
3443117,482,0.39
3443217,478,0.39
3443317,494,0.4
3443417,480,0.39
3443517,492,0.4
3443617,485,0.39
3443717,464,0.37
3443817,484,0.39
3443917,482,0.39
3444017,502,0.4
3444117,482,0.39
3444217,484,0.39
3444317,490,0.39
3444417,478,0.39
3444517,486,0.39
3444617,481,0.39
3444717,493,0.4
3444817,474,0.38
3444917,480,0.39
3445017,486,0.39
3445117,486,0.39
3445217,482,0.39
3445317,469,0.38
3445417,482,0.39
3445517,480,0.39
3445617,486,0.39
3445717,478,0.39
3445817,496,0.4
3445917,468,0.38
3446017,477,0.38
3446117,494,0.4
3446217,486,0.39
3446317,498,0.4
3446417,496,0.4
3446517,492,0.4
3446617,490,0.39
3446717,485,0.39
3446817,485,0.39
3446917,478,0.39
3447017,497,0.4
3447117,494,0.4
3447217,496,0.4
3447317,464,0.37
3447417,495,0.4
3447517,475,0.38
3447617,479,0.39
3447717,486,0.39
3447817,490,0.39
3447917,482,0.39
3448017,464,0.37
3448117,482,0.39
3448217,483,0.39
3448317,474,0.38
3448417,486,0.39
3448517,476,0.38
3448617,482,0.39
3448717,469,0.38
3448817,479,0.39
3448917,464,0.37
3449017,491,0.4
3449117,482,0.39
3449217,487,0.39
3449317,482,0.39
3449417,480,0.39
3449517,496,0.4
3449617,498,0.4
3449717,478,0.39
3449817,490,0.39
3449917,472,0.38
3450017,478,0.39
3450117,482,0.39
3450217,489,0.39
3450317,486,0.39
3450417,490,0.39
3450517,480,0.39
3450617,476,0.38
3450717,489,0.39
3450817,484,0.39
3450917,486,0.39
3451017,479,0.39
3451117,464,0.37
3451217,486,0.39
3451317,495,0.4
3451417,468,0.38
3451517,473,0.38
3451617,482,0.39
3451717,476,0.38
3451817,466,0.38
3451917,483,0.39
3452017,477,0.38
3452117,490,0.39
3452217,483,0.39
3452317,494,0.4
3452417,474,0.38
3452517,484,0.39
3452617,486,0.39
3452717,464,0.37
3452817,477,0.38
3452917,488,0.39
3453017,465,0.37
3453117,478,0.39
3453217,489,0.39
3453317,478,0.39
3453417,473,0.38
3453517,479,0.39
3453617,486,0.39
3453717,466,0.38
3453817,478,0.39
3453917,498,0.4
3454017,493,0.4
3454117,496,0.4
3454217,482,0.39
3454317,474,0.38
3454417,496,0.4
3454517,496,0.4
3454617,486,0.39
3454717,486,0.39
3454817,485,0.39
3454917,494,0.4
3455017,483,0.39
3455117,498,0.4
3455217,482,0.39
3455317,477,0.38
3455417,494,0.4
3455517,486,0.39
3455617,482,0.39
3455717,489,0.39
3455817,470,0.38
3455917,490,0.39
3456017,487,0.39
3456117,486,0.39
3456217,471,0.38
3456317,474,0.38
3456417,469,0.38
3456517,496,0.4
3456617,528,0.43
3456717,481,0.39
3456817,483,0.39
3456917,486,0.39
3457017,478,0.39
3457117,474,0.38
3457217,483,0.39
3457317,481,0.39
3457417,496,0.4
3457517,468,0.38
3457617,478,0.39
3457717,490,0.39
3457817,496,0.4
3457917,486,0.39
3458017,496,0.4
3458117,497,0.4
3458217,464,0.37
3458317,476,0.38
3458417,473,0.38
3458517,468,0.38
3458617,489,0.39
3458717,493,0.4
3458817,487,0.39
3458917,487,0.39
3459017,481,0.39
3459117,485,0.39
3459217,482,0.39
3459317,484,0.39
3459417,484,0.39
3459517,478,0.39
3459617,496,0.4
3459717,465,0.37
3459817,482,0.39
3459917,494,0.4
3460017,500,0.4
3460117,470,0.38
3460217,490,0.39
3460317,465,0.37
3460417,479,0.39
3460517,494,0.4
3460617,484,0.39
3460717,469,0.38
3460817,496,0.4
3460917,480,0.39
3461017,478,0.39
3461117,461,0.37
3461217,486,0.39
3461317,489,0.39
3461417,486,0.39
3461517,492,0.4
3461617,460,0.37
3461717,489,0.39
3461817,474,0.38
3461917,486,0.39
3462017,484,0.39
3462117,477,0.38
3462217,478,0.39
3462317,482,0.39
3462417,496,0.4
3462517,483,0.39
3462617,473,0.38
3462717,487,0.39
3462817,479,0.39
3462917,511,0.41
3463017,476,0.38
3463117,456,0.37
3463217,483,0.39
3463317,486,0.39
3463417,471,0.38
3463517,468,0.38
3463617,490,0.39
3463717,500,0.4
3463817,489,0.39
3463917,482,0.39
3464017,483,0.39
3464117,486,0.39
3464217,472,0.38
3464317,484,0.39
3464417,486,0.39
3464517,469,0.38
3464617,486,0.39
3464717,471,0.38
3464817,496,0.4
3464917,482,0.39
3465017,496,0.4
3465117,478,0.39
3465217,487,0.39
3465317,496,0.4
3465417,468,0.38
3465517,474,0.38
3465617,487,0.39
3465717,474,0.38
3465817,483,0.39
3465917,478,0.39
3466017,484,0.39
3466117,469,0.38
3466217,484,0.39
3466317,486,0.39
3466417,478,0.39
3466517,468,0.38
3466617,486,0.39
3466717,472,0.38
3466817,481,0.39
3466917,479,0.39
3467017,493,0.4
3467117,498,0.4
3467217,492,0.4
3467317,476,0.38
3467417,461,0.37
3467517,482,0.39
3467617,477,0.38
3467717,486,0.39
3467817,468,0.38
3467917,475,0.38
3468017,465,0.37
3468117,468,0.38
3468217,479,0.39
3468317,470,0.38
3468417,483,0.39
3468517,502,0.4
3468617,485,0.39
3468717,481,0.39
3468817,496,0.4
3468917,490,0.39
3469017,479,0.39
3469117,494,0.4
3469217,493,0.4
3469317,476,0.38
3469417,478,0.39
3469517,495,0.4
3469617,491,0.4
3469717,478,0.39
3469817,486,0.39
3469917,485,0.39
3470017,492,0.4
3470117,486,0.39
3470217,482,0.39
3470317,481,0.39
3470417,492,0.4
3470517,499,0.4
3470617,494,0.4
3470717,483,0.39
3470817,461,0.37
3470917,483,0.39
3471017,480,0.39
3471117,497,0.4
3471217,464,0.37
3471317,482,0.39
3471417,496,0.4
3471517,498,0.4
3471617,483,0.39
3471717,478,0.39
3471817,482,0.39
3471917,497,0.4
3472017,488,0.39
3472117,486,0.39
3472217,486,0.39
3472317,482,0.39
3472417,473,0.38
3472517,502,0.4
3472617,496,0.4
3472717,464,0.37
3472817,481,0.39
3472917,507,0.41
3473017,500,0.4
3473117,476,0.38
3473217,480,0.39
3473317,484,0.39
3473417,479,0.39
3473517,479,0.39
3473617,487,0.39
3473717,482,0.39
3473817,486,0.39
3473917,486,0.39
3474017,461,0.37
3474117,487,0.39
3474217,482,0.39
3474317,482,0.39
3474417,479,0.39
3474517,489,0.39
3474617,486,0.39
3474717,476,0.38
3474817,487,0.39
3474917,478,0.39
3475017,485,0.39
3475117,480,0.39
3475217,494,0.4
3475317,485,0.39
3475417,491,0.4
3475517,492,0.4
3475617,494,0.4
3475717,480,0.39
3475817,488,0.39
3475917,482,0.39
3476017,480,0.39
3476117,489,0.39
3476217,482,0.39
3476317,476,0.38
3476417,490,0.39
3476517,486,0.39
3476617,491,0.4
3476717,496,0.4
3476817,482,0.39
3476917,483,0.39
3477017,491,0.4
3477117,484,0.39
3477217,486,0.39
3477317,464,0.37
3477417,483,0.39
3477517,482,0.39
3477617,487,0.39
3477717,486,0.39
3477817,485,0.39
3477917,469,0.38
3478017,483,0.39
3478117,479,0.39
3478217,496,0.4
3478317,477,0.38
3478417,481,0.39
3478517,486,0.39
3478617,482,0.39
3478717,490,0.39
3478817,493,0.4
3478917,496,0.4
3479017,478,0.39
3479117,489,0.39
3479217,473,0.38
3479317,463,0.37
3479417,469,0.38
3479517,484,0.39
3479617,484,0.39
3479717,470,0.38
3479817,478,0.39
3479917,489,0.39
3480017,465,0.37
3480117,483,0.39
3480217,469,0.38
3480317,502,0.4
3480417,498,0.4
3480517,482,0.39
3480617,492,0.4
3480717,476,0.38
3480817,497,0.4
3480917,461,0.37
3481017,486,0.39
3481117,488,0.39
3481217,476,0.38
3481317,483,0.39
3481417,485,0.39
3481517,479,0.39
3481617,485,0.39
3481717,480,0.39
3481817,480,0.39
3481917,482,0.39
3482017,480,0.39
3482117,482,0.39
3482217,483,0.39
3482317,484,0.39
3482417,492,0.4
3482517,496,0.4
3482617,482,0.39
3482717,496,0.4
3482817,489,0.39
3482917,486,0.39
3483017,483,0.39
3483117,482,0.39
3483217,481,0.39
3483317,482,0.39
3483417,488,0.39
3483517,496,0.4
3483617,496,0.4
3483717,496,0.4
3483817,480,0.39
3483917,462,0.37
3484017,487,0.39
3484117,483,0.39
3484217,487,0.39
3484317,476,0.38
3484417,486,0.39
3484517,482,0.39
3484617,471,0.38
3484717,496,0.4
3484817,471,0.38
3484917,482,0.39
3485017,483,0.39
3485117,486,0.39
3485217,482,0.39
3485317,491,0.4
3485417,494,0.4
3485517,478,0.39
3485617,468,0.38
3485717,478,0.39
3485817,478,0.39
3485917,481,0.39
3486017,483,0.39
3486117,480,0.39
3486217,496,0.4
3486317,496,0.4
3486417,482,0.39
3486517,491,0.4
3486617,479,0.39
3486717,496,0.4
3486817,473,0.38
3486917,470,0.38
3487017,478,0.39
3487117,464,0.37
3487217,486,0.39
3487317,496,0.4
3487417,479,0.39
3487517,477,0.38
3487617,493,0.4
3487717,499,0.4
3487817,475,0.38
3487917,485,0.39
3488017,486,0.39
3488117,487,0.39
3488217,471,0.38
3488317,482,0.39
3488417,469,0.38
3488517,498,0.4
3488617,492,0.4
3488717,457,0.37
3488817,483,0.39
3488917,466,0.38
3489017,478,0.39
3489117,501,0.4
3489217,485,0.39
3489317,494,0.4
3489417,468,0.38
3489517,464,0.37
3489617,479,0.39
3489717,493,0.4
3489817,496,0.4
3489917,492,0.4
3490017,483,0.39
3490117,476,0.38
3490217,486,0.39
3490317,496,0.4
3490417,486,0.39
3490517,483,0.39
3490617,486,0.39
3490717,477,0.38
3490817,485,0.39
3490917,496,0.4
3491017,486,0.39
3491117,496,0.4
3491217,490,0.39
3491317,466,0.38
3491417,453,0.37
3491517,476,0.38
3491617,468,0.38
3491717,489,0.39
3491817,487,0.39
3491917,488,0.39
3492017,486,0.39
3492117,472,0.38
3492217,482,0.39
3492317,476,0.38
3492417,486,0.39
3492517,474,0.38
3492617,475,0.38
3492717,500,0.4
3492817,478,0.39
3492917,479,0.39
3493017,473,0.38
3493117,526,0.42
3493217,479,0.39
3493317,476,0.38
3493417,478,0.39
3493517,482,0.39
3493617,493,0.4
3493717,492,0.4
3493817,496,0.4
3493917,480,0.39
3494017,490,0.39
3494117,478,0.39
3494217,465,0.37
3494317,474,0.38
3494417,491,0.4
3494517,482,0.39
3494617,479,0.39
3494717,470,0.38
3494817,490,0.39
3494917,495,0.4
3495017,493,0.4
3495117,482,0.39
3495217,468,0.38
3495317,462,0.37
3495417,478,0.39
3495517,489,0.39
3495617,471,0.38
3495717,488,0.39
3495817,498,0.4
3495917,482,0.39
3496017,468,0.38
3496117,466,0.38
3496217,483,0.39
3496317,486,0.39
3496417,460,0.37
3496517,468,0.38
3496617,486,0.39
3496717,457,0.37
3496817,490,0.39
3496917,475,0.38
3497017,474,0.38
3497117,480,0.39
3497217,482,0.39
3497317,464,0.37
3497417,478,0.39
3497517,485,0.39
3497617,496,0.4
3497717,490,0.39
3497817,476,0.38
3497917,479,0.39
3498017,482,0.39
3498117,478,0.39
3498217,486,0.39
3498317,487,0.39
3498417,466,0.38
3498517,478,0.39
3498617,480,0.39
3498717,491,0.4
3498817,493,0.4
3498917,483,0.39
3499017,476,0.38
3499117,465,0.37
3499217,482,0.39
3499317,483,0.39
3499417,479,0.39
3499517,471,0.38
3499617,486,0.39
3499717,487,0.39
3499817,485,0.39
3499917,480,0.39
3500017,493,0.4
3500117,473,0.38
3500217,479,0.39
3500317,460,0.37
3500417,486,0.39
3500517,471,0.38
3500617,480,0.39
3500717,489,0.39
3500817,493,0.4
3500917,480,0.39
3501017,487,0.39
3501117,482,0.39
3501217,502,0.4
3501317,472,0.38
3501417,483,0.39
3501517,489,0.39
3501617,485,0.39
3501717,487,0.39
3501817,479,0.39
3501917,495,0.4
3502017,489,0.39
3502117,478,0.39
3502217,484,0.39
3502317,485,0.39
3502417,485,0.39
3502517,470,0.38
3502617,490,0.39
3502717,481,0.39
3502817,485,0.39
3502917,482,0.39
3503017,491,0.4
3503117,486,0.39
3503217,484,0.39
3503317,464,0.37
3503417,484,0.39
3503517,486,0.39
3503617,485,0.39
3503717,484,0.39
3503817,478,0.39
3503917,493,0.4
3504017,484,0.39
3504117,482,0.39
3504217,482,0.39
3504317,464,0.37
3504417,471,0.38
3504517,482,0.39
3504617,482,0.39
3504717,464,0.37
3504817,484,0.39
3504917,478,0.39
3505017,487,0.39
3505117,478,0.39
3505217,483,0.39
3505317,471,0.38
3505417,483,0.39
3505517,487,0.39
3505617,476,0.38
3505717,498,0.4
3505817,490,0.39
3505917,480,0.39
3506017,496,0.4
3506117,494,0.4
3506217,478,0.39
3506317,497,0.4
3506417,479,0.39
3506517,489,0.39
3506617,476,0.38
3506717,484,0.39
3506817,502,0.4
3506917,482,0.39
3507017,467,0.38
3507117,496,0.4
3507217,487,0.39
3507317,485,0.39
3507417,480,0.39
3507517,479,0.39
3507617,480,0.39
3507717,486,0.39
3507817,477,0.38
3507917,486,0.39
3508017,490,0.39
3508117,496,0.4
3508217,495,0.4
3508317,482,0.39
3508417,475,0.38
3508517,479,0.39
3508617,467,0.38
3508717,499,0.4
3508817,484,0.39
3508917,483,0.39
3509017,478,0.39
3509117,480,0.39
3509217,469,0.38
3509317,467,0.38
3509417,482,0.39
3509517,496,0.4
3509617,478,0.39
3509717,483,0.39
3509817,473,0.38
3509917,480,0.39
3510017,495,0.4
3510117,477,0.38
3510217,482,0.39
3510317,479,0.39
3510417,483,0.39
3510517,483,0.39
3510617,493,0.4
3510717,487,0.39
3510817,464,0.37
3510917,489,0.39
3511017,478,0.39
3511117,481,0.39
3511217,484,0.39
3511317,479,0.39
3511417,481,0.39
3511517,486,0.39
3511617,483,0.39
3511717,478,0.39
3511817,475,0.38
3511917,478,0.39
3512017,486,0.39
3512117,502,0.4
3512217,496,0.4
3512317,484,0.39
3512417,484,0.39
3512517,487,0.39
3512617,482,0.39
3512717,491,0.4
3512817,492,0.4
3512917,486,0.39
3513017,482,0.39
3513117,478,0.39
3513217,490,0.39
3513317,495,0.4
3513417,476,0.38
3513517,480,0.39
3513617,477,0.38
3513717,493,0.4
3513817,492,0.4
3513917,482,0.39
3514017,464,0.37
3514117,480,0.39
3514217,487,0.39
3514317,486,0.39
3514417,479,0.39
3514517,488,0.39
3514617,484,0.39
3514717,480,0.39
3514817,487,0.39
3514917,489,0.39
3515017,493,0.4
3515117,483,0.39
3515217,483,0.39
3515317,481,0.39
3515417,486,0.39
3515517,491,0.4
3515617,472,0.38
3515717,472,0.38
3515817,465,0.37
3515917,487,0.39
3516017,486,0.39
3516117,486,0.39
3516217,464,0.37
3516317,491,0.4
3516417,487,0.39
3516517,494,0.4
3516617,474,0.38
3516717,498,0.4
3516817,489,0.39
3516917,486,0.39
3517017,480,0.39
3517117,483,0.39
3517217,479,0.39
3517317,482,0.39
3517417,460,0.37
3517517,489,0.39
3517617,470,0.38
3517717,478,0.39
3517817,487,0.39
3517917,483,0.39
3518017,486,0.39
3518117,480,0.39
3518217,482,0.39
3518317,482,0.39
3518417,486,0.39
3518517,472,0.38
3518617,484,0.39
3518717,466,0.38
3518817,494,0.4
3518917,487,0.39
3519017,469,0.38
3519117,482,0.39
3519217,492,0.4
3519317,480,0.39
3519417,479,0.39
3519517,482,0.39
3519617,461,0.37
3519717,480,0.39
3519817,487,0.39
3519917,482,0.39
3520017,480,0.39
3520117,479,0.39
3520217,486,0.39
3520317,484,0.39
3520417,482,0.39
3520517,481,0.39
3520617,482,0.39
3520717,482,0.39
3520817,488,0.39
3520917,478,0.39
3521017,487,0.39
3521117,476,0.38
3521217,478,0.39
3521317,474,0.38
3521417,481,0.39
3521517,479,0.39
3521617,494,0.4
3521717,507,0.41
3521817,488,0.39
3521917,482,0.39
3522017,494,0.4
3522117,468,0.38
3522217,482,0.39
3522317,495,0.4
3522417,463,0.37
3522517,492,0.4
3522617,479,0.39
3522717,477,0.38
3522817,486,0.39
3522917,510,0.41
3523017,496,0.4
3523117,482,0.39
3523217,472,0.38
3523317,482,0.39
3523417,482,0.39
3523517,486,0.39
3523617,486,0.39
3523717,478,0.39
3523817,488,0.39
3523917,489,0.39
3524017,482,0.39
3524117,495,0.4
3524217,483,0.39
3524317,487,0.39
3524417,472,0.38
3524517,478,0.39
3524617,482,0.39
3524717,468,0.38
3524817,489,0.39
3524917,478,0.39
3525017,471,0.38
3525117,490,0.39
3525217,462,0.37
3525317,471,0.38
3525417,499,0.4
3525517,465,0.37
3525617,496,0.4
3525717,475,0.38
3525817,484,0.39
3525917,486,0.39
3526017,470,0.38
3526117,483,0.39
3526217,486,0.39
3526317,489,0.39
3526417,479,0.39
3526517,478,0.39
3526617,496,0.4
3526717,468,0.38
3526817,489,0.39
3526917,492,0.4
3527017,492,0.4
3527117,477,0.38
3527217,478,0.39
3527317,487,0.39
3527417,489,0.39
3527517,483,0.39
3527617,482,0.39
3527717,479,0.39
3527817,496,0.4
3527917,487,0.39
3528017,484,0.39
3528117,470,0.38
3528217,479,0.39
3528317,476,0.38
3528417,478,0.39
3528517,484,0.39
3528617,491,0.4
3528717,482,0.39
3528817,461,0.37
3528917,486,0.39
3529017,485,0.39
3529117,485,0.39
3529217,480,0.39
3529317,468,0.38
3529417,486,0.39
3529517,496,0.4
3529617,460,0.37
3529717,497,0.4
3529817,487,0.39
3529917,486,0.39
3530017,496,0.4
3530117,493,0.4
3530217,474,0.38
3530317,485,0.39
3530417,481,0.39
3530517,489,0.39
3530617,487,0.39
3530717,474,0.38
3530817,486,0.39
3530917,498,0.4
3531017,508,0.41
3531117,494,0.4
3531217,481,0.39
3531317,495,0.4
3531417,474,0.38
3531517,476,0.38
3531617,471,0.38
3531717,486,0.39
3531817,494,0.4
3531917,478,0.39
3532017,490,0.39
3532117,494,0.4
3532217,479,0.39
3532317,478,0.39
3532417,484,0.39
3532517,479,0.39
3532617,491,0.4
3532717,474,0.38
3532817,482,0.39
3532917,485,0.39
3533017,471,0.38
3533117,480,0.39
3533217,482,0.39
3533317,478,0.39
3533417,480,0.39
3533517,483,0.39
3533617,477,0.38
3533717,492,0.4
3533817,482,0.39
3533917,482,0.39
3534017,496,0.4
3534117,482,0.39
3534217,478,0.39
3534317,477,0.38
3534417,487,0.39
3534517,492,0.4
3534617,480,0.39
3534717,479,0.39
3534817,466,0.38
3534917,492,0.4
3535017,486,0.39
3535117,474,0.38
3535217,482,0.39
3535317,496,0.4
3535417,478,0.39
3535517,474,0.38
3535617,463,0.37
3535717,487,0.39
3535817,496,0.4
3535917,488,0.39
3536017,482,0.39
3536117,478,0.39
3536217,478,0.39
3536317,482,0.39
3536417,466,0.38
3536517,487,0.39
3536617,496,0.4
3536717,477,0.38
3536817,489,0.39
3536917,463,0.37
3537017,469,0.38
3537117,486,0.39
3537217,508,0.41
3537317,492,0.4
3537417,483,0.39
3537517,479,0.39
3537617,481,0.39
3537717,496,0.4
3537817,496,0.4
3537917,493,0.4
3538017,479,0.39
3538117,482,0.39
3538217,478,0.39
3538317,496,0.4
3538417,491,0.4
3538517,465,0.37
3538617,481,0.39
3538717,486,0.39
3538817,478,0.39
3538917,475,0.38
3539017,494,0.4
3539117,477,0.38
3539217,487,0.39
3539317,486,0.39
3539417,481,0.39
3539517,486,0.39
3539617,485,0.39
3539717,486,0.39
3539817,477,0.38
3539917,478,0.39
3540017,502,0.4
3540117,496,0.4
3540217,480,0.39
3540317,480,0.39
3540417,487,0.39
3540517,461,0.37
3540617,487,0.39
3540717,476,0.38
3540817,496,0.4
3540917,484,0.39
3541017,464,0.37
3541117,472,0.38
3541217,479,0.39
3541317,473,0.38
3541417,492,0.4
3541517,470,0.38
3541617,476,0.38
3541717,482,0.39
3541817,468,0.38
3541917,497,0.4
3542017,480,0.39
3542117,492,0.4
3542217,479,0.39
3542317,464,0.37
3542417,479,0.39
3542517,475,0.38
3542617,489,0.39
3542717,465,0.37
3542817,479,0.39
3542917,492,0.4
3543017,474,0.38
3543117,496,0.4
3543217,478,0.39
3543317,485,0.39
3543417,474,0.38
3543517,490,0.39
3543617,479,0.39
3543717,464,0.37
3543817,475,0.38
3543917,470,0.38
3544017,473,0.38
3544117,486,0.39
3544217,490,0.39
3544317,476,0.38
3544417,498,0.4
3544517,476,0.38
3544617,479,0.39
3544717,470,0.38
3544817,483,0.39
3544917,482,0.39
3545017,461,0.37
3545117,495,0.4
3545217,482,0.39
3545317,486,0.39
3545417,478,0.39
3545517,486,0.39
3545617,479,0.39
3545717,494,0.4
3545817,482,0.39
3545917,487,0.39
3546017,497,0.4
3546117,490,0.39
3546217,486,0.39
3546317,493,0.4
3546417,482,0.39
3546517,487,0.39
3546617,490,0.39
3546717,491,0.4
3546817,476,0.38
3546917,490,0.39
3547017,488,0.39
3547117,480,0.39
3547217,495,0.4
3547317,478,0.39
3547417,486,0.39
3547517,491,0.4
3547617,478,0.39
3547717,478,0.39
3547817,483,0.39
3547917,483,0.39
3548017,483,0.39
3548117,496,0.4
3548217,483,0.39
3548317,486,0.39
3548417,490,0.39
3548517,482,0.39
3548617,498,0.4
3548717,496,0.4
3548817,482,0.39
3548917,496,0.4
3549017,482,0.39
3549117,480,0.39
3549217,486,0.39
3549317,482,0.39
3549417,474,0.38
3549517,495,0.4
3549617,480,0.39
3549717,476,0.38
3549817,494,0.4
3549917,476,0.38
3550017,483,0.39
3550117,489,0.39
3550217,484,0.39
3550317,485,0.39
3550417,469,0.38
3550517,492,0.4
3550617,486,0.39
3550717,481,0.39
3550817,488,0.39
3550917,497,0.4
3551017,493,0.4
3551117,480,0.39
3551217,477,0.38
3551317,476,0.38
3551417,487,0.39
3551517,486,0.39
3551617,486,0.39
3551717,492,0.4
3551817,488,0.39
3551917,487,0.39
3552017,490,0.39
3552117,485,0.39
3552217,496,0.4
3552317,494,0.4
3552417,496,0.4
3552517,486,0.39
3552617,483,0.39
3552717,475,0.38
3552817,483,0.39
3552917,490,0.39
3553017,473,0.38
3553117,479,0.39
3553217,491,0.4
3553317,486,0.39
3553417,493,0.4
3553517,473,0.38
3553617,480,0.39
3553717,486,0.39
3553817,477,0.38
3553917,487,0.39
3554017,489,0.39
3554117,474,0.38
3554217,466,0.38
3554317,478,0.39
3554417,486,0.39
3554517,464,0.37
3554617,478,0.39
3554717,495,0.4
3554817,502,0.4
3554917,482,0.39
3555017,496,0.4
3555117,494,0.4
3555217,478,0.39
3555317,484,0.39
3555417,481,0.39
3555517,464,0.37
3555617,483,0.39
3555717,473,0.38
3555817,486,0.39
3555917,486,0.39
3556017,485,0.39
3556117,488,0.39
3556217,480,0.39
3556317,482,0.39
3556417,488,0.39
3556517,477,0.38
3556617,495,0.4
3556717,478,0.39
3556817,488,0.39
3556917,486,0.39
3557017,479,0.39
3557117,486,0.39
3557217,482,0.39
3557317,494,0.4
3557417,492,0.4
3557517,479,0.39
3557617,485,0.39
3557717,483,0.39
3557817,477,0.38
3557917,484,0.39
3558017,477,0.38
3558117,485,0.39
3558217,491,0.4
3558317,480,0.39
3558417,485,0.39
3558517,474,0.38
3558617,486,0.39
3558717,480,0.39
3558817,480,0.39
3558917,478,0.39
3559017,482,0.39
3559117,482,0.39
3559217,482,0.39
3559317,490,0.39
3559417,482,0.39
3559517,482,0.39
3559617,480,0.39
3559717,494,0.4
3559817,468,0.38
3559917,483,0.39
3560017,475,0.38
3560117,487,0.39
3560217,479,0.39
3560317,484,0.39
3560417,482,0.39
3560517,482,0.39
3560617,488,0.39
3560717,485,0.39
3560817,484,0.39
3560917,480,0.39
3561017,481,0.39
3561117,488,0.39
3561217,487,0.39
3561317,478,0.39
3561417,482,0.39
3561517,478,0.39
3561617,498,0.4
3561717,476,0.38
3561817,482,0.39
3561917,478,0.39
3562017,479,0.39
3562117,482,0.39
3562217,482,0.39
3562317,482,0.39
3562417,478,0.39
3562517,476,0.38
3562617,487,0.39
3562717,490,0.39
3562817,483,0.39
3562917,487,0.39
3563017,496,0.4
3563117,477,0.38
3563217,479,0.39
3563317,488,0.39
3563417,479,0.39
3563517,469,0.38
3563617,480,0.39
3563717,478,0.39
3563817,464,0.37
3563917,480,0.39
3564017,477,0.38
3564117,487,0.39
3564217,473,0.38
3564317,486,0.39
3564417,478,0.39
3564517,472,0.38
3564617,496,0.4
3564717,482,0.39
3564817,485,0.39
3564917,461,0.37
3565017,482,0.39
3565117,471,0.38
3565217,483,0.39
3565317,496,0.4
3565417,482,0.39
3565517,486,0.39
3565617,483,0.39
3565717,476,0.38
3565817,492,0.4
3565917,502,0.4
3566017,490,0.39
3566117,486,0.39
3566217,479,0.39
3566317,476,0.38
3566417,487,0.39
3566517,482,0.39
3566617,483,0.39
3566717,489,0.39
3566817,476,0.38
3566917,486,0.39
3567017,492,0.4
3567117,478,0.39
3567217,487,0.39
3567317,493,0.4
3567417,483,0.39
3567517,482,0.39
3567617,482,0.39
3567717,491,0.4
3567817,482,0.39
3567917,482,0.39
3568017,484,0.39
3568117,478,0.39
3568217,473,0.38
3568317,478,0.39
3568417,462,0.37
3568517,490,0.39
3568617,486,0.39
3568717,486,0.39
3568817,479,0.39
3568917,478,0.39
3569017,502,0.4
3569117,482,0.39
3569217,494,0.4
3569317,491,0.4
3569417,486,0.39
3569517,494,0.4
3569617,482,0.39
3569717,486,0.39
3569817,478,0.39
3569917,471,0.38
3570017,492,0.4
3570117,486,0.39
3570217,479,0.39
3570317,486,0.39
3570417,480,0.39
3570517,478,0.39
3570617,487,0.39
3570717,483,0.39
3570817,483,0.39
3570917,492,0.4
3571017,484,0.39
3571117,482,0.39
3571217,482,0.39
3571317,473,0.38
3571417,488,0.39
3571517,474,0.38
3571617,478,0.39
3571717,479,0.39
3571817,465,0.37
3571917,490,0.39
3572017,484,0.39
3572117,493,0.4
3572217,486,0.39
3572317,482,0.39
3572417,492,0.4
3572517,488,0.39
3572617,486,0.39
3572717,482,0.39
3572817,478,0.39
3572917,486,0.39
3573017,479,0.39
3573117,473,0.38
3573217,496,0.4
3573317,486,0.39
3573417,464,0.37
3573517,487,0.39
3573617,494,0.4
3573717,496,0.4
3573817,483,0.39
3573917,483,0.39
3574017,478,0.39
3574117,463,0.37
3574217,480,0.39
3574317,479,0.39
3574417,478,0.39
3574517,498,0.4
3574617,476,0.38
3574717,476,0.38
3574817,486,0.39
3574917,496,0.4
3575017,479,0.39
3575117,490,0.39
3575217,481,0.39
3575317,469,0.38
3575417,494,0.4
3575517,476,0.38
3575617,472,0.38
3575717,491,0.4
3575817,477,0.38
3575917,484,0.39
3576017,482,0.39
3576117,481,0.39
3576217,485,0.39
3576317,479,0.39
3576417,479,0.39
3576517,471,0.38
3576617,485,0.39
3576717,496,0.4
3576817,482,0.39
3576917,486,0.39
3577017,495,0.4
3577117,478,0.39
3577217,482,0.39
3577317,494,0.4
3577417,486,0.39
3577517,482,0.39
3577617,487,0.39
3577717,482,0.39
3577817,486,0.39
3577917,491,0.4
3578017,486,0.39
3578117,482,0.39
3578217,486,0.39
3578317,490,0.39
3578417,482,0.39
3578517,483,0.39
3578617,478,0.39
3578717,496,0.4
3578817,485,0.39
3578917,487,0.39
3579017,480,0.39
3579117,482,0.39
3579217,483,0.39
3579317,486,0.39
3579417,487,0.39
3579517,470,0.38
3579617,478,0.39
3579717,474,0.38
3579817,493,0.4
3579917,480,0.39
3580017,469,0.38
3580117,485,0.39
3580217,491,0.4
3580317,493,0.4
3580417,477,0.38
3580517,477,0.38
3580617,485,0.39
3580717,483,0.39
3580817,480,0.39
3580917,494,0.4
3581017,439,0.35
3581117,474,0.38
3581217,485,0.39
3581317,485,0.39
3581417,496,0.4
3581517,488,0.39
3581617,490,0.39
3581717,487,0.39
3581817,487,0.39
3581917,479,0.39
3582017,483,0.39
3582117,494,0.4
3582217,486,0.39
3582317,470,0.38
3582417,486,0.39
3582517,483,0.39
3582617,494,0.4
3582717,474,0.38
3582817,482,0.39
3582917,480,0.39
3583017,482,0.39
3583117,498,0.4
3583217,472,0.38
3583317,470,0.38
3583417,485,0.39
3583517,492,0.4
3583617,487,0.39
3583717,493,0.4
3583817,491,0.4
3583917,496,0.4
3584017,496,0.4
3584117,481,0.39
3584217,497,0.4
3584317,476,0.38
3584417,477,0.38
3584517,470,0.38
3584617,482,0.39
3584717,486,0.39
3584817,486,0.39
3584917,498,0.4
3585017,478,0.39
3585117,481,0.39
3585217,479,0.39
3585317,496,0.4
3585417,482,0.39
3585517,481,0.39
3585617,491,0.4
3585717,482,0.39
3585817,470,0.38
3585917,496,0.4
3586017,494,0.4
3586117,481,0.39
3586217,476,0.38
3586317,472,0.38
3586417,474,0.38
3586517,475,0.38
3586617,484,0.39
3586717,483,0.39
3586817,482,0.39
3586917,478,0.39
3587017,500,0.4
3587117,473,0.38
3587217,482,0.39
3587317,496,0.4
3587417,476,0.38
3587517,469,0.38
3587617,490,0.39
3587717,490,0.39
3587817,473,0.38
3587917,486,0.39
3588017,479,0.39
3588117,482,0.39
3588217,481,0.39
3588317,486,0.39
3588417,487,0.39
3588517,466,0.38
3588617,486,0.39
3588717,489,0.39
3588817,496,0.4
3588917,487,0.39
3589017,486,0.39
3589117,485,0.39
3589217,479,0.39
3589317,487,0.39
3589417,479,0.39
3589517,468,0.38
3589617,461,0.37
3589717,470,0.38
3589817,489,0.39
3589917,479,0.39
3590017,476,0.38
3590117,490,0.39
3590217,491,0.4
3590317,486,0.39
3590417,496,0.4
3590517,487,0.39
3590617,468,0.38
3590717,482,0.39
3590817,471,0.38
3590917,473,0.38
3591017,487,0.39
3591117,471,0.38
3591217,480,0.39
3591317,468,0.38
3591417,468,0.38
3591517,488,0.39
3591617,476,0.38
3591717,495,0.4
3591817,482,0.39
3591917,483,0.39
3592017,482,0.39
3592117,490,0.39
3592217,485,0.39
3592317,484,0.39
3592417,480,0.39
3592517,482,0.39
3592617,478,0.39
3592717,486,0.39
3592817,483,0.39
3592917,480,0.39
3593017,480,0.39
3593117,495,0.4
3593217,482,0.39
3593317,486,0.39
3593417,489,0.39
3593517,486,0.39
3593617,486,0.39
3593717,483,0.39
3593817,463,0.37
3593917,482,0.39
3594017,471,0.38
3594117,490,0.39
3594217,478,0.39
3594317,461,0.37
3594417,498,0.4
3594517,471,0.38
3594617,479,0.39
3594717,486,0.39
3594817,482,0.39
3594917,496,0.4
3595017,468,0.38
3595117,486,0.39
3595217,498,0.4
3595317,480,0.39
3595417,498,0.4
3595517,498,0.4
3595617,486,0.39
3595717,476,0.38
3595817,479,0.39
3595917,489,0.39
3596017,491,0.4
3596117,484,0.39
3596217,486,0.39
3596317,483,0.39
3596417,494,0.4
3596517,479,0.39
3596617,482,0.39
3596717,479,0.39
3596817,487,0.39
3596917,491,0.4
3597017,498,0.4
3597117,486,0.39
3597217,486,0.39
3597317,497,0.4
3597417,468,0.38
3597517,482,0.39
3597617,494,0.4
3597717,494,0.4
3597817,492,0.4
3597917,490,0.39
3598017,487,0.39
3598117,487,0.39
3598217,473,0.38
3598317,479,0.39
3598417,476,0.38
3598517,482,0.39
3598617,485,0.39
3598717,483,0.39
3598817,478,0.39
3598917,496,0.4
3599017,500,0.4
3599117,479,0.39
3599217,487,0.39
3599317,478,0.39
3599417,479,0.39
3599517,480,0.39
3599617,492,0.4
3599717,476,0.38
3599817,486,0.39
3599917,478,0.39
3600017,482,0.39
3600117,481,0.39
3600217,473,0.38
3600317,479,0.39
3600417,499,0.4
3600517,468,0.38
3600617,493,0.4
3600717,481,0.39
3600817,464,0.37
3600917,481,0.39
3601017,487,0.39
3601117,482,0.39
3601217,478,0.39
3601317,483,0.39
3601417,491,0.4
3601517,486,0.39
3601617,490,0.39
3601717,482,0.39
3601817,495,0.4
3601917,487,0.39
3602017,469,0.38
3602117,482,0.39
3602217,485,0.39
3602317,476,0.38
3602417,483,0.39
3602517,496,0.4
3602617,478,0.39
3602717,488,0.39
3602817,482,0.39
3602917,468,0.38
3603017,486,0.39
3603117,491,0.4
3603217,490,0.39
3603317,482,0.39
3603417,496,0.4
3603517,490,0.39
3603617,494,0.4
3603717,478,0.39
3603817,496,0.4
3603917,480,0.39
3604017,498,0.4
3604117,483,0.39
3604217,464,0.37
3604317,498,0.4
3604417,489,0.39
3604517,486,0.39
3604617,486,0.39
3604717,487,0.39
3604817,486,0.39
3604917,494,0.4
3605017,483,0.39
3605117,464,0.37
3605217,464,0.37
3605317,482,0.39
3605417,498,0.4
3605517,492,0.4
3605617,484,0.39
3605717,487,0.39
3605817,496,0.4
3605917,480,0.39
3606017,490,0.39
3606117,496,0.4
3606217,485,0.39
3606317,475,0.38
3606417,502,0.4
3606517,486,0.39
3606617,475,0.38
3606717,478,0.39
3606817,480,0.39
3606917,484,0.39
3607017,484,0.39
3607117,476,0.38
3607217,486,0.39
3607317,494,0.4
3607417,497,0.4
3607517,486,0.39
3607617,487,0.39
3607717,482,0.39
3607817,465,0.37
3607917,473,0.38
3608017,482,0.39
3608117,475,0.38
3608217,495,0.4
3608317,483,0.39
3608417,492,0.4
3608517,482,0.39
3608617,468,0.38
3608717,483,0.39
3608817,486,0.39
3608917,460,0.37
3609017,486,0.39
3609117,480,0.39
3609217,468,0.38
3609317,482,0.39
3609417,464,0.37
3609517,484,0.39
3609617,486,0.39
3609717,486,0.39
3609817,483,0.39
3609917,464,0.37
3610017,482,0.39
3610117,457,0.37
3610217,483,0.39
3610317,487,0.39
3610417,465,0.37
3610517,495,0.4
3610617,484,0.39
3610717,493,0.4
3610817,477,0.38
3610917,468,0.38
3611017,472,0.38
3611117,496,0.4
3611217,479,0.39
3611317,486,0.39
3611417,481,0.39
3611517,477,0.38
3611617,480,0.39
3611717,469,0.38
3611817,496,0.4
3611917,487,0.39
3612017,479,0.39
3612117,480,0.39
3612217,480,0.39
3612317,486,0.39
3612417,464,0.37
3612517,485,0.39
3612617,484,0.39
3612717,469,0.38
3612817,486,0.39
3612917,479,0.39
3613017,482,0.39
3613117,493,0.4
3613217,472,0.38
3613317,482,0.39
3613417,485,0.39
3613517,483,0.39
3613617,477,0.38
3613717,494,0.4
3613817,490,0.39
3613917,494,0.4
3614017,466,0.38
3614117,486,0.39
3614217,483,0.39
3614317,497,0.4
3614417,496,0.4
3614517,482,0.39
3614617,491,0.4
3614717,478,0.39
3614817,490,0.39
3614917,468,0.38
3615017,465,0.37
3615117,496,0.4
3615217,480,0.39
3615317,486,0.39
3615417,460,0.37
3615517,477,0.38
3615617,486,0.39
3615717,474,0.38
3615817,490,0.39
3615917,496,0.4
3616017,496,0.4
3616117,491,0.4
3616217,471,0.38
3616317,507,0.41
3616417,495,0.4
3616517,486,0.39
3616617,479,0.39
3616717,482,0.39
3616817,496,0.4
3616917,486,0.39
3617017,482,0.39
3617117,474,0.38
3617217,478,0.39
3617317,496,0.4
3617417,477,0.38
3617517,495,0.4
3617617,478,0.39
3617717,494,0.4
3617817,483,0.39
3617917,479,0.39
3618017,464,0.37
3618117,494,0.4
3618217,496,0.4
3618317,497,0.4
3618417,479,0.39
3618517,464,0.37
3618617,480,0.39
3618717,479,0.39
3618817,473,0.38
3618917,490,0.39
3619017,470,0.38
3619117,488,0.39
3619217,493,0.4
3619317,472,0.38
3619417,504,0.41
3619517,484,0.39
3619617,496,0.4
3619717,479,0.39
3619817,476,0.38
3619917,493,0.4
3620017,471,0.38
3620117,484,0.39
3620217,482,0.39
3620317,468,0.38
3620417,480,0.39
3620517,485,0.39
3620617,491,0.4
3620717,478,0.39
3620817,486,0.39
3620917,486,0.39
3621017,484,0.39
3621117,478,0.39
3621217,469,0.38
3621317,494,0.4
3621417,478,0.39
3621517,483,0.39
3621617,482,0.39
3621717,487,0.39
3621817,484,0.39
3621917,487,0.39
3622017,483,0.39
3622117,497,0.4
3622217,498,0.4
3622317,468,0.38
3622417,486,0.39
3622517,468,0.38
3622617,477,0.38
3622717,496,0.4
3622817,480,0.39
3622917,491,0.4
3623017,498,0.4
3623117,487,0.39
3623217,469,0.38
3623317,479,0.39
3623417,468,0.38
3623517,496,0.4
3623617,469,0.38
3623717,496,0.4
3623817,490,0.39
3623917,489,0.39
3624017,494,0.4
3624117,484,0.39
3624217,478,0.39
3624317,493,0.4
3624417,486,0.39
3624517,492,0.4
3624617,498,0.4
3624717,481,0.39
3624817,464,0.37
3624917,477,0.38
3625017,486,0.39
3625117,482,0.39
3625217,483,0.39
3625317,464,0.37
3625417,486,0.39
3625517,498,0.4
3625617,487,0.39
3625717,482,0.39
3625817,482,0.39
3625917,468,0.38
3626017,496,0.4
3626117,478,0.39
3626217,486,0.39
3626317,469,0.38
3626417,464,0.37
3626517,480,0.39
3626617,482,0.39
3626717,482,0.39
3626817,493,0.4
3626917,474,0.38
3627017,485,0.39
3627117,490,0.39
3627217,488,0.39
3627317,486,0.39
3627417,479,0.39
3627517,487,0.39
3627617,464,0.37
3627717,490,0.39
3627817,482,0.39
3627917,482,0.39
3628017,477,0.38
3628117,478,0.39
3628217,475,0.38
3628317,461,0.37
3628417,486,0.39
3628517,463,0.37
3628617,486,0.39
3628717,479,0.39
3628817,480,0.39
3628917,486,0.39
3629017,498,0.4
3629117,461,0.37
3629217,500,0.4
3629317,482,0.39
3629417,478,0.39
3629517,471,0.38
3629617,486,0.39
3629717,483,0.39
3629817,482,0.39
3629917,482,0.39
3630017,480,0.39
3630117,485,0.39
3630217,460,0.37
3630317,484,0.39
3630417,482,0.39
3630517,491,0.4
3630617,480,0.39
3630717,480,0.39
3630817,491,0.4
3630917,502,0.4
3631017,496,0.4
3631117,480,0.39
3631217,490,0.39
3631317,479,0.39
3631417,496,0.4
3631517,496,0.4
3631617,473,0.38
3631717,486,0.39
3631817,492,0.4
3631917,496,0.4
3632017,484,0.39
3632117,475,0.38
3632217,479,0.39
3632317,487,0.39
3632417,483,0.39
3632517,474,0.38
3632617,486,0.39
3632717,474,0.38
3632817,484,0.39
3632917,486,0.39
3633017,479,0.39
3633117,476,0.38
3633217,484,0.39
3633317,493,0.4
3633417,481,0.39
3633517,486,0.39
3633617,480,0.39
3633717,480,0.39
3633817,478,0.39
3633917,481,0.39
3634017,483,0.39
3634117,495,0.4
3634217,480,0.39
3634317,481,0.39
3634417,484,0.39
3634517,468,0.38
3634617,497,0.4
3634717,483,0.39
3634817,496,0.4
3634917,479,0.39
3635017,479,0.39
3635117,484,0.39
3635217,479,0.39
3635317,489,0.39
3635417,471,0.38
3635517,502,0.4
3635617,496,0.4
3635717,494,0.4
3635817,479,0.39
3635917,479,0.39
3636017,498,0.4
3636117,498,0.4
3636217,482,0.39
3636317,496,0.4
3636417,475,0.38
3636517,477,0.38
3636617,482,0.39
3636717,494,0.4
3636817,491,0.4
3636917,479,0.39
3637017,494,0.4
3637117,496,0.4
3637217,484,0.39
3637317,487,0.39
3637417,464,0.37
3637517,495,0.4
3637617,494,0.4
3637717,475,0.38
3637817,486,0.39
3637917,481,0.39
3638017,496,0.4
3638117,496,0.4
3638217,496,0.4
3638317,482,0.39
3638417,502,0.4
3638517,482,0.39
3638617,486,0.39
3638717,496,0.4
3638817,498,0.4
3638917,482,0.39
3639017,469,0.38
3639117,480,0.39
3639217,487,0.39
3639317,494,0.4
3639417,486,0.39
3639517,484,0.39
3639617,469,0.38
3639717,482,0.39
3639817,495,0.4
3639917,465,0.37
3640017,480,0.39
3640117,494,0.4
3640217,481,0.39
3640317,487,0.39
3640417,482,0.39
3640517,478,0.39
3640617,486,0.39
3640717,478,0.39
3640817,481,0.39
3640917,486,0.39
3641017,486,0.39
3641117,483,0.39
3641217,494,0.4
3641317,464,0.37
3641417,487,0.39
3641517,476,0.38
3641617,491,0.4
3641717,485,0.39
3641817,489,0.39
3641917,483,0.39
3642017,486,0.39
3642117,487,0.39
3642217,497,0.4
3642317,493,0.4
3642417,486,0.39
3642517,480,0.39
3642617,486,0.39
3642717,488,0.39
3642817,482,0.39
3642917,487,0.39
3643017,482,0.39
3643117,490,0.39
3643217,485,0.39
3643317,486,0.39
3643417,482,0.39
3643517,481,0.39
3643617,494,0.4
3643717,494,0.4
3643817,480,0.39
3643917,486,0.39
3644017,494,0.4
3644117,487,0.39
3644217,494,0.4
3644317,470,0.38
3644417,476,0.38
3644517,461,0.37
3644617,473,0.38
3644717,502,0.4
3644817,476,0.38
3644917,473,0.38
3645017,487,0.39
3645117,495,0.4
3645217,478,0.39
3645317,483,0.39
3645417,496,0.4
3645517,465,0.37
3645617,495,0.4
3645717,468,0.38
3645817,496,0.4
3645917,482,0.39
3646017,486,0.39
3646117,478,0.39
3646217,482,0.39
3646317,475,0.38
3646417,494,0.4
3646517,478,0.39
3646617,460,0.37
3646717,464,0.37
3646817,464,0.37
3646917,482,0.39
3647017,490,0.39
3647117,468,0.38
3647217,496,0.4
3647317,493,0.4
3647417,486,0.39
3647517,476,0.38
3647617,478,0.39
3647717,486,0.39
3647817,487,0.39
3647917,478,0.39
3648017,478,0.39
3648117,478,0.39
3648217,496,0.4
3648317,489,0.39
3648417,488,0.39
3648517,476,0.38
3648617,478,0.39
3648717,468,0.38
3648817,496,0.4
3648917,491,0.4
3649017,479,0.39
3649117,496,0.4
3649217,478,0.39
3649317,496,0.4
3649417,480,0.39
3649517,486,0.39
3649617,497,0.4
3649717,465,0.37
3649817,478,0.39
3649917,479,0.39
3650017,485,0.39
3650117,488,0.39
3650217,479,0.39
3650317,482,0.39
3650417,483,0.39
3650517,480,0.39
3650617,482,0.39
3650717,492,0.4
3650817,482,0.39
3650917,479,0.39
3651017,487,0.39
3651117,464,0.37
3651217,475,0.38
3651317,468,0.38
3651417,478,0.39
3651517,489,0.39
3651617,487,0.39
3651717,486,0.39
3651817,491,0.4
3651917,477,0.38
3652017,482,0.39
3652117,496,0.4
3652217,487,0.39
3652317,495,0.4
3652417,475,0.38
3652517,468,0.38
3652617,496,0.4
3652717,487,0.39
3652817,464,0.37
3652917,485,0.39
3653017,490,0.39
3653117,482,0.39
3653217,483,0.39
3653317,491,0.4
3653417,472,0.38
3653517,490,0.39
3653617,478,0.39
3653717,482,0.39
3653817,491,0.4
3653917,493,0.4
3654017,498,0.4
3654117,478,0.39
3654217,486,0.39
3654317,480,0.39
3654417,486,0.39
3654517,482,0.39
3654617,486,0.39
3654717,477,0.38
3654817,471,0.38
3654917,468,0.38
3655017,493,0.4
3655117,483,0.39
3655217,477,0.38
3655317,486,0.39
3655417,485,0.39
3655517,483,0.39
3655617,477,0.38
3655717,464,0.37
3655817,490,0.39
3655917,479,0.39
3656017,487,0.39
3656117,482,0.39
3656217,487,0.39
3656317,485,0.39
3656417,478,0.39
3656517,502,0.4
3656617,493,0.4
3656717,493,0.4
3656817,482,0.39
3656917,496,0.4
3657017,490,0.39
3657117,475,0.38
3657217,478,0.39
3657317,484,0.39
3657417,486,0.39
3657517,478,0.39
3657617,479,0.39
3657717,490,0.39
3657817,479,0.39
3657917,484,0.39
3658017,482,0.39
3658117,486,0.39
3658217,477,0.38
3658317,481,0.39
3658417,492,0.4
3658517,484,0.39
3658617,486,0.39
3658717,481,0.39
3658817,487,0.39
3658917,493,0.4
3659017,479,0.39
3659117,494,0.4
3659217,476,0.38
3659317,453,0.37
3659417,479,0.39
3659517,478,0.39
3659617,494,0.4
3659717,471,0.38
3659817,477,0.38
3659917,482,0.39
3660017,485,0.39
3660117,483,0.39
3660217,474,0.38
3660317,482,0.39
3660417,479,0.39
3660517,487,0.39
3660617,490,0.39
3660717,496,0.4
3660817,479,0.39
3660917,477,0.38
3661017,498,0.4
3661117,494,0.4
3661217,482,0.39
3661317,480,0.39
3661417,501,0.4
3661517,484,0.39
3661617,483,0.39
3661717,475,0.38
3661817,478,0.39
3661917,484,0.39
3662017,482,0.39
3662117,482,0.39
3662217,482,0.39
3662317,476,0.38
3662417,486,0.39
3662517,471,0.38
3662617,498,0.4
3662717,481,0.39
3662817,482,0.39
3662917,482,0.39
3663017,490,0.39
3663117,482,0.39
3663217,480,0.39
3663317,484,0.39
3663417,478,0.39
3663517,496,0.4
3663617,494,0.4
3663717,494,0.4
3663817,478,0.39
3663917,486,0.39
3664017,465,0.37
3664117,479,0.39
3664217,478,0.39
3664317,489,0.39
3664417,496,0.4
3664517,486,0.39
3664617,479,0.39
3664717,481,0.39
3664817,468,0.38
3664917,486,0.39
3665017,469,0.38
3665117,486,0.39
3665217,496,0.4
3665317,486,0.39
3665417,491,0.4
3665517,496,0.4
3665617,482,0.39
3665717,483,0.39
3665817,486,0.39
3665917,479,0.39
3666017,460,0.37
3666117,500,0.4
3666217,478,0.39
3666317,483,0.39
3666417,474,0.38
3666517,490,0.39
3666617,478,0.39
3666717,474,0.38
3666817,491,0.4
3666917,495,0.4
3667017,486,0.39
3667117,498,0.4
3667217,474,0.38
3667317,491,0.4
3667417,494,0.4
3667517,478,0.39
3667617,482,0.39
3667717,510,0.41
3667817,490,0.39
3667917,480,0.39
3668017,479,0.39
3668117,473,0.38
3668217,479,0.39
3668317,481,0.39
3668417,474,0.38
3668517,482,0.39
3668617,486,0.39
3668717,496,0.4
3668817,483,0.39
3668917,488,0.39
3669017,490,0.39
3669117,468,0.38
3669217,499,0.4
3669317,487,0.39
3669417,476,0.38
3669517,478,0.39
3669617,481,0.39
3669717,483,0.39
3669817,478,0.39
3669917,490,0.39
3670017,483,0.39
3670117,487,0.39
3670217,485,0.39
3670317,478,0.39
3670417,482,0.39
3670517,468,0.38
3670617,487,0.39
3670717,491,0.4
3670817,479,0.39
3670917,482,0.39
3671017,486,0.39
3671117,487,0.39
3671217,496,0.4
3671317,474,0.38
3671417,482,0.39
3671517,482,0.39
3671617,484,0.39
3671717,510,0.41
3671817,484,0.39
3671917,484,0.39
3672017,496,0.4
3672117,490,0.39
3672217,485,0.39
3672317,464,0.37
3672417,484,0.39
3672517,481,0.39
3672617,476,0.38
3672717,472,0.38
3672817,464,0.37
3672917,465,0.37
3673017,484,0.39
3673117,481,0.39
3673217,476,0.38
3673317,479,0.39
3673417,486,0.39
3673517,482,0.39
3673617,484,0.39
3673717,500,0.4
3673817,487,0.39
3673917,468,0.38
3674017,485,0.39
3674117,461,0.37
3674217,489,0.39
3674317,492,0.4
3674417,492,0.4
3674517,482,0.39
3674617,465,0.37
3674717,484,0.39
3674817,498,0.4
3674917,487,0.39
3675017,495,0.4
3675117,482,0.39
3675217,479,0.39
3675317,482,0.39
3675417,476,0.38
3675517,480,0.39
3675617,494,0.4
3675717,473,0.38
3675817,471,0.38
3675917,483,0.39
3676017,486,0.39
3676117,475,0.38
3676217,489,0.39
3676317,487,0.39
3676417,475,0.38
3676517,479,0.39
3676617,494,0.4
3676717,484,0.39
3676817,494,0.4
3676917,472,0.38
3677017,478,0.39
3677117,486,0.39
3677217,486,0.39
3677317,498,0.4
3677417,467,0.38
3677517,473,0.38
3677617,494,0.4
3677717,493,0.4
3677817,487,0.39
3677917,487,0.39
3678017,501,0.4
3678117,484,0.39
3678217,482,0.39
3678317,480,0.39
3678417,491,0.4
3678517,480,0.39
3678617,483,0.39
3678717,482,0.39
3678817,463,0.37
3678917,464,0.37
3679017,490,0.39
3679117,470,0.38
3679217,476,0.38
3679317,478,0.39
3679417,486,0.39
3679517,485,0.39
3679617,491,0.4
3679717,472,0.38
3679817,482,0.39
3679917,486,0.39
3680017,461,0.37
3680117,490,0.39
3680217,482,0.39
3680317,477,0.38
3680417,488,0.39
3680517,490,0.39
3680617,482,0.39
3680717,502,0.4
3680817,464,0.37
3680917,491,0.4
3681017,486,0.39
3681117,482,0.39
3681217,490,0.39
3681317,483,0.39
3681417,486,0.39
3681517,494,0.4
3681617,501,0.4
3681717,496,0.4
3681817,497,0.4
3681917,491,0.4
3682017,496,0.4
3682117,473,0.38
3682217,494,0.4
3682317,478,0.39
3682417,490,0.39
3682517,490,0.39
3682617,492,0.4
3682717,481,0.39
3682817,492,0.4
3682917,472,0.38
3683017,490,0.39
3683117,490,0.39
3683217,477,0.38
3683317,473,0.38
3683417,481,0.39
3683517,475,0.38
3683617,486,0.39
3683717,469,0.38
3683817,474,0.38
3683917,471,0.38
3684017,486,0.39
3684117,502,0.4
3697617,483,0.39
3697717,496,0.4
3697817,486,0.39
3697917,483,0.39
3698017,482,0.39
3698117,486,0.39
3698217,483,0.39
3698317,468,0.38
3698417,493,0.4
3698517,466,0.38
3698617,480,0.39
3698717,486,0.39
3698817,497,0.4
3698917,487,0.39
3699017,489,0.39
3699117,484,0.39
3699217,494,0.4
3699317,464,0.37
3699417,487,0.39
3699517,475,0.38
3699617,480,0.39
3699717,498,0.4
3699817,476,0.38
3699917,494,0.4
3700017,485,0.39
3700117,496,0.4
3700217,488,0.39
3700317,480,0.39
3700417,493,0.4
3700517,488,0.39
3700617,493,0.4
3700717,486,0.39
3700817,494,0.4
3700917,483,0.39
3701017,452,0.36
3701117,479,0.39
3701217,468,0.38
3701317,483,0.39
3701417,493,0.4
3701517,480,0.39
3701617,484,0.39
3701717,491,0.4
3701817,494,0.4
3701917,481,0.39
3702017,470,0.38
3702117,496,0.4
3702217,500,0.4
3702317,490,0.39
3702417,490,0.39
3702517,482,0.39
3702617,482,0.39
3702717,496,0.4
3702817,496,0.4
3702917,590,0.48
3703017,760,0.61
3703117,869,0.7
3703217,1001,0.81
3703317,1103,0.89
3703417,1167,0.94
3703517,1271,1.02
3703617,1287,1.04
3703717,1411,1.14
3703817,1478,1.19
3703917,1535,1.24
3704017,1622,1.31
3704117,1680,1.35
3704217,1766,1.42
3704317,1823,1.47
3704417,1876,1.51
3704517,1940,1.56
3704617,1962,1.58
3704717,2031,1.64
3704817,2081,1.68
3704917,2112,1.7
3705017,2194,1.77
3705117,2209,1.78
3705217,2256,1.82
3705317,2347,1.89
3705417,2377,1.92
3705517,2434,1.96
3705617,2480,2.0
3705717,2497,2.01
3705817,2514,2.03
3705917,2512,2.02
3706017,2535,2.04
3706117,2536,2.04
3706217,2590,2.09
3706317,2607,2.1
3706417,2803,2.26
3706517,3018,2.43
3706617,3206,2.58
3706717,3437,2.77
3706817,3613,2.91
3706917,3813,3.07
3707017,3984,3.21
3707117,4095,3.3
3707217,4095,3.3
3707317,4095,3.3
3707417,4095,3.3
3707517,4095,3.3
3707617,4095,3.3
3707717,4095,3.3
3707817,4095,3.3
3707917,4095,3.3
3708017,4095,3.3
3708117,4095,3.3
3708217,4095,3.3
3708317,4095,3.3
3708417,4095,3.3
3708517,4095,3.3
3708617,4095,3.3
3708717,4095,3.3
3708817,4095,3.3
3708917,4095,3.3
3709017,4015,3.24
3709117,3925,3.16
3709217,3796,3.06
3709317,3632,2.93
3709417,3621,2.92
3709517,3517,2.83
3709617,3472,2.8
3709717,3359,2.71
3709817,3280,2.64
3709917,3264,2.63
3710017,3184,2.57
3710117,3022,2.44
3710217,3003,2.42
3710317,2953,2.38
3710417,2854,2.3
3710517,2753,2.22
3710617,2731,2.2
3710717,2704,2.18
3710817,2559,2.06
3710917,2544,2.05
3711017,2510,2.02
3711117,2451,1.98
3711217,2414,1.95
3711317,2357,1.9
3711417,2331,1.88
3711517,2304,1.86
3711617,2203,1.78
3711717,2122,1.71
3711817,2095,1.69
3711917,2002,1.61
3712017,1931,1.56
3712117,1872,1.51
3712217,1840,1.48
3712317,1799,1.45
3712417,1751,1.41
3712517,1682,1.36
3712617,1680,1.35
3712717,1573,1.27
3712817,1535,1.24
3712917,1559,1.26
3713017,1459,1.18
3713117,1415,1.14
3713217,1393,1.12
3713317,1316,1.06
3713417,1293,1.04
3713517,1247,1.0
3713617,1203,0.97
3713717,1131,0.91
3713817,1087,0.88
3713917,1038,0.84
3714017,935,0.75
3714117,863,0.7
3714217,846,0.68
3714317,743,0.6
3714417,662,0.53
3714517,614,0.49
3714617,489,0.39
3714717,441,0.36
3714817,355,0.29
3714917,267,0.22
3715017,279,0.22
3715117,174,0.14
3715217,132,0.11
3715317,36,0.03
3715417,0,0.0
3715517,0,0.0
3715617,0,0.0
3715717,0,0.0
3715817,0,0.0
3715917,0,0.0
3716017,0,0.0
3716117,0,0.0
3716217,0,0.0
3716317,0,0.0
3716417,0,0.0
3716517,0,0.0
3716617,0,0.0
3716717,0,0.0
3716817,0,0.0
3716917,0,0.0
3717017,0,0.0
3717117,0,0.0
3717217,0,0.0
3717317,0,0.0
3717417,0,0.0
3717517,0,0.0
3717617,0,0.0
3717717,0,0.0
3717817,0,0.0
3717917,0,0.0
3718017,0,0.0
3718117,0,0.0
3718217,0,0.0
3718317,0,0.0
3718417,0,0.0
3718517,0,0.0
3718617,0,0.0
3718717,0,0.0
3718817,0,0.0
3718917,0,0.0
3719017,0,0.0
3719117,0,0.0
3719217,0,0.0
3719317,0,0.0
3719417,0,0.0
3719517,0,0.0
3719617,0,0.0
3719717,0,0.0
3719817,0,0.0
3719917,0,0.0
3720017,0,0.0
3720117,0,0.0
3720217,0,0.0
3720317,0,0.0
3720417,0,0.0
3720517,0,0.0
3720617,0,0.0
3720717,0,0.0
3720817,0,0.0
3720917,0,0.0
3721017,0,0.0
3721117,0,0.0
3721217,0,0.0
3721317,0,0.0
3721417,0,0.0
3721517,0,0.0
3721617,0,0.0
3721717,0,0.0
3721817,0,0.0
3721917,0,0.0
3722017,0,0.0
3722117,0,0.0
3722217,0,0.0
3722317,0,0.0
3722417,0,0.0
3722517,0,0.0
3722617,0,0.0
3722717,0,0.0
3722817,0,0.0
3722917,0,0.0
3723017,0,0.0
3723117,0,0.0
3723217,0,0.0
3723317,0,0.0
3723417,0,0.0
3723517,0,0.0
3723617,0,0.0
3723717,0,0.0
3723817,0,0.0
3723917,0,0.0
3724017,0,0.0
3724117,0,0.0
3724217,0,0.0
3724317,0,0.0
3724417,0,0.0
3724517,0,0.0
3724617,0,0.0
3724717,0,0.0
3724817,0,0.0
3724917,0,0.0
3725017,0,0.0
3725117,0,0.0
3725217,0,0.0
3725317,0,0.0
3725417,0,0.0
3725517,0,0.0
3725617,0,0.0
3725717,0,0.0
3725817,0,0.0
3725917,0,0.0
3726017,0,0.0
3726117,0,0.0
3726217,0,0.0
3726317,0,0.0
3726417,0,0.0
3726517,0,0.0
3726617,0,0.0
3726717,0,0.0
3726817,0,0.0
3726917,0,0.0
3727017,0,0.0
3727117,0,0.0
3727217,0,0.0
3727317,0,0.0
3727417,0,0.0
3727517,0,0.0
3727617,0,0.0
3727717,0,0.0
3727817,0,0.0
3727917,0,0.0
3728017,0,0.0
3728117,0,0.0
3728217,0,0.0
3728317,0,0.0
3728417,0,0.0
3728517,0,0.0
3728617,0,0.0
3728717,0,0.0
3728817,0,0.0
3728917,0,0.0
3729017,0,0.0
3729117,0,0.0
3729217,0,0.0
3729317,0,0.0
3729417,0,0.0
3729517,0,0.0
3729617,0,0.0
3729717,0,0.0
3729817,0,0.0
3729917,9,0.01
3730017,0,0.0
3730117,0,0.0
3730217,0,0.0
3730317,0,0.0
3730417,0,0.0
3730517,0,0.0
3730617,0,0.0
3730717,0,0.0
3730817,0,0.0
3730917,0,0.0
3731017,0,0.0
3731117,0,0.0
3731217,0,0.0
3731317,0,0.0
3731417,0,0.0
3731517,0,0.0
3731617,0,0.0
3731717,0,0.0
3731817,0,0.0
3731917,1,0.0
3732017,0,0.0
3732117,0,0.0
3732217,0,0.0
3732317,0,0.0
3732417,0,0.0
3732517,0,0.0
3732617,0,0.0
3732717,0,0.0
3732817,0,0.0
3732917,0,0.0
3733017,0,0.0
3733117,0,0.0
3733217,0,0.0
3733317,0,0.0
3733417,0,0.0
3733517,0,0.0
3733617,0,0.0
3733717,0,0.0
3733817,0,0.0
3733917,0,0.0
3734017,0,0.0
3734117,0,0.0
3734217,0,0.0
3734317,0,0.0
3734417,0,0.0
3734517,0,0.0
3734617,0,0.0
3734717,0,0.0
3734817,0,0.0
3734917,0,0.0
3735017,0,0.0
3735117,6,0.0
3735217,0,0.0
3735317,4,0.0
3735417,0,0.0
3735517,0,0.0
3735617,0,0.0
3735717,0,0.0
3735817,9,0.01
3735917,0,0.0
3736017,0,0.0
3736117,0,0.0
3736217,0,0.0
3736317,0,0.0
3736417,0,0.0
3736517,0,0.0
3736617,0,0.0
3736717,0,0.0
3736817,0,0.0
3736917,0,0.0
3737017,0,0.0
3737117,0,0.0
3737217,0,0.0
3737317,0,0.0
3737417,0,0.0
3737517,0,0.0
3737617,0,0.0
3737717,0,0.0
3737817,0,0.0
3737917,0,0.0
3738017,0,0.0
3738117,0,0.0
3738217,0,0.0
3738317,0,0.0
3738417,0,0.0
3738517,0,0.0
3738617,0,0.0
3738717,0,0.0
3738817,0,0.0
3738917,0,0.0
3739017,0,0.0
3739117,0,0.0
3739217,0,0.0
3739317,0,0.0
3739417,0,0.0
3739517,0,0.0
3739617,0,0.0
3739717,0,0.0
3739817,0,0.0
3739917,0,0.0
3740017,0,0.0
3740117,0,0.0
3740217,0,0.0
3740317,0,0.0
3740417,0,0.0
3740517,0,0.0
3740617,0,0.0
3740717,6,0.0
3740817,0,0.0
3740917,0,0.0
3741017,0,0.0
3741117,7,0.01
3741217,0,0.0
3741317,0,0.0
3741417,0,0.0
3741517,0,0.0
3741617,0,0.0
3741717,0,0.0
3741817,0,0.0
3741917,0,0.0
3742017,0,0.0
3742117,0,0.0
3742217,0,0.0
3742317,0,0.0
3742417,0,0.0
3742517,0,0.0
3742617,0,0.0
3742717,0,0.0
3742817,0,0.0
3742917,0,0.0
3743017,0,0.0
3743117,8,0.01
3743217,0,0.0
3743317,0,0.0
3743417,0,0.0
3743517,0,0.0
3743617,0,0.0
3743717,6,0.0
3743817,0,0.0
3743917,0,0.0
3744017,0,0.0
3744117,0,0.0
3744217,0,0.0
3744317,0,0.0
3744417,0,0.0
3744517,0,0.0
3744617,0,0.0
3744717,0,0.0
3744817,3,0.0
3744917,0,0.0
3745017,0,0.0
3745117,0,0.0
3745217,0,0.0
3745317,0,0.0
3745417,4,0.0
3745517,0,0.0
3745617,0,0.0
3745717,0,0.0
3745817,0,0.0
3745917,0,0.0
3746017,0,0.0
3746117,0,0.0
3746217,0,0.0
3746317,0,0.0
3746417,0,0.0
3746517,0,0.0
3746617,0,0.0
3746717,0,0.0
3746817,0,0.0
3746917,0,0.0
3747017,0,0.0
3747117,0,0.0
3747217,0,0.0
3747317,0,0.0
3747417,0,0.0
3747517,0,0.0
3747617,0,0.0
3747717,0,0.0
3747817,0,0.0
3747917,0,0.0
3748017,0,0.0
3748117,0,0.0
3748217,0,0.0
3748317,0,0.0
3748417,0,0.0
3748517,0,0.0
3748617,0,0.0
3748717,0,0.0
3748817,0,0.0
3748917,0,0.0
3749017,0,0.0
3749117,0,0.0
3749217,5,0.0
3749317,0,0.0
3749417,0,0.0
3749517,0,0.0
3749617,0,0.0
3749717,0,0.0
3749817,0,0.0
3749917,0,0.0
3750017,0,0.0
3750117,0,0.0
3750217,0,0.0
3750317,0,0.0
3750417,0,0.0
3750517,0,0.0
3750617,0,0.0
3750717,0,0.0
3750817,2,0.0
3750917,0,0.0
3751017,0,0.0
3751117,0,0.0
3751217,0,0.0
3751317,0,0.0
3751417,0,0.0
3751517,0,0.0
3751617,0,0.0
3751717,0,0.0
3751817,0,0.0
3751917,0,0.0
3752017,0,0.0
3752117,0,0.0
3752217,0,0.0
3752317,0,0.0
3752417,0,0.0
3752517,0,0.0
3752617,0,0.0
3752717,0,0.0
3752817,0,0.0
3752917,0,0.0
3753017,0,0.0
3753117,0,0.0
3753217,0,0.0
3753317,0,0.0
3753417,0,0.0
3753517,0,0.0
3753617,0,0.0
3753717,0,0.0
3753817,0,0.0
3753917,0,0.0
3754017,0,0.0
3754117,0,0.0
3754217,0,0.0
3754317,0,0.0
3754417,0,0.0
3754517,0,0.0
3754617,0,0.0
3754717,0,0.0
3754817,0,0.0
3754917,0,0.0
3755017,0,0.0
3755117,0,0.0
3755217,0,0.0
3755317,0,0.0
3755417,0,0.0
3755517,0,0.0
3755617,0,0.0
3755717,0,0.0
3755817,0,0.0
3755917,0,0.0
3756017,0,0.0
3756117,0,0.0
3756217,0,0.0
3756317,1,0.0
3756417,0,0.0
3756517,0,0.0
3756617,0,0.0
3756717,0,0.0
3756817,0,0.0
3756917,0,0.0
3757017,0,0.0
3757117,0,0.0
3757217,0,0.0
3757317,0,0.0
3757417,0,0.0
3757517,0,0.0
3757617,0,0.0
3757717,0,0.0
3757817,0,0.0
3757917,0,0.0
3758017,0,0.0
3758117,0,0.0
3758217,0,0.0
3758317,0,0.0
3758417,0,0.0
3758517,0,0.0
3758617,0,0.0
3758717,0,0.0
3758817,0,0.0
3758917,0,0.0
3759017,0,0.0
3759117,0,0.0
3759217,0,0.0
3759317,0,0.0
3759417,0,0.0
3759517,0,0.0
3759617,0,0.0
3759717,0,0.0
3759817,0,0.0
3759917,0,0.0
3760017,0,0.0
3760117,0,0.0
3760217,0,0.0
3760317,0,0.0
3760417,4,0.0
3760517,0,0.0
3760617,0,0.0
3760717,0,0.0
3760817,0,0.0
3760917,4,0.0
3761017,0,0.0
3761117,0,0.0
3761217,0,0.0
3761317,0,0.0
3761417,0,0.0
3761517,0,0.0
3761617,0,0.0
3761717,0,0.0
3761817,0,0.0
3761917,0,0.0
3762017,0,0.0
3762117,0,0.0
3762217,0,0.0
3762317,0,0.0
3762417,0,0.0
3762517,0,0.0
3762617,0,0.0
3762717,0,0.0
3762817,0,0.0
3762917,4,0.0
3763017,2,0.0
3763117,0,0.0
3763217,0,0.0
3763317,0,0.0
3763417,0,0.0
3763517,0,0.0
3763617,0,0.0
3763717,0,0.0
3763817,0,0.0
3763917,0,0.0
3764017,2,0.0
3764117,0,0.0
3764217,0,0.0
3764317,0,0.0
3764417,0,0.0
3764517,0,0.0
3764617,0,0.0
3764717,0,0.0
3764817,0,0.0
3764917,2,0.0
3765017,0,0.0
3765117,0,0.0
3765217,3,0.0
3765317,0,0.0
3765417,0,0.0
3765517,0,0.0
3765617,0,0.0
3765717,0,0.0
3765817,0,0.0
3765917,0,0.0
3766017,0,0.0
3766117,0,0.0
3766217,0,0.0
3766317,0,0.0
3766417,0,0.0
3766517,0,0.0
3766617,0,0.0
3766717,0,0.0
3766817,0,0.0
3766917,0,0.0
3767017,0,0.0
3767117,0,0.0
3767217,0,0.0
3767317,0,0.0
3767417,0,0.0
3767517,0,0.0
3767617,0,0.0
3767717,0,0.0
3767817,0,0.0
3767917,0,0.0
3768017,0,0.0
3768117,14,0.01
3768217,0,0.0
3768317,0,0.0
3768417,0,0.0
3768517,6,0.0
3768617,0,0.0
3768717,0,0.0
3768817,0,0.0
3768917,0,0.0
3769017,0,0.0
3769117,0,0.0
3769217,0,0.0
3769317,0,0.0
3769417,0,0.0
3769517,0,0.0
3769617,0,0.0
3769717,0,0.0
3769817,0,0.0
3769917,0,0.0
3770017,0,0.0
3770117,0,0.0
3770217,0,0.0
3770317,0,0.0
3770417,0,0.0
3770517,10,0.01
3770617,0,0.0
3770717,0,0.0
3770817,0,0.0
3770917,0,0.0
3771017,0,0.0
3771117,2,0.0
3771217,0,0.0
3771317,0,0.0
3771417,0,0.0
3771517,0,0.0
3771617,0,0.0
3771717,0,0.0
3771817,0,0.0
3771917,0,0.0
3772017,5,0.0
3772117,0,0.0
3772217,0,0.0
3772317,0,0.0
3772417,5,0.0
3772517,0,0.0
3772617,0,0.0
3772717,0,0.0
3772817,0,0.0
3772917,0,0.0
3773017,0,0.0
3773117,0,0.0
3773217,0,0.0
3773317,0,0.0
3773417,0,0.0
3773517,0,0.0
3773617,0,0.0
3773717,0,0.0
3773817,0,0.0
3773917,2,0.0
3774017,0,0.0
3774117,0,0.0
3774217,0,0.0
3774317,0,0.0
3774417,0,0.0
3774517,0,0.0
3774617,0,0.0
3774717,0,0.0
3774817,0,0.0
3774917,0,0.0
3775017,0,0.0
3775117,0,0.0
3775217,0,0.0
3775317,0,0.0
3775417,8,0.01
3775517,0,0.0
3775617,0,0.0
3775717,0,0.0
3775817,0,0.0
3775917,0,0.0
3776017,0,0.0
3776117,0,0.0
3776217,0,0.0
3776317,6,0.0
3776417,0,0.0
3776517,0,0.0
3776617,0,0.0
3776717,0,0.0
3776817,0,0.0
3776917,0,0.0
3777017,0,0.0
3777117,0,0.0
3777217,0,0.0
3777317,0,0.0
3777417,1,0.0
3777517,0,0.0
3777617,0,0.0
3777717,0,0.0
3777817,0,0.0
3777917,0,0.0
3778017,0,0.0
3778117,0,0.0
3778217,0,0.0
3778317,2,0.0
3778417,3,0.0
3778517,0,0.0
3778617,0,0.0
3778717,0,0.0
3778817,0,0.0
3778917,0,0.0
3779017,0,0.0
3779117,2,0.0
3779217,0,0.0
3779317,0,0.0
3779417,0,0.0
3779517,0,0.0
3779617,0,0.0
3779717,6,0.0
3779817,0,0.0
3779917,0,0.0
3780017,0,0.0
3780117,0,0.0
3780217,0,0.0
3780317,0,0.0
3780417,0,0.0
3780517,0,0.0
3780617,0,0.0
3780717,0,0.0
3780817,0,0.0
3780917,0,0.0
3781017,0,0.0
3781117,4,0.0
3781217,0,0.0
3781317,0,0.0
3781417,0,0.0
3781517,0,0.0
3781617,0,0.0
3781717,0,0.0
3781817,0,0.0
3781917,0,0.0
3782017,0,0.0
3782117,0,0.0
3782217,0,0.0
3782317,0,0.0
3782417,0,0.0
3782517,0,0.0
3782617,0,0.0
3782717,0,0.0
3782817,0,0.0
3782917,2,0.0
3783017,0,0.0
3783117,0,0.0
3783217,0,0.0
3783317,0,0.0
3783417,0,0.0
3783517,0,0.0
3783617,0,0.0
3783717,0,0.0
3783817,0,0.0
3783917,0,0.0
3784017,0,0.0
3784117,0,0.0
3784217,0,0.0
3784317,0,0.0
3784417,0,0.0
3784517,0,0.0
3784617,0,0.0
3784717,0,0.0
3784817,5,0.0
3784917,0,0.0
3785017,0,0.0
3785117,0,0.0
3785217,0,0.0
3785317,0,0.0
3785417,0,0.0
3785517,0,0.0
3785617,0,0.0
3785717,0,0.0
3785817,0,0.0
3785917,0,0.0
3786017,0,0.0
3786117,0,0.0
3786217,0,0.0
3786317,0,0.0
3786417,0,0.0
3786517,3,0.0
3786617,0,0.0
3786717,3,0.0
3786817,0,0.0
3786917,0,0.0
3787017,0,0.0
3787117,0,0.0
3787217,0,0.0
3787317,0,0.0
3787417,0,0.0
3787517,2,0.0
3787617,0,0.0
3787717,0,0.0
3787817,0,0.0
3787917,6,0.0
3788017,0,0.0
3788117,0,0.0
3788217,0,0.0
3788317,0,0.0
3788417,0,0.0
3788517,0,0.0
3788617,0,0.0
3788717,0,0.0
3788817,0,0.0
3788917,0,0.0
3789017,0,0.0
3789117,0,0.0
3789217,0,0.0
3789317,0,0.0
3789417,0,0.0
3789517,0,0.0
3789617,0,0.0
3789717,0,0.0
3789817,0,0.0
3789917,0,0.0
3790017,0,0.0
3790117,0,0.0
3790217,0,0.0
3790317,0,0.0
3790417,0,0.0
3790517,0,0.0
3790617,0,0.0
3790717,0,0.0
3790817,0,0.0
3790917,0,0.0
3791017,0,0.0
3791117,0,0.0
3791217,0,0.0
3791317,0,0.0
3791417,0,0.0
3791517,0,0.0
3791617,5,0.0
3791717,0,0.0
3791817,0,0.0
3791917,0,0.0
3792017,0,0.0
3792117,0,0.0
3792217,0,0.0
3792317,0,0.0
3792417,0,0.0
3792517,0,0.0
3792617,0,0.0
3792717,0,0.0
3792817,0,0.0
3792917,0,0.0
3793017,0,0.0
3793117,0,0.0
3793217,0,0.0
3793317,0,0.0
3793417,0,0.0
3793517,2,0.0
3793617,0,0.0
3793717,0,0.0
3793817,0,0.0
3793917,1,0.0
3794017,0,0.0
3794117,0,0.0
3794217,0,0.0
3794317,0,0.0
3794417,0,0.0
3794517,0,0.0
3794617,0,0.0
3794717,0,0.0
3794817,0,0.0
3794917,0,0.0
3795017,0,0.0
3795117,0,0.0
3795217,0,0.0
3795317,0,0.0
3795417,0,0.0
3795517,0,0.0
3795617,0,0.0
3795717,0,0.0
3795817,0,0.0
3795917,0,0.0
3796017,0,0.0
3796117,0,0.0
3796217,0,0.0
3796317,0,0.0
3796417,0,0.0
3796517,0,0.0
3796617,0,0.0
3796717,0,0.0
3796817,0,0.0
3796917,13,0.01
3797017,0,0.0
3797117,0,0.0
3797217,0,0.0
3797317,0,0.0
3797417,0,0.0
3797517,0,0.0
3797617,0,0.0
3797717,0,0.0
3797817,0,0.0
3797917,0,0.0
3798017,0,0.0
3798117,0,0.0
3798217,0,0.0
3798317,0,0.0
3798417,2,0.0
3798517,0,0.0
3798617,0,0.0
3798717,0,0.0
3798817,0,0.0
3798917,0,0.0
3799017,0,0.0
3799117,5,0.0
3799217,10,0.01
3799317,0,0.0
3799417,0,0.0
3799517,0,0.0
3799617,0,0.0
3799717,0,0.0
3799817,0,0.0
3799917,0,0.0
3800017,0,0.0
3800117,0,0.0
3800217,0,0.0
3800317,0,0.0
3800417,0,0.0
3800517,0,0.0
3800617,0,0.0
3800717,0,0.0
3800817,0,0.0
3800917,0,0.0
3801017,0,0.0
3801117,0,0.0
3801217,0,0.0
3801317,0,0.0
3801417,0,0.0
3801517,0,0.0
3801617,0,0.0
3801717,5,0.0
3801817,0,0.0
3801917,0,0.0
3802017,0,0.0
3802117,0,0.0
3802217,0,0.0
3802317,2,0.0
3802417,0,0.0
3802517,0,0.0
3802617,0,0.0
3802717,0,0.0
3802817,0,0.0
3802917,0,0.0
3803017,0,0.0
3803117,1,0.0
3803217,0,0.0
3803317,0,0.0
3803417,0,0.0
3803517,0,0.0
3803617,2,0.0
3803717,0,0.0
3803817,0,0.0
3803917,0,0.0
3804017,1,0.0
3804117,0,0.0
3804217,0,0.0
3804317,0,0.0
3804417,0,0.0
3804517,0,0.0
3804617,0,0.0
3804717,0,0.0
3804817,0,0.0
3804917,0,0.0
3805017,4,0.0
3805117,0,0.0
3805217,0,0.0
3805317,0,0.0
3805417,11,0.01
3805517,0,0.0
3805617,0,0.0
3805717,0,0.0
3805817,0,0.0
3805917,0,0.0
3806017,0,0.0
3806117,0,0.0
3806217,0,0.0
3806317,0,0.0
3806417,0,0.0
3806517,5,0.0
3806617,0,0.0
3806717,0,0.0
3806817,0,0.0
3806917,0,0.0
3807017,1,0.0
3807117,0,0.0
3807217,0,0.0
3807317,0,0.0
3807417,0,0.0
3807517,0,0.0
3807617,0,0.0
3807717,0,0.0
3807817,4,0.0
3807917,0,0.0
3808017,5,0.0
3808117,0,0.0
3808217,6,0.0
3808317,3,0.0
3808417,0,0.0
3808517,0,0.0
3808617,0,0.0
3808717,0,0.0
3808817,0,0.0
3808917,0,0.0
3809017,0,0.0
3809117,0,0.0
3809217,0,0.0
3809317,0,0.0
3809417,1,0.0
3809517,0,0.0
3809617,0,0.0
3809717,0,0.0
3809817,0,0.0
3809917,0,0.0
3810017,0,0.0
3810117,0,0.0
3810217,0,0.0
3810317,0,0.0
3810417,0,0.0
3810517,1,0.0
3810617,0,0.0
3810717,0,0.0
3810817,0,0.0
3810917,0,0.0
3811017,0,0.0
3811117,0,0.0
3811217,0,0.0
3811317,0,0.0
3811417,0,0.0
3811517,0,0.0
3811617,0,0.0
3811717,0,0.0
3811817,0,0.0
3811917,0,0.0
3812017,0,0.0
3812117,0,0.0
3812217,0,0.0
3812317,0,0.0
3812417,0,0.0
3812517,0,0.0
3812617,0,0.0
3812717,0,0.0
3812817,14,0.01
3812917,0,0.0
3813017,0,0.0
3813117,0,0.0
3813217,0,0.0
3813317,5,0.0
3813417,0,0.0
3813517,0,0.0
3813617,0,0.0
3813717,0,0.0
3813817,0,0.0
3813917,0,0.0
3814017,0,0.0
3814117,0,0.0
3814217,0,0.0
3814317,2,0.0
3814417,0,0.0
3814517,0,0.0
3814617,0,0.0
3814717,0,0.0
3814817,0,0.0
3814917,4,0.0
3815017,0,0.0
3815117,0,0.0
3815217,0,0.0
3815317,0,0.0
3815417,2,0.0
3815517,0,0.0
3815617,0,0.0
3815717,0,0.0
3815817,0,0.0
3815917,0,0.0
3816017,0,0.0
3816117,0,0.0
3816217,0,0.0
3816317,0,0.0
3816417,0,0.0
3816517,0,0.0
3816617,0,0.0
3816717,0,0.0
3816817,0,0.0
3816917,0,0.0
3817017,0,0.0
3817117,0,0.0
3817217,0,0.0
3817317,0,0.0
3817417,0,0.0
3817517,0,0.0
3817617,0,0.0
3817717,1,0.0
3817817,0,0.0
3817917,0,0.0
3818017,0,0.0
3818117,0,0.0
3818217,0,0.0
3818317,0,0.0
3818417,0,0.0
3818517,6,0.0
3818617,0,0.0
3818717,0,0.0
3818817,0,0.0
3818917,0,0.0
3819017,0,0.0
3819117,0,0.0
3819217,16,0.01
3819317,0,0.0
3819417,0,0.0
3819517,0,0.0
3819617,0,0.0
3819717,0,0.0
3819817,0,0.0
3819917,0,0.0
3820017,0,0.0
3820117,9,0.01
3820217,0,0.0
3820317,0,0.0
3820417,0,0.0
3820517,0,0.0
3820617,0,0.0
3820717,0,0.0
3820817,0,0.0
3820917,0,0.0
3821017,0,0.0
3821117,10,0.01
3821217,0,0.0
3821317,0,0.0
3821417,0,0.0
3821517,0,0.0
3821617,0,0.0
3821717,0,0.0
3821817,0,0.0
3821917,0,0.0
3822017,0,0.0
3822117,2,0.0
3822217,0,0.0
3822317,0,0.0
3822417,0,0.0
3822517,0,0.0
3822617,0,0.0
3822717,1,0.0
3822817,0,0.0
3822917,0,0.0
3823017,0,0.0
3823117,0,0.0
3823217,0,0.0
3823317,2,0.0
3823417,0,0.0
3823517,0,0.0
3823617,0,0.0
3823717,0,0.0
3823817,0,0.0
3823917,0,0.0
3824017,0,0.0
3824117,0,0.0
3824217,0,0.0
3824317,0,0.0
3824417,0,0.0
3824517,0,0.0
3824617,0,0.0
3824717,0,0.0
3824817,0,0.0
3824917,6,0.0
3825017,0,0.0
3825117,0,0.0
3825217,0,0.0
3825317,0,0.0
3825417,0,0.0
3825517,0,0.0
3825617,0,0.0
3825717,0,0.0
3825817,0,0.0
3825917,0,0.0
3826017,0,0.0
3826117,0,0.0
3826217,0,0.0
3826317,0,0.0
3826417,9,0.01
3826517,0,0.0
3826617,1,0.0
3826717,0,0.0
3826817,0,0.0
3826917,0,0.0
3827017,0,0.0
3827117,0,0.0
3827217,0,0.0
3827317,11,0.01
3827417,0,0.0
3827517,0,0.0
3827617,0,0.0
3827717,0,0.0
3827817,0,0.0
3827917,0,0.0
3828017,0,0.0
3828117,0,0.0
3828217,0,0.0
3828317,0,0.0
3828417,0,0.0
3828517,0,0.0
3828617,0,0.0
3828717,0,0.0
3828817,0,0.0
3828917,0,0.0
3829017,0,0.0
3829117,0,0.0
3829217,0,0.0
3829317,0,0.0
3829417,0,0.0
3829517,0,0.0
3829617,0,0.0
3829717,0,0.0
3829817,0,0.0
3829917,0,0.0
3830017,0,0.0
3830117,16,0.01
3830217,0,0.0
3830317,0,0.0
3830417,0,0.0
3830517,0,0.0
3830617,13,0.01
3830717,0,0.0
3830817,0,0.0
3830917,0,0.0
3831017,0,0.0
3831117,0,0.0
3831217,0,0.0
3831317,0,0.0
3831417,0,0.0
3831517,0,0.0
3831617,0,0.0
3831717,0,0.0
3831817,0,0.0
3831917,0,0.0
3832017,0,0.0
3832117,0,0.0
3832217,0,0.0
3832317,0,0.0
3832417,0,0.0
3832517,0,0.0
3832617,0,0.0
3832717,0,0.0
3832817,0,0.0
3832917,0,0.0
3833017,0,0.0
3833117,0,0.0
3833217,0,0.0
3833317,0,0.0
3833417,0,0.0
3833517,0,0.0
3833617,0,0.0
3833717,0,0.0
3833817,0,0.0
3833917,0,0.0
3834017,0,0.0
3834117,0,0.0
3834217,0,0.0
3834317,0,0.0
3834417,0,0.0
3834517,0,0.0
3834617,0,0.0
3834717,1,0.0
3834817,0,0.0
3834917,0,0.0
3835017,0,0.0
3835117,0,0.0
3835217,0,0.0
3835317,0,0.0
3835417,0,0.0
3835517,0,0.0
3835617,0,0.0
3835717,0,0.0
3835817,0,0.0
3835917,0,0.0
3836017,0,0.0
3836117,0,0.0
3836217,0,0.0
3836317,0,0.0
3836417,0,0.0
3836517,0,0.0
3836617,0,0.0
3836717,0,0.0
3836817,0,0.0
3836917,0,0.0
3837017,0,0.0
3837117,0,0.0
3837217,0,0.0
3837317,0,0.0
3837417,0,0.0
3837517,0,0.0
3837617,0,0.0
3837717,0,0.0
3837817,0,0.0
3837917,0,0.0
3838017,18,0.01
3838117,0,0.0
3838217,0,0.0
3838317,0,0.0
3838417,0,0.0
3838517,0,0.0
3838617,0,0.0
3838717,0,0.0
3838817,0,0.0
3838917,0,0.0
3839017,0,0.0
3839117,0,0.0
3839217,7,0.01
3839317,0,0.0
3839417,0,0.0
3839517,0,0.0
3839617,0,0.0
3839717,0,0.0
3839817,0,0.0
3839917,0,0.0
3840017,0,0.0
3840117,0,0.0
3840217,0,0.0
3840317,8,0.01
3840417,0,0.0
3840517,0,0.0
3840617,0,0.0
3840717,0,0.0
3840817,0,0.0
3840917,0,0.0
3841017,0,0.0
3841117,0,0.0
3841217,0,0.0
3841317,0,0.0
3841417,0,0.0
3841517,0,0.0
3841617,10,0.01
3841717,0,0.0
3841817,0,0.0
3841917,0,0.0
3842017,0,0.0
3842117,5,0.0
3842217,0,0.0
3842317,0,0.0
3842417,0,0.0
3842517,0,0.0
3842617,0,0.0
3842717,0,0.0
3842817,0,0.0
3842917,0,0.0
3843017,0,0.0
3843117,0,0.0
3843217,0,0.0
3843317,0,0.0
3843417,0,0.0
3843517,0,0.0
3843617,0,0.0
3843717,0,0.0
3843817,0,0.0
3843917,0,0.0
3844017,0,0.0
3844117,0,0.0
3844217,0,0.0
3844317,0,0.0
3844417,0,0.0
3844517,0,0.0
3844617,0,0.0
3844717,0,0.0
3844817,0,0.0
3844917,0,0.0
3845017,0,0.0
3845117,4,0.0
3845217,0,0.0
3845317,0,0.0
3845417,0,0.0
3845517,0,0.0
3845617,0,0.0
3845717,0,0.0
3845817,0,0.0
3845917,0,0.0
3846017,0,0.0
3846117,0,0.0
3846217,0,0.0
3846317,0,0.0
3846417,0,0.0
3846517,2,0.0
3846617,0,0.0
3846717,0,0.0
3846817,0,0.0
3846917,1,0.0
3847017,2,0.0
3847117,0,0.0
3847217,0,0.0
3847317,2,0.0
3847417,0,0.0
3847517,0,0.0
3847617,4,0.0
3847717,0,0.0
3847817,2,0.0
3847917,0,0.0
3848017,1,0.0
3848117,0,0.0
3848217,0,0.0
3848317,2,0.0
3848417,0,0.0
3848517,0,0.0
3848617,0,0.0
3848717,0,0.0
3848817,0,0.0
3848917,0,0.0
3849017,0,0.0
3849117,0,0.0
3849217,0,0.0
3849317,0,0.0
3849417,0,0.0
3849517,0,0.0
3849617,0,0.0
3849717,0,0.0
3849817,2,0.0
3849917,0,0.0
3850017,0,0.0
3850117,0,0.0
3850217,0,0.0
3850317,0,0.0
3850417,1,0.0
3850517,0,0.0
3850617,0,0.0
3850717,0,0.0
3850817,0,0.0
3850917,0,0.0
3851017,0,0.0
3851117,0,0.0
3851217,0,0.0
3851317,0,0.0
3851417,0,0.0
3851517,7,0.01
3851617,0,0.0
3851717,0,0.0
3851817,0,0.0
3851917,0,0.0
3852017,0,0.0
3852117,0,0.0
3852217,0,0.0
3852317,0,0.0
3852417,0,0.0
3852517,0,0.0
3852617,0,0.0
3852717,0,0.0
3852817,0,0.0
3852917,0,0.0
3853017,12,0.01
3853117,0,0.0
3853217,0,0.0
3853317,0,0.0
3853417,0,0.0
3853517,0,0.0
3853617,0,0.0
3853717,5,0.0
3853817,0,0.0
3853917,0,0.0
3854017,0,0.0
3854117,0,0.0
3854217,0,0.0
3854317,0,0.0
3854417,0,0.0
3854517,0,0.0
3854617,0,0.0
3854717,0,0.0
3854817,0,0.0
3854917,0,0.0
3855017,0,0.0
3855117,0,0.0
3855217,0,0.0
3855317,0,0.0
3855417,5,0.0
3855517,0,0.0
3855617,0,0.0
3855717,0,0.0
3855817,0,0.0
3855917,0,0.0
3856017,0,0.0
3856117,0,0.0
3856217,0,0.0
3856317,0,0.0
3856417,0,0.0
3856517,0,0.0
3856617,0,0.0
3856717,0,0.0
3856817,0,0.0
3856917,0,0.0
3857017,0,0.0
3857117,0,0.0
3857217,2,0.0
3857317,0,0.0
3857417,0,0.0
3857517,0,0.0
3857617,0,0.0
3857717,10,0.01
3857817,0,0.0
3857917,0,0.0
3858017,0,0.0
3858117,0,0.0
3858217,0,0.0
3858317,0,0.0
3858417,0,0.0
3858517,0,0.0
3858617,0,0.0
3858717,0,0.0
3858817,0,0.0
3858917,0,0.0
3859017,0,0.0
3859117,0,0.0
3859217,0,0.0
3859317,0,0.0
3859417,0,0.0
3859517,0,0.0
3859617,0,0.0
3859717,0,0.0
3859817,0,0.0
3859917,0,0.0
3860017,0,0.0
3860117,0,0.0
3860217,0,0.0
3860317,0,0.0
3860417,0,0.0
3860517,0,0.0
3860617,0,0.0
3860717,0,0.0
3860817,0,0.0
3860917,1,0.0
3861017,0,0.0
3861117,0,0.0
3861217,0,0.0
3861317,0,0.0
3861417,0,0.0
3861517,0,0.0
3861617,0,0.0
3861717,0,0.0
3861817,0,0.0
3861917,0,0.0
3862017,0,0.0
3862117,0,0.0
3862217,0,0.0
3862317,0,0.0
3862417,5,0.0
3862517,0,0.0
3862617,0,0.0
3862717,0,0.0
3862817,0,0.0
3862917,12,0.01
3863017,0,0.0
3863117,7,0.01
3863217,0,0.0
3863317,0,0.0
3863417,0,0.0
3863517,0,0.0
3863617,0,0.0
3863717,0,0.0
3863817,0,0.0
3863917,0,0.0
3864017,0,0.0
3864117,0,0.0
3864217,0,0.0
3864317,0,0.0
3864417,0,0.0
3864517,0,0.0
3864617,0,0.0
3864717,0,0.0
3864817,0,0.0
3864917,0,0.0
3865017,0,0.0
3865117,0,0.0
3865217,0,0.0
3865317,0,0.0
3865417,0,0.0
3865517,0,0.0
3865617,0,0.0
3865717,1,0.0
3865817,0,0.0
3865917,0,0.0
3866017,0,0.0
3866117,0,0.0
3866217,0,0.0
3866317,0,0.0
3866417,0,0.0
3866517,0,0.0
3866617,2,0.0
3866717,0,0.0
3866817,0,0.0
3866917,0,0.0
3867017,10,0.01
3867117,0,0.0
3867217,0,0.0
3867317,0,0.0
3867417,0,0.0
3867517,0,0.0
3867617,0,0.0
3867717,0,0.0
3867817,0,0.0
3867917,0,0.0
3868017,0,0.0
3868117,1,0.0
3868217,0,0.0
3868317,0,0.0
3868417,2,0.0
3868517,2,0.0
3868617,0,0.0
3868717,0,0.0
3868817,2,0.0
3868917,0,0.0
3869017,0,0.0
3869117,0,0.0
3869217,0,0.0
3869317,0,0.0
3869417,0,0.0
3869517,0,0.0
3869617,0,0.0
3869717,0,0.0
3869817,0,0.0
3869917,0,0.0
3870017,0,0.0
3870117,6,0.0
3870217,10,0.01
3870317,0,0.0
3870417,0,0.0
3870517,0,0.0
3870617,0,0.0
3870717,0,0.0
3870817,0,0.0
3870917,0,0.0
3871017,0,0.0
3871117,0,0.0
3871217,0,0.0
3871317,0,0.0
3871417,0,0.0
3871517,0,0.0
3871617,5,0.0
3871717,0,0.0
3871817,0,0.0
3871917,0,0.0
3872017,0,0.0
3872117,0,0.0
3872217,0,0.0
3872317,0,0.0
3872417,0,0.0
3872517,0,0.0
3872617,0,0.0
3872717,0,0.0
3872817,0,0.0
3872917,0,0.0
3873017,0,0.0
3873117,2,0.0
3873217,0,0.0
3873317,0,0.0
3873417,0,0.0
3873517,0,0.0
3873617,0,0.0
3873717,0,0.0
3873817,0,0.0
3873917,0,0.0
3874017,12,0.01
3874117,0,0.0
3874217,0,0.0
3874317,0,0.0
3874417,0,0.0
3874517,0,0.0
3874617,0,0.0
3874717,0,0.0
3874817,0,0.0
3874917,0,0.0
3875017,0,0.0
3875117,0,0.0
3875217,0,0.0
3875317,0,0.0
3875417,0,0.0
3875517,0,0.0
3875617,0,0.0
3875717,3,0.0
3875817,0,0.0
3875917,0,0.0
3876017,0,0.0
3876117,0,0.0
3876217,0,0.0
3876317,0,0.0
3876417,0,0.0
3876517,0,0.0
3876617,0,0.0
3876717,0,0.0
3876817,0,0.0
3876917,1,0.0
3877017,0,0.0
3877117,0,0.0
3877217,0,0.0
3877317,0,0.0
3877417,0,0.0
3877517,0,0.0
3877617,4,0.0
3877717,6,0.0
3877817,10,0.01
3877917,0,0.0
3878017,0,0.0
3878117,0,0.0
3878217,2,0.0
3878317,0,0.0
3878417,0,0.0
3878517,0,0.0
3878617,0,0.0
3878717,0,0.0
3878817,0,0.0
3878917,0,0.0
3879017,0,0.0
3879117,0,0.0
3879217,0,0.0
3879317,0,0.0
3879417,0,0.0
3879517,0,0.0
3879617,0,0.0
3879717,0,0.0
3879817,1,0.0
3879917,0,0.0
3880017,3,0.0
3880117,0,0.0
3880217,0,0.0
3880317,0,0.0
3880417,16,0.01
3880517,0,0.0
3880617,0,0.0
3880717,0,0.0
3880817,4,0.0
3880917,0,0.0
3881017,0,0.0
3881117,0,0.0
3881217,0,0.0
3881317,0,0.0
3881417,0,0.0
3881517,0,0.0
3881617,0,0.0
3881717,0,0.0
3881817,0,0.0
3881917,0,0.0
3882017,0,0.0
3882117,0,0.0
3882217,0,0.0
3882317,0,0.0
3882417,0,0.0
3882517,0,0.0
3882617,0,0.0
3882717,0,0.0
3882817,5,0.0
3882917,0,0.0
3883017,0,0.0
3883117,0,0.0
3883217,0,0.0
3883317,0,0.0
3883417,0,0.0
3883517,0,0.0
3883617,0,0.0
3883717,0,0.0
3883817,0,0.0
3883917,0,0.0
3884017,0,0.0
3884117,0,0.0
3884217,0,0.0
3884317,0,0.0
3884417,0,0.0
3884517,0,0.0
3884617,0,0.0
3884717,0,0.0
3884817,0,0.0
3884917,0,0.0
3885017,0,0.0
3885117,0,0.0
3885217,0,0.0
3885317,0,0.0
3885417,0,0.0
3885517,0,0.0
3885617,0,0.0
3885717,0,0.0
3885817,6,0.0
3885917,0,0.0
3886017,0,0.0
3886117,0,0.0
3886217,0,0.0
3886317,0,0.0
3886417,0,0.0
3886517,0,0.0
3886617,0,0.0
3886717,0,0.0
3886817,0,0.0
3886917,0,0.0
3887017,0,0.0
3887117,0,0.0
3887217,0,0.0
3887317,0,0.0
3887417,0,0.0
3887517,0,0.0
3887617,0,0.0
3887717,0,0.0
3887817,0,0.0
3887917,0,0.0
3888017,0,0.0
3888117,0,0.0
3888217,0,0.0
3888317,0,0.0
3888417,0,0.0
3888517,0,0.0
3888617,0,0.0
3888717,0,0.0
3888817,0,0.0
3888917,0,0.0
3889017,0,0.0
3889117,0,0.0
3889217,0,0.0
3889317,0,0.0
3889417,0,0.0
3889517,0,0.0
3889617,2,0.0
3889717,0,0.0
3889817,0,0.0
3889917,0,0.0
3890017,0,0.0
3890117,0,0.0
3890217,0,0.0
3890317,0,0.0
3890417,0,0.0
3890517,0,0.0
3890617,0,0.0
3890717,0,0.0
3890817,0,0.0
3890917,0,0.0
3891017,0,0.0
3891117,0,0.0
3891217,0,0.0
3891317,0,0.0
3891417,0,0.0
3891517,2,0.0
3891617,0,0.0
3891717,0,0.0
3891817,0,0.0
3891917,0,0.0
3892017,0,0.0
3892117,1,0.0
3892217,0,0.0
3892317,0,0.0
3892417,0,0.0
3892517,0,0.0
3892617,0,0.0
3892717,0,0.0
3892817,0,0.0
3892917,0,0.0
3893017,0,0.0
3893117,0,0.0
3893217,0,0.0
3893317,0,0.0
3893417,0,0.0
3893517,0,0.0
3893617,0,0.0
3893717,4,0.0
3893817,0,0.0
3893917,0,0.0
3894017,0,0.0
3894117,0,0.0
3894217,0,0.0
3894317,0,0.0
3894417,0,0.0
3894517,0,0.0
3894617,0,0.0
3894717,0,0.0
3894817,0,0.0
3894917,0,0.0
3895017,0,0.0
3895117,0,0.0
3895217,0,0.0
3895317,0,0.0
3895417,0,0.0
3895517,0,0.0
3895617,0,0.0
3895717,0,0.0
3895817,0,0.0
3895917,2,0.0
3896017,0,0.0
3896117,0,0.0
3896217,0,0.0
3896317,0,0.0
3896417,0,0.0
3896517,0,0.0
3896617,0,0.0
3896717,0,0.0
3896817,0,0.0
3896917,0,0.0
3897017,0,0.0
3897117,0,0.0
3897217,2,0.0
3897317,0,0.0
3897417,0,0.0
3897517,0,0.0
3897617,0,0.0
3897717,0,0.0
3897817,0,0.0
3897917,7,0.01
3898017,2,0.0
3898117,0,0.0
3898217,0,0.0
3898317,0,0.0
3898417,0,0.0
3898517,0,0.0
3898617,0,0.0
3898717,0,0.0
3898817,0,0.0
3898917,0,0.0
3899017,0,0.0
3899117,0,0.0
3899217,0,0.0
3899317,0,0.0
3899417,0,0.0
3899517,0,0.0
3899617,0,0.0
3899717,0,0.0
3899817,0,0.0
3899917,0,0.0
3900017,0,0.0
3900117,0,0.0
3900217,0,0.0
3900317,0,0.0
3900417,0,0.0
3900517,0,0.0
3900617,0,0.0
3900717,1,0.0
3900817,0,0.0
3900917,0,0.0
3901017,0,0.0
3901117,0,0.0
3901217,2,0.0
3901317,0,0.0
3901417,0,0.0
3901517,0,0.0
3901617,0,0.0
3901717,0,0.0
3901817,0,0.0
3901917,0,0.0
3902017,0,0.0
3902117,0,0.0
3902217,0,0.0
3902317,0,0.0
3902417,0,0.0
3902517,0,0.0
3902617,6,0.0
3902717,0,0.0
3902817,1,0.0
3902917,0,0.0
3903017,0,0.0
3903117,0,0.0
3903217,0,0.0
3903317,6,0.0
3903417,0,0.0
3903517,0,0.0
3903617,0,0.0
3903717,0,0.0
3903817,0,0.0
3903917,0,0.0
3904017,0,0.0
3904117,0,0.0
3904217,0,0.0
3904317,0,0.0
3904417,0,0.0
3904517,0,0.0
3904617,0,0.0
3904717,0,0.0
3904817,0,0.0
3904917,0,0.0
3905017,0,0.0
3905117,0,0.0
3905217,0,0.0
3905317,4,0.0
3905417,3,0.0
3905517,0,0.0
3905617,10,0.01
3905717,0,0.0
3905817,0,0.0
3905917,0,0.0
3906017,0,0.0
3906117,0,0.0
3906217,0,0.0
3906317,0,0.0
3906417,0,0.0
3906517,0,0.0
3906617,0,0.0
3906717,0,0.0
3906817,0,0.0
3906917,0,0.0
3907017,0,0.0
3907117,0,0.0
3907217,0,0.0
3907317,0,0.0
3907417,0,0.0
3907517,0,0.0
3907617,0,0.0
3907717,0,0.0
3907817,0,0.0
3907917,0,0.0
3908017,0,0.0
3908117,0,0.0
3908217,0,0.0
3908317,0,0.0
3908417,0,0.0
3908517,0,0.0
3908617,0,0.0
3908717,0,0.0
3908817,0,0.0
3908917,0,0.0
3909017,0,0.0
3909117,0,0.0
3909217,0,0.0
3909317,0,0.0
3909417,0,0.0
3909517,0,0.0
3909617,0,0.0
3909717,0,0.0
3909817,0,0.0
3909917,0,0.0
3910017,0,0.0
3910117,7,0.01
3910217,0,0.0
3910317,2,0.0
3910417,0,0.0
3910517,0,0.0
3910617,0,0.0
3910717,0,0.0
3910817,0,0.0
3910917,0,0.0
3911017,3,0.0
3911117,13,0.01
3911217,0,0.0
3911317,0,0.0
3911417,0,0.0
3911517,6,0.0
3911617,0,0.0
3911717,0,0.0
3911817,0,0.0
3911917,0,0.0
3912017,0,0.0
3912117,2,0.0
3912217,0,0.0
3912317,0,0.0
3912417,0,0.0
3912517,0,0.0
3912617,0,0.0
3912717,0,0.0
3912817,0,0.0
3912917,0,0.0
3913017,0,0.0
3913117,0,0.0
3913217,0,0.0
3913317,0,0.0
3913417,0,0.0
3913517,0,0.0
3913617,0,0.0
3913717,0,0.0
3913817,0,0.0
3913917,0,0.0
3914017,0,0.0
3914117,0,0.0
3914217,0,0.0
3914317,4,0.0
3914417,0,0.0
3914517,0,0.0
3914617,0,0.0
3914717,0,0.0
3914817,0,0.0
3914917,0,0.0
3915017,0,0.0
3915117,0,0.0
3915217,0,0.0
3915317,0,0.0
3915417,0,0.0
3915517,0,0.0
3915617,0,0.0
3915717,0,0.0
3915817,10,0.01
3915917,0,0.0
3916017,0,0.0
3916117,0,0.0
3916217,0,0.0
3916317,0,0.0
3916417,0,0.0
3916517,0,0.0
3916617,0,0.0
3916717,0,0.0
3916817,1,0.0
3916917,0,0.0
3917017,0,0.0
3917117,0,0.0
3917217,0,0.0
3917317,0,0.0
3917417,0,0.0
3917517,0,0.0
3917617,1,0.0
3917717,0,0.0
3917817,0,0.0
3917917,0,0.0
3918017,0,0.0
3918117,2,0.0
3918217,4,0.0
3918317,2,0.0
3918417,0,0.0
3918517,0,0.0
3918617,6,0.0
3918717,0,0.0
3918817,0,0.0
3918917,0,0.0
3919017,6,0.0
3919117,0,0.0
3919217,0,0.0
3919317,0,0.0
3919417,0,0.0
3919517,1,0.0
3919617,12,0.01
3919717,0,0.0
3919817,0,0.0
3919917,0,0.0
3920017,2,0.0
3920117,0,0.0
3920217,2,0.0
3920317,0,0.0
3920417,0,0.0
3920517,0,0.0
3920617,0,0.0
3920717,0,0.0
3920817,6,0.0
3920917,0,0.0
3921017,0,0.0
3921117,0,0.0
3921217,4,0.0
3921317,0,0.0
3921417,0,0.0
3921517,0,0.0
3921617,0,0.0
3921717,0,0.0
3921817,0,0.0
3921917,0,0.0
3922017,0,0.0
3922117,0,0.0
3922217,0,0.0
3922317,0,0.0
3922417,0,0.0
3922517,1,0.0
3922617,0,0.0
3922717,0,0.0
3922817,0,0.0
3922917,0,0.0
3923017,0,0.0
3923117,0,0.0
3923217,0,0.0
3923317,0,0.0
3923417,0,0.0
3923517,0,0.0
3923617,0,0.0
3923717,0,0.0
3923817,4,0.0
3923917,0,0.0
3924017,0,0.0
3924117,0,0.0
3924217,0,0.0
3924317,0,0.0
3924417,0,0.0
3924517,0,0.0
3924617,0,0.0
3924717,0,0.0
3924817,0,0.0
3924917,0,0.0
3925017,0,0.0
3925117,0,0.0
3925217,0,0.0
3925317,0,0.0
3925417,0,0.0
3925517,6,0.0
3925617,0,0.0
3925717,0,0.0
3925817,0,0.0
3925917,0,0.0
3926017,0,0.0
3926117,0,0.0
3926217,2,0.0
3926317,0,0.0
3926417,0,0.0
3926517,0,0.0
3926617,0,0.0
3926717,0,0.0
3926817,0,0.0
3926917,0,0.0
3927017,0,0.0
3927117,0,0.0
3927217,0,0.0
3927317,0,0.0
3927417,0,0.0
3927517,0,0.0
3927617,0,0.0
3927717,0,0.0
3927817,0,0.0
3927917,2,0.0
3928017,0,0.0
3928117,0,0.0
3928217,0,0.0
3928317,0,0.0
3928417,0,0.0
3928517,0,0.0
3928617,0,0.0
3928717,0,0.0
3928817,0,0.0
3928917,0,0.0
3929017,0,0.0
3929117,0,0.0
3929217,0,0.0
3929317,2,0.0
3929417,0,0.0
3929517,0,0.0
3929617,0,0.0
3929717,4,0.0
3929817,0,0.0
3929917,0,0.0
3930017,0,0.0
3930117,0,0.0
3930217,0,0.0
3930317,0,0.0
3930417,0,0.0
3930517,0,0.0
3930617,0,0.0
3930717,0,0.0
3930817,0,0.0
3930917,0,0.0
3931017,0,0.0
3931117,0,0.0
3931217,0,0.0
3931317,0,0.0
3931417,0,0.0
3931517,0,0.0
3931617,0,0.0
3931717,0,0.0
3931817,0,0.0
3931917,0,0.0
3932017,0,0.0
3932117,0,0.0
3932217,0,0.0
3932317,0,0.0
3932417,0,0.0
3932517,0,0.0
3932617,6,0.0
3932717,0,0.0
3932817,0,0.0
3932917,0,0.0
3933017,0,0.0
3933117,0,0.0
3933217,0,0.0
3933317,0,0.0
3933417,0,0.0
3933517,0,0.0
3933617,0,0.0
3933717,0,0.0
3933817,0,0.0
3933917,0,0.0
3934017,0,0.0
3934117,0,0.0
3934217,0,0.0
3934317,0,0.0
3934417,1,0.0
3934517,0,0.0
3934617,0,0.0
3934717,0,0.0
3934817,0,0.0
3934917,0,0.0
3935017,0,0.0
3935117,0,0.0
3935217,0,0.0
3935317,0,0.0
3935417,0,0.0
3935517,0,0.0
3935617,0,0.0
3935717,2,0.0
3935817,0,0.0
3935917,0,0.0
3936017,0,0.0
3936117,0,0.0
3936217,0,0.0
3936317,0,0.0
3936417,0,0.0
3936517,0,0.0
3936617,0,0.0
3936717,0,0.0
3936817,0,0.0
3936917,0,0.0
3937017,0,0.0
3937117,0,0.0
3937217,0,0.0
3937317,0,0.0
3937417,0,0.0
3937517,0,0.0
3937617,0,0.0
3937717,0,0.0
3937817,0,0.0
3937917,0,0.0
3938017,0,0.0
3938117,0,0.0
3938217,0,0.0
3938317,0,0.0
3938417,0,0.0
3938517,0,0.0
3938617,0,0.0
3938717,0,0.0
3938817,0,0.0
3938917,0,0.0
3939017,0,0.0
3939117,0,0.0
3939217,0,0.0
3939317,0,0.0
3939417,0,0.0
3939517,0,0.0
3939617,0,0.0
3939717,0,0.0
3939817,0,0.0
3939917,0,0.0
3940017,0,0.0
3940117,0,0.0
3940217,0,0.0
3940317,0,0.0
3940417,3,0.0
3940517,0,0.0
3940617,0,0.0
3940717,0,0.0
3940817,0,0.0
3940917,0,0.0
3941017,0,0.0
3941117,0,0.0
3941217,0,0.0
3941317,0,0.0
3941417,0,0.0
3941517,0,0.0
3941617,0,0.0
3941717,2,0.0
3941817,0,0.0
3941917,0,0.0
3942017,0,0.0
3942117,0,0.0
3942217,0,0.0
3942317,0,0.0
3942417,0,0.0
3942517,0,0.0
3942617,0,0.0
3942717,0,0.0
3942817,0,0.0
3942917,4,0.0
3943017,2,0.0
3943117,0,0.0
3943217,0,0.0
3943317,0,0.0
3943417,0,0.0
3943517,0,0.0
3943617,0,0.0
3943717,0,0.0
3943817,0,0.0
3943917,0,0.0
3944017,0,0.0
3944117,0,0.0
3944217,0,0.0
3944317,0,0.0
3944417,0,0.0
3944517,0,0.0
3944617,0,0.0
3944717,0,0.0
3944817,0,0.0
3944917,0,0.0
3945017,0,0.0
3945117,0,0.0
3945217,0,0.0
3945317,0,0.0
3945417,0,0.0
3945517,0,0.0
3945617,1,0.0
3945717,0,0.0
3945817,4,0.0
3945917,0,0.0
3946017,0,0.0
3946117,0,0.0
3946217,0,0.0
3946317,0,0.0
3946417,0,0.0
3946517,0,0.0
3946617,0,0.0
3946717,0,0.0
3946817,0,0.0
3946917,0,0.0
3947017,0,0.0
3947117,0,0.0
3947217,0,0.0
3947317,0,0.0
3947417,0,0.0
3947517,14,0.01
3947617,0,0.0
3947717,0,0.0
3947817,0,0.0
3947917,0,0.0
3948017,0,0.0
3948117,0,0.0
3948217,0,0.0
3948317,1,0.0
3948417,0,0.0
3948517,0,0.0
3948617,0,0.0
3948717,0,0.0
3948817,0,0.0
3948917,0,0.0
3949017,0,0.0
3949117,0,0.0
3949217,0,0.0
3949317,0,0.0
3949417,0,0.0
3949517,0,0.0
3949617,0,0.0
3949717,0,0.0
3949817,1,0.0
3949917,0,0.0
3950017,0,0.0
3950117,0,0.0
3950217,0,0.0
3950317,14,0.01
3950417,0,0.0
3950517,0,0.0
3950617,2,0.0
3950717,12,0.01
3950817,0,0.0
3950917,0,0.0
3951017,0,0.0
3951117,4,0.0
3951217,0,0.0
3951317,0,0.0
3951417,0,0.0
3951517,0,0.0
3951617,0,0.0
3951717,0,0.0
3951817,0,0.0
3951917,0,0.0
3952017,0,0.0
3952117,0,0.0
3952217,0,0.0
3952317,0,0.0
3952417,0,0.0
3952517,0,0.0
3952617,0,0.0
3952717,0,0.0
3952817,0,0.0
3952917,0,0.0
3953017,0,0.0
3953117,0,0.0
3953217,0,0.0
3953317,0,0.0
3953417,0,0.0
3953517,0,0.0
3953617,0,0.0
3953717,0,0.0
3953817,0,0.0
3953917,0,0.0
3954017,0,0.0
3954117,0,0.0
3954217,0,0.0
3954317,0,0.0
3954417,0,0.0
3954517,0,0.0
3954617,0,0.0
3954717,0,0.0
3954817,0,0.0
3954917,0,0.0
3955017,0,0.0
3955117,0,0.0
3955217,0,0.0
3955317,0,0.0
3955417,0,0.0
3955517,0,0.0
3955617,0,0.0
3955717,0,0.0
3955817,0,0.0
3955917,2,0.0
3956017,0,0.0
3956117,0,0.0
3956217,0,0.0
3956317,0,0.0
3956417,0,0.0
3956517,0,0.0
3956617,0,0.0
3956717,0,0.0
3956817,0,0.0
3956917,6,0.0
3957017,0,0.0
3957117,0,0.0
3957217,0,0.0
3957317,0,0.0
3957417,0,0.0
3957517,0,0.0
3957617,0,0.0
3957717,0,0.0
3957817,0,0.0
3957917,0,0.0
3958017,7,0.01
3958117,0,0.0
3958217,0,0.0
3958317,0,0.0
3958417,0,0.0
3958517,2,0.0
3958617,6,0.0
3958717,0,0.0
3958817,12,0.01
3958917,0,0.0
3959017,0,0.0
3959117,2,0.0
3959217,0,0.0
3959317,0,0.0
3959417,16,0.01
3959517,0,0.0
3959617,0,0.0
3959717,0,0.0
3959817,0,0.0
3959917,10,0.01
3960017,0,0.0
3960117,0,0.0
3960217,0,0.0
3960317,0,0.0
3960417,0,0.0
3960517,0,0.0
3960617,0,0.0
3960717,0,0.0
3960817,0,0.0
3960917,0,0.0
3961017,0,0.0
3961117,2,0.0
3961217,0,0.0
3961317,0,0.0
3961417,0,0.0
3961517,0,0.0
3961617,0,0.0
3961717,0,0.0
3961817,0,0.0
3961917,0,0.0
3962017,4,0.0
3962117,0,0.0
3962217,0,0.0
3962317,0,0.0
3962417,0,0.0
3962517,0,0.0
3962617,0,0.0
3962717,0,0.0
3962817,0,0.0
3962917,8,0.01
3963017,0,0.0
3963117,0,0.0
3963217,0,0.0
3963317,0,0.0
3963417,0,0.0
3963517,0,0.0
3963617,0,0.0
3963717,0,0.0
3963817,0,0.0
3963917,0,0.0
3964017,0,0.0
3964117,0,0.0
3964217,0,0.0
3964317,0,0.0
3964417,0,0.0
3964517,0,0.0
3964617,0,0.0
3964717,0,0.0
3964817,0,0.0
3964917,0,0.0
3965017,0,0.0
3965117,0,0.0
3965217,0,0.0
3965317,0,0.0
3965417,0,0.0
3965517,0,0.0
3965617,4,0.0
3965717,0,0.0
3965817,0,0.0
3965917,0,0.0
3966017,0,0.0
3966117,0,0.0
3966217,0,0.0
3966317,0,0.0
3966417,2,0.0
3966517,0,0.0
3966617,0,0.0
3966717,0,0.0
3966817,0,0.0
3966917,0,0.0
3967017,0,0.0
3967117,0,0.0
3967217,2,0.0
3967317,0,0.0
3967417,0,0.0
3967517,0,0.0
3967617,0,0.0
3967717,0,0.0
3967817,0,0.0
3967917,0,0.0
3968017,0,0.0
3968117,0,0.0
3968217,0,0.0
3968317,0,0.0
3968417,0,0.0
3968517,0,0.0
3968617,0,0.0
3968717,0,0.0
3968817,0,0.0
3968917,0,0.0
3969017,0,0.0
3969117,0,0.0
3969217,0,0.0
3969317,0,0.0
3969417,0,0.0
3969517,0,0.0
3969617,9,0.01
3969717,0,0.0
3969817,0,0.0
3969917,0,0.0
3970017,0,0.0
3970117,0,0.0
3970217,0,0.0
3970317,0,0.0
3970417,0,0.0
3970517,0,0.0
3970617,0,0.0
3970717,1,0.0
3970817,0,0.0
3970917,0,0.0
3971017,0,0.0
3971117,3,0.0
3971217,0,0.0
3971317,0,0.0
3971417,0,0.0
3971517,0,0.0
3971617,0,0.0
3971717,0,0.0
3971817,0,0.0
3971917,0,0.0
3972017,0,0.0
3972117,0,0.0
3972217,0,0.0
3972317,0,0.0
3972417,0,0.0
3972517,0,0.0
3972617,0,0.0
3972717,0,0.0
3972817,0,0.0
3972917,0,0.0
3973017,2,0.0
3973117,0,0.0
3973217,0,0.0
3973317,0,0.0
3973417,0,0.0
3973517,0,0.0
3973617,3,0.0
3973717,0,0.0
3973817,8,0.01
3973917,0,0.0
3974017,0,0.0
3974117,0,0.0
3974217,0,0.0
3974317,0,0.0
3974417,0,0.0
3974517,0,0.0
3974617,0,0.0
3974717,0,0.0
3974817,0,0.0
3974917,0,0.0
3975017,0,0.0
3975117,0,0.0
3975217,0,0.0
3975317,0,0.0
3975417,0,0.0
3975517,0,0.0
3975617,0,0.0
3975717,0,0.0
3975817,0,0.0
3975917,0,0.0
3976017,0,0.0
3976117,0,0.0
3976217,0,0.0
3976317,0,0.0
3976417,0,0.0
3976517,0,0.0
3976617,0,0.0
3976717,0,0.0
3976817,0,0.0
3976917,0,0.0
3977017,0,0.0
3977117,0,0.0
3977217,0,0.0
3977317,0,0.0
3977417,0,0.0
3977517,0,0.0
3977617,0,0.0
3977717,0,0.0
3977817,0,0.0
3977917,0,0.0
3978017,6,0.0
3978117,9,0.01
3978217,0,0.0
3978317,5,0.0
3978417,0,0.0
3978517,0,0.0
3978617,0,0.0
3978717,0,0.0
3978817,0,0.0
3978917,16,0.01
3979017,0,0.0
3979117,0,0.0
3979217,0,0.0
3979317,0,0.0
3979417,0,0.0
3979517,0,0.0
3979617,0,0.0
3979717,0,0.0
3979817,0,0.0
3979917,0,0.0
3980017,0,0.0
3980117,0,0.0
3980217,0,0.0
3980317,0,0.0
3980417,0,0.0
3980517,0,0.0
3980617,0,0.0
3980717,0,0.0
3980817,0,0.0
3980917,0,0.0
3981017,0,0.0
3981117,0,0.0
3981217,0,0.0
3981317,0,0.0
3981417,0,0.0
3981517,0,0.0
3981617,6,0.0
3981717,0,0.0
3981817,0,0.0
3981917,5,0.0
3982017,0,0.0
3982117,0,0.0
3982217,0,0.0
3982317,0,0.0
3982417,2,0.0
3982517,0,0.0
3982617,0,0.0
3982717,6,0.0
3982817,0,0.0
3982917,9,0.01
3983017,0,0.0
3983117,0,0.0
3983217,0,0.0
3983317,0,0.0
3983417,0,0.0
3983517,16,0.01
3983617,0,0.0
3983717,0,0.0
3983817,0,0.0
3983917,0,0.0
3984017,0,0.0
3984117,0,0.0
3984217,0,0.0
3984317,0,0.0
3984417,0,0.0
3984517,0,0.0
3984617,0,0.0
3984717,0,0.0
3984817,0,0.0
3984917,0,0.0
3985017,7,0.01
3985117,0,0.0
3985217,0,0.0
3985317,0,0.0
3985417,1,0.0
3985517,0,0.0
3985617,0,0.0
3985717,0,0.0
3985817,0,0.0
3985917,0,0.0
3986017,0,0.0
3986117,0,0.0
3986217,0,0.0
3986317,0,0.0
3986417,0,0.0
3986517,0,0.0
3986617,0,0.0
3986717,12,0.01
3986817,0,0.0
3986917,0,0.0
3987017,0,0.0
3987117,0,0.0
3987217,0,0.0
3987317,0,0.0
3987417,0,0.0
3987517,0,0.0
3987617,0,0.0
3987717,0,0.0
3987817,0,0.0
3987917,0,0.0
3988017,0,0.0
3988117,0,0.0
3988217,0,0.0
3988317,0,0.0
3988417,0,0.0
3988517,0,0.0
3988617,0,0.0
3988717,0,0.0
3988817,0,0.0
3988917,0,0.0
3989017,0,0.0
3989117,0,0.0
3989217,0,0.0
3989317,0,0.0
3989417,0,0.0
3989517,0,0.0
3989617,0,0.0
3989717,4,0.0
3989817,0,0.0
3989917,9,0.01
3990017,0,0.0
3990117,0,0.0
3990217,0,0.0
3990317,0,0.0
3990417,0,0.0
3990517,0,0.0
3990617,0,0.0
3990717,0,0.0
3990817,0,0.0
3990917,0,0.0
3991017,0,0.0
3991117,0,0.0
3991217,0,0.0
3991317,0,0.0
3991417,0,0.0
3991517,0,0.0
3991617,0,0.0
3991717,0,0.0
3991817,0,0.0
3991917,0,0.0
3992017,0,0.0
3992117,0,0.0
3992217,0,0.0
3992317,6,0.0
3992417,0,0.0
3992517,0,0.0
3992617,0,0.0
3992717,0,0.0
3992817,0,0.0
3992917,0,0.0
3993017,0,0.0
3993117,0,0.0
3993217,0,0.0
3993317,0,0.0
3993417,0,0.0
3993517,0,0.0
3993617,0,0.0
3993717,0,0.0
3993817,0,0.0
3993917,0,0.0
3994017,0,0.0
3994117,0,0.0
3994217,0,0.0
3994317,0,0.0
3994417,2,0.0
3994517,0,0.0
3994617,0,0.0
3994717,0,0.0
3994817,0,0.0
3994917,0,0.0
3995017,0,0.0
3995117,0,0.0
3995217,0,0.0
3995317,0,0.0
3995417,0,0.0
3995517,0,0.0
3995617,1,0.0
3995717,0,0.0
3995817,0,0.0
3995917,0,0.0
3996017,0,0.0
3996117,0,0.0
3996217,0,0.0
3996317,0,0.0
3996417,0,0.0
3996517,0,0.0
3996617,0,0.0
3996717,0,0.0
3996817,0,0.0
3996917,0,0.0
3997017,0,0.0
3997117,0,0.0
3997217,0,0.0
3997317,0,0.0
3997417,0,0.0
3997517,0,0.0
3997617,0,0.0
3997717,0,0.0
3997817,0,0.0
3997917,0,0.0
3998017,0,0.0
3998117,0,0.0
3998217,0,0.0
3998317,0,0.0
3998417,0,0.0
3998517,0,0.0
3998617,0,0.0
3998717,0,0.0
3998817,0,0.0
3998917,0,0.0
3999017,0,0.0
3999117,0,0.0
3999217,10,0.01
3999317,0,0.0
3999417,0,0.0
3999517,0,0.0
3999617,0,0.0
3999717,0,0.0
3999817,0,0.0
3999917,0,0.0
4000017,0,0.0
4000117,0,0.0
4000217,0,0.0
4000317,0,0.0
4000417,0,0.0
4000517,0,0.0
4000617,0,0.0
4000717,0,0.0
4000817,0,0.0
4000917,0,0.0
4001017,0,0.0
4001117,0,0.0
4001217,0,0.0
4001317,0,0.0
4001417,0,0.0
4001517,12,0.01
4001617,0,0.0
4001717,0,0.0
4001817,0,0.0
4001917,0,0.0
4002017,0,0.0
4002117,0,0.0
4002217,0,0.0
4002317,0,0.0
4002417,0,0.0
4002517,0,0.0
4002617,0,0.0
4002717,0,0.0
4002817,1,0.0
4002917,0,0.0
4003017,0,0.0
4003117,0,0.0
4003217,0,0.0
4003317,0,0.0
4003417,0,0.0
4003517,0,0.0
4003617,0,0.0
4003717,0,0.0
4003817,0,0.0
4003917,0,0.0
4004017,0,0.0
4004117,0,0.0
4004217,0,0.0
4004317,0,0.0
4004417,0,0.0
4004517,7,0.01
4004617,0,0.0
4004717,0,0.0
4004817,0,0.0
4004917,0,0.0
4005017,0,0.0
4005117,0,0.0
4005217,0,0.0
4005317,6,0.0
4005417,0,0.0
4005517,0,0.0
4005617,0,0.0
4005717,0,0.0
4005817,0,0.0
4005917,0,0.0
4006017,0,0.0
4006117,0,0.0
4006217,0,0.0
4006317,0,0.0
4006417,0,0.0
4006517,0,0.0
4006617,1,0.0
4006717,0,0.0
4006817,2,0.0
4006917,0,0.0
4007017,2,0.0
4007117,0,0.0
4007217,0,0.0
4007317,0,0.0
4007417,0,0.0
4007517,0,0.0
4007617,9,0.01
4007717,0,0.0
4007817,0,0.0
4007917,0,0.0
4008017,0,0.0
4008117,0,0.0
4008217,0,0.0
4008317,0,0.0
4008417,0,0.0
4008517,0,0.0
4008617,0,0.0
4008717,0,0.0
4008817,0,0.0
4008917,0,0.0
4009017,0,0.0
4009117,0,0.0
4009217,0,0.0
4009317,0,0.0
4009417,2,0.0
4009517,0,0.0
4009617,4,0.0
4009717,0,0.0
4009817,0,0.0
4009917,0,0.0
4010017,0,0.0
4010117,0,0.0
4010217,0,0.0
4010317,0,0.0
4010417,0,0.0
4010517,0,0.0
4010617,0,0.0
4010717,0,0.0
4010817,0,0.0
4010917,0,0.0
4011017,0,0.0
4011117,0,0.0
4011217,0,0.0
4011317,0,0.0
4011417,0,0.0
4011517,0,0.0
4011617,0,0.0
4011717,0,0.0
4011817,0,0.0
4011917,0,0.0
4012017,0,0.0
4012117,1,0.0
4012217,2,0.0
4012317,0,0.0
4012417,0,0.0
4012517,0,0.0
4012617,0,0.0
4012717,0,0.0
4012817,0,0.0
4012917,0,0.0
4013017,0,0.0
4013117,0,0.0
4013217,0,0.0
4013317,0,0.0
4013417,3,0.0
4013517,0,0.0
4013617,0,0.0
4013717,0,0.0
4013817,0,0.0
4013917,0,0.0
4014017,0,0.0
4014117,0,0.0
4014217,0,0.0
4014317,6,0.0
4014417,1,0.0
4014517,0,0.0
4014617,0,0.0
4014717,0,0.0
4014817,0,0.0
4014917,0,0.0
4015017,16,0.01
4015117,0,0.0
4015217,0,0.0
4015317,0,0.0
4015417,0,0.0
4015517,0,0.0
4015617,0,0.0
4015717,0,0.0
4015817,0,0.0
4015917,0,0.0
4016017,0,0.0
4016117,0,0.0
4016217,0,0.0
4016317,0,0.0
4016417,0,0.0
4016517,0,0.0
4016617,1,0.0
4016717,0,0.0
4016817,0,0.0
4016917,0,0.0
4017017,0,0.0
4017117,0,0.0
4017217,0,0.0
4017317,0,0.0
4017417,0,0.0
4017517,0,0.0
4017617,0,0.0
4017717,0,0.0
4017817,0,0.0
4017917,0,0.0
4018017,16,0.01
4018117,0,0.0
4018217,0,0.0
4018317,0,0.0
4018417,0,0.0
4018517,6,0.0
4018617,0,0.0
4018717,0,0.0
4018817,0,0.0
4018917,0,0.0
4019017,0,0.0
4019117,0,0.0
4019217,0,0.0
4019317,0,0.0
4019417,0,0.0
4019517,0,0.0
4019617,0,0.0
4019717,0,0.0
4019817,0,0.0
4019917,0,0.0
4020017,0,0.0
4020117,0,0.0
4020217,0,0.0
4020317,0,0.0
4020417,0,0.0
4020517,0,0.0
4020617,0,0.0
4020717,0,0.0
4020817,0,0.0
4020917,0,0.0
4021017,0,0.0
4021117,0,0.0
4021217,0,0.0
4021317,0,0.0
4021417,0,0.0
4021517,0,0.0
4021617,0,0.0
4021717,0,0.0
4021817,6,0.0
4021917,0,0.0
4022017,0,0.0
4022117,0,0.0
4022217,0,0.0
4022317,0,0.0
4022417,0,0.0
4022517,0,0.0
4022617,0,0.0
4022717,0,0.0
4022817,0,0.0
4022917,0,0.0
4023017,0,0.0
4023117,0,0.0
4023217,0,0.0
4023317,0,0.0
4023417,0,0.0
4023517,0,0.0
4023617,0,0.0
4023717,0,0.0
4023817,0,0.0
4023917,0,0.0
4024017,0,0.0
4024117,0,0.0
4024217,0,0.0
4024317,0,0.0
4024417,0,0.0
4024517,0,0.0
4024617,0,0.0
4024717,0,0.0
4024817,0,0.0
4024917,0,0.0
4025017,0,0.0
4025117,0,0.0
4025217,0,0.0
4025317,0,0.0
4025417,0,0.0
4025517,0,0.0
4025617,0,0.0
4025717,2,0.0
4025817,0,0.0
4025917,0,0.0
4026017,4,0.0
4026117,0,0.0
4026217,0,0.0
4026317,0,0.0
4026417,0,0.0
4026517,0,0.0
4026617,0,0.0
4026717,1,0.0
4026817,0,0.0
4026917,0,0.0
4027017,0,0.0
4027117,0,0.0
4027217,0,0.0
4027317,4,0.0
4027417,0,0.0
4027517,0,0.0
4027617,0,0.0
4027717,0,0.0
4027817,0,0.0
4027917,0,0.0
4028017,0,0.0
4028117,0,0.0
4028217,0,0.0
4028317,0,0.0
4028417,0,0.0
4028517,0,0.0
4028617,6,0.0
4028717,0,0.0
4028817,0,0.0
4028917,0,0.0
4029017,0,0.0
4029117,0,0.0
4029217,0,0.0
4029317,0,0.0
4029417,0,0.0
4029517,0,0.0
4029617,0,0.0
4029717,0,0.0
4029817,0,0.0
4029917,0,0.0
4030017,0,0.0
4030117,0,0.0
4030217,0,0.0
4030317,0,0.0
4030417,0,0.0
4030517,0,0.0
4030617,0,0.0
4030717,0,0.0
4030817,0,0.0
4030917,0,0.0
4031017,0,0.0
4031117,0,0.0
4031217,0,0.0
4031317,0,0.0
4031417,0,0.0
4031517,0,0.0
4031617,0,0.0
4031717,0,0.0
4031817,0,0.0
4031917,0,0.0
4032017,0,0.0
4032117,0,0.0
4032217,0,0.0
4032317,7,0.01
4032417,0,0.0
4032517,0,0.0
4032617,0,0.0
4032717,0,0.0
4032817,0,0.0
4032917,0,0.0
4033017,0,0.0
4033117,0,0.0
4033217,0,0.0
4033317,0,0.0
4033417,0,0.0
4033517,0,0.0
4033617,0,0.0
4033717,0,0.0
4033817,0,0.0
4033917,0,0.0
4034017,0,0.0
4034117,0,0.0
4034217,0,0.0
4034317,0,0.0
4034417,0,0.0
4034517,0,0.0
4034617,0,0.0
4034717,0,0.0
4034817,0,0.0
4034917,0,0.0
4035017,0,0.0
4035117,4,0.0
4035217,0,0.0
4035317,0,0.0
4035417,0,0.0
4035517,0,0.0
4035617,0,0.0
4035717,0,0.0
4035817,0,0.0
4035917,0,0.0
4036017,0,0.0
4036117,0,0.0
4036217,0,0.0
4036317,0,0.0
4036417,0,0.0
4036517,2,0.0
4036617,0,0.0
4036717,0,0.0
4036817,0,0.0
4036917,0,0.0
4037017,0,0.0
4037117,0,0.0
4037217,0,0.0
4037317,0,0.0
4037417,0,0.0
4037517,0,0.0
4037617,3,0.0
4037717,0,0.0
4037817,4,0.0
4037917,0,0.0
4038017,0,0.0
4038117,0,0.0
4038217,0,0.0
4038317,0,0.0
4038417,0,0.0
4038517,0,0.0
4038617,0,0.0
4038717,0,0.0
4038817,0,0.0
4038917,0,0.0
4039017,0,0.0
4039117,0,0.0
4039217,0,0.0
4039317,1,0.0
4039417,0,0.0
4039517,0,0.0
4039617,0,0.0
4039717,0,0.0
4039817,0,0.0
4039917,0,0.0
4040017,0,0.0
4040117,0,0.0
4040217,0,0.0
4040317,0,0.0
4040417,0,0.0
4040517,0,0.0
4040617,0,0.0
4040717,0,0.0
4040817,0,0.0
4040917,0,0.0
4041017,0,0.0
4041117,0,0.0
4041217,0,0.0
4041317,0,0.0
4041417,0,0.0
4041517,0,0.0
4041617,0,0.0
4041717,0,0.0
4041817,2,0.0
4041917,0,0.0
4042017,0,0.0
4042117,1,0.0
4042217,0,0.0
4042317,0,0.0
4042417,0,0.0
4042517,4,0.0
4042617,0,0.0
4042717,0,0.0
4042817,0,0.0
4042917,0,0.0
4043017,0,0.0
4043117,0,0.0
4043217,0,0.0
4043317,0,0.0
4043417,0,0.0
4043517,0,0.0
4043617,0,0.0
4043717,0,0.0
4043817,0,0.0
4043917,0,0.0
4044017,0,0.0
4044117,0,0.0
4044217,0,0.0
4044317,0,0.0
4044417,0,0.0
4044517,0,0.0
4044617,0,0.0
4044717,0,0.0
4044817,0,0.0
4044917,0,0.0
4045017,0,0.0
4045117,0,0.0
4045217,0,0.0
4045317,0,0.0
4045417,0,0.0
4045517,0,0.0
4045617,0,0.0
4045717,0,0.0
4045817,0,0.0
4045917,0,0.0
4046017,6,0.0
4046117,0,0.0
4046217,0,0.0
4046317,0,0.0
4046417,0,0.0
4046517,0,0.0
4046617,0,0.0
4046717,0,0.0
4046817,0,0.0
4046917,0,0.0
4047017,0,0.0
4047117,0,0.0
4047217,0,0.0
4047317,0,0.0
4047417,3,0.0
4047517,0,0.0
4047617,0,0.0
4047717,0,0.0
4047817,2,0.0
4047917,0,0.0
4048017,0,0.0
4048117,0,0.0
4048217,0,0.0
4048317,0,0.0
4048417,0,0.0
4048517,0,0.0
4048617,3,0.0
4048717,0,0.0
4048817,0,0.0
4048917,0,0.0
4049017,0,0.0
4049117,0,0.0
4049217,0,0.0
4049317,0,0.0
4049417,0,0.0
4049517,0,0.0
4049617,0,0.0
4049717,0,0.0
4049817,0,0.0
4049917,0,0.0
4050017,0,0.0
4050117,0,0.0
4050217,0,0.0
4050317,3,0.0
4050417,0,0.0
4050517,0,0.0
4050617,0,0.0
4050717,0,0.0
4050817,0,0.0
4050917,0,0.0
4051017,0,0.0
4051117,0,0.0
4051217,0,0.0
4051317,0,0.0
4051417,0,0.0
4051517,0,0.0
4051617,0,0.0
4051717,0,0.0
4051817,0,0.0
4051917,0,0.0
4052017,0,0.0
4052117,0,0.0
4052217,0,0.0
4052317,0,0.0
4052417,6,0.0
4052517,0,0.0
4052617,0,0.0
4052717,0,0.0
4052817,0,0.0
4052917,0,0.0
4053017,0,0.0
4053117,3,0.0
4053217,0,0.0
4053317,0,0.0
4053417,0,0.0
4053517,0,0.0
4053617,0,0.0
4053717,0,0.0
4053817,0,0.0
4053917,0,0.0
4054017,0,0.0
4054117,0,0.0
4054217,0,0.0
4054317,0,0.0
4054417,0,0.0
4054517,0,0.0
4054617,0,0.0
4054717,0,0.0
4054817,0,0.0
4054917,2,0.0
4055017,0,0.0
4055117,0,0.0
4055217,0,0.0
4055317,0,0.0
4055417,0,0.0
4055517,1,0.0
4055617,0,0.0
4055717,0,0.0
4055817,0,0.0
4055917,0,0.0
4056017,0,0.0
4056117,0,0.0
4056217,0,0.0
4056317,0,0.0
4056417,0,0.0
4056517,0,0.0
4056617,0,0.0
4056717,0,0.0
4056817,0,0.0
4056917,0,0.0
4057017,0,0.0
4057117,0,0.0
4057217,0,0.0
4057317,0,0.0
4057417,0,0.0
4057517,0,0.0
4057617,0,0.0
4057717,2,0.0
4057817,0,0.0
4057917,0,0.0
4058017,0,0.0
4058117,0,0.0
4058217,0,0.0
4058317,0,0.0
4058417,0,0.0
4058517,0,0.0
4058617,0,0.0
4058717,0,0.0
4058817,0,0.0
4058917,0,0.0
4059017,0,0.0
4059117,0,0.0
4059217,0,0.0
4059317,0,0.0
4059417,0,0.0
4059517,5,0.0
4059617,0,0.0
4059717,0,0.0
4059817,0,0.0
4059917,0,0.0
4060017,0,0.0
4060117,0,0.0
4060217,0,0.0
4060317,0,0.0
4060417,0,0.0
4060517,0,0.0
4060617,0,0.0
4060717,0,0.0
4060817,0,0.0
4060917,0,0.0
4061017,0,0.0
4061117,0,0.0
4061217,4,0.0
4061317,0,0.0
4061417,0,0.0
4061517,0,0.0
4061617,0,0.0
4061717,0,0.0
4061817,0,0.0
4061917,1,0.0
4062017,0,0.0
4062117,0,0.0
4062217,0,0.0
4062317,0,0.0
4062417,0,0.0
4062517,0,0.0
4062617,0,0.0
4062717,0,0.0
4062817,0,0.0
4062917,0,0.0
4063017,0,0.0
4063117,0,0.0
4063217,0,0.0
4063317,0,0.0
4063417,0,0.0
4063517,0,0.0
4063617,0,0.0
4063717,0,0.0
4063817,0,0.0
4063917,0,0.0
4064017,0,0.0
4064117,0,0.0
4064217,0,0.0
4064317,0,0.0
4064417,0,0.0
4064517,0,0.0
4064617,0,0.0
4064717,0,0.0
4064817,0,0.0
4064917,0,0.0
4065017,0,0.0
4065117,0,0.0
4065217,0,0.0
4065317,0,0.0
4065417,0,0.0
4065517,0,0.0
4065617,0,0.0
4065717,0,0.0
4065817,0,0.0
4065917,0,0.0
4066017,0,0.0
4066117,0,0.0
4066217,0,0.0
4066317,0,0.0
4066417,0,0.0
4066517,0,0.0
4066617,0,0.0
4066717,0,0.0
4066817,2,0.0
4066917,0,0.0
4067017,0,0.0
4067117,0,0.0
4067217,0,0.0
4067317,0,0.0
4067417,6,0.0
4067517,0,0.0
4067617,0,0.0
4067717,0,0.0
4067817,0,0.0
4067917,0,0.0
4068017,0,0.0
4068117,0,0.0
4068217,0,0.0
4068317,0,0.0
4068417,0,0.0
4068517,0,0.0
4068617,0,0.0
4068717,0,0.0
4068817,0,0.0
4068917,0,0.0
4069017,0,0.0
4069117,0,0.0
4069217,1,0.0
4069317,0,0.0
4069417,0,0.0
4069517,0,0.0
4069617,0,0.0
4069717,0,0.0
4069817,0,0.0
4069917,0,0.0
4070017,0,0.0
4070117,0,0.0
4070217,0,0.0
4070317,0,0.0
4070417,0,0.0
4070517,0,0.0
4070617,0,0.0
4070717,0,0.0
4070817,0,0.0
4070917,0,0.0
4071017,0,0.0
4071117,0,0.0
4071217,4,0.0
4071317,0,0.0
4071417,0,0.0
4071517,0,0.0
4071617,0,0.0
4071717,0,0.0
4071817,0,0.0
4071917,0,0.0
4072017,0,0.0
4072117,0,0.0
4072217,0,0.0
4072317,0,0.0
4072417,0,0.0
4072517,0,0.0
4072617,0,0.0
4072717,0,0.0
4072817,0,0.0
4072917,0,0.0
4073017,1,0.0
4073117,0,0.0
4073217,0,0.0
4073317,0,0.0
4073417,0,0.0
4073517,0,0.0
4073617,0,0.0
4073717,0,0.0
4073817,0,0.0
4073917,0,0.0
4074017,0,0.0
4074117,0,0.0
4074217,0,0.0
4074317,0,0.0
4074417,0,0.0
4074517,0,0.0
4074617,0,0.0
4074717,0,0.0
4074817,0,0.0
4074917,0,0.0
4075017,0,0.0
4075117,0,0.0
4075217,0,0.0
4075317,0,0.0
4075417,0,0.0
4075517,0,0.0
4075617,0,0.0
4075717,0,0.0
4075817,0,0.0
4075917,0,0.0
4076017,0,0.0
4076117,0,0.0
4076217,0,0.0
4076317,0,0.0
4076417,0,0.0
4076517,0,0.0
4076617,0,0.0
4076717,0,0.0
4076817,0,0.0
4076917,0,0.0
4077017,0,0.0
4077117,0,0.0
4077217,0,0.0
4077317,0,0.0
4077417,0,0.0
4077517,0,0.0
4077617,0,0.0
4077717,0,0.0
4077817,0,0.0
4077917,0,0.0
4078017,0,0.0
4078117,0,0.0
4078217,0,0.0
4078317,0,0.0
4078417,0,0.0
4078517,0,0.0
4078617,0,0.0
4078717,0,0.0
4078817,0,0.0
4078917,0,0.0
4079017,0,0.0
4079117,0,0.0
4079217,4,0.0
4079317,0,0.0
4079417,0,0.0
4079517,0,0.0
4079617,0,0.0
4079717,0,0.0
4079817,0,0.0
4079917,0,0.0
4080017,0,0.0
4080117,0,0.0
4080217,0,0.0
4080317,0,0.0
4080417,0,0.0
4080517,0,0.0
4080617,0,0.0
4080717,0,0.0
4080817,2,0.0
4080917,0,0.0
4081017,0,0.0
4081117,0,0.0
4081217,0,0.0
4081317,0,0.0
4081417,0,0.0
4081517,0,0.0
4081617,0,0.0
4081717,0,0.0
4081817,0,0.0
4081917,2,0.0
4082017,0,0.0
4082117,0,0.0
4082217,0,0.0
4082317,0,0.0
4082417,0,0.0
4082517,0,0.0
4082617,0,0.0
4082717,0,0.0
4082817,0,0.0
4082917,0,0.0
4083017,0,0.0
4083117,0,0.0
4083217,7,0.01
4083317,0,0.0
4083417,0,0.0
4083517,5,0.0
4083617,0,0.0
4083717,0,0.0
4083817,0,0.0
4083917,0,0.0
4084017,0,0.0
4084117,0,0.0
4084217,0,0.0
4084317,0,0.0
4084417,0,0.0
4084517,0,0.0
4084617,0,0.0
4084717,0,0.0
4084817,0,0.0
4084917,0,0.0
4085017,0,0.0
4085117,0,0.0
4085217,1,0.0
4085317,0,0.0
4085417,0,0.0
4085517,0,0.0
4085617,0,0.0
4085717,0,0.0
4085817,0,0.0
4085917,0,0.0
4086017,0,0.0
4086117,0,0.0
4086217,0,0.0
4086317,0,0.0
4086417,0,0.0
4086517,0,0.0
4086617,0,0.0
4086717,0,0.0
4086817,0,0.0
4086917,0,0.0
4087017,0,0.0
4087117,0,0.0
4087217,0,0.0
4087317,0,0.0
4087417,0,0.0
4087517,0,0.0
4087617,0,0.0
4087717,0,0.0
4087817,0,0.0
4087917,0,0.0
4088017,0,0.0
4088117,0,0.0
4088217,0,0.0
4088317,6,0.0
4088417,0,0.0
4088517,0,0.0
4088617,0,0.0
4088717,0,0.0
4088817,0,0.0
4088917,0,0.0
4089017,0,0.0
4089117,0,0.0
4089217,0,0.0
4089317,0,0.0
4089417,0,0.0
4089517,0,0.0
4089617,0,0.0
4089717,0,0.0
4089817,2,0.0
4089917,0,0.0
4090017,0,0.0
4090117,0,0.0
4090217,0,0.0
4090317,0,0.0
4090417,0,0.0
4090517,0,0.0
4090617,0,0.0
4090717,0,0.0
4090817,0,0.0
4090917,0,0.0
4091017,0,0.0
4091117,0,0.0
4091217,4,0.0
4091317,0,0.0
4091417,1,0.0
4091517,0,0.0
4091617,0,0.0
4091717,0,0.0
4091817,0,0.0
4091917,0,0.0
4092017,0,0.0
4092117,0,0.0
4092217,0,0.0
4092317,0,0.0
4092417,0,0.0
4092517,0,0.0
4092617,0,0.0
4092717,0,0.0
4092817,0,0.0
4092917,0,0.0
4093017,14,0.01
4093117,5,0.0
4093217,0,0.0
4093317,0,0.0
4093417,0,0.0
4093517,0,0.0
4093617,0,0.0
4093717,0,0.0
4093817,0,0.0
4093917,0,0.0
4094017,0,0.0
4094117,0,0.0
4094217,0,0.0
4094317,0,0.0
4094417,0,0.0
4094517,0,0.0
4094617,0,0.0
4094717,0,0.0
4094817,0,0.0
4094917,0,0.0
4095017,0,0.0
4095117,0,0.0
4095217,0,0.0
4095317,0,0.0
4095417,0,0.0
4095517,0,0.0
4095617,0,0.0
4095717,0,0.0
4095817,0,0.0
4095917,0,0.0
4096017,2,0.0
4096117,0,0.0
4096217,0,0.0
4096317,0,0.0
4096417,0,0.0
4096517,0,0.0
4096617,0,0.0
4096717,0,0.0
4096817,0,0.0
4096917,0,0.0
4097017,0,0.0
4097117,0,0.0
4097217,0,0.0
4097317,0,0.0
4097417,0,0.0
4097517,2,0.0
4097617,0,0.0
4097717,0,0.0
4097817,0,0.0
4097917,0,0.0
4098017,0,0.0
4098117,0,0.0
4098217,0,0.0
4098317,0,0.0
4098417,0,0.0
4098517,0,0.0
4098617,0,0.0
4098717,0,0.0
4098817,0,0.0
4098917,2,0.0
4099017,0,0.0
4099117,0,0.0
4099217,0,0.0
4099317,0,0.0
4099417,0,0.0
4099517,0,0.0
4099617,0,0.0
4099717,0,0.0
4099817,0,0.0
4099917,0,0.0
4100017,2,0.0
4100117,0,0.0
4100217,0,0.0
4100317,0,0.0
4100417,0,0.0
4100517,0,0.0
4100617,0,0.0
4100717,0,0.0
4100817,0,0.0
4100917,0,0.0
4101017,0,0.0
4101117,0,0.0
4101217,0,0.0
4101317,0,0.0
4101417,0,0.0
4101517,0,0.0
4101617,0,0.0
4101717,0,0.0
4101817,0,0.0
4101917,0,0.0
4102017,0,0.0
4102117,0,0.0
4102217,0,0.0
4102317,6,0.0
4102417,0,0.0
4102517,0,0.0
4102617,0,0.0
4102717,0,0.0
4102817,0,0.0
4102917,0,0.0
4103017,0,0.0
4103117,6,0.0
4103217,0,0.0
4103317,0,0.0
4103417,0,0.0
4103517,0,0.0
4103617,0,0.0
4103717,0,0.0
4103817,0,0.0
4103917,0,0.0
4104017,0,0.0
4104117,0,0.0
4104217,0,0.0
4104317,0,0.0
4104417,0,0.0
4104517,0,0.0
4104617,0,0.0
4104717,0,0.0
4104817,0,0.0
4104917,0,0.0
4105017,0,0.0
4105117,0,0.0
4105217,0,0.0
4105317,0,0.0
4105417,0,0.0
4105517,0,0.0
4105617,0,0.0
4105717,0,0.0
4105817,0,0.0
4105917,0,0.0
4106017,0,0.0
4106117,0,0.0
4106217,0,0.0
4106317,0,0.0
4106417,0,0.0
4106517,0,0.0
4106617,0,0.0
4106717,0,0.0
4106817,0,0.0
4106917,0,0.0
4107017,0,0.0
4107117,0,0.0
4107217,0,0.0
4107317,0,0.0
4107417,0,0.0
4107517,0,0.0
4107617,0,0.0
4107717,0,0.0
4107817,0,0.0
4107917,0,0.0
4108017,0,0.0
4108117,0,0.0
4108217,0,0.0
4108317,6,0.0
4108417,0,0.0
4108517,0,0.0
4108617,0,0.0
4108717,0,0.0
4108817,0,0.0
4108917,0,0.0
4109017,0,0.0
4109117,0,0.0
4109217,0,0.0
4109317,0,0.0
4109417,0,0.0
4109517,0,0.0
4109617,0,0.0
4109717,0,0.0
4109817,1,0.0
4109917,0,0.0
4110017,0,0.0
4110117,0,0.0
4110217,0,0.0
4110317,0,0.0
4110417,0,0.0
4110517,0,0.0
4110617,0,0.0
4110717,0,0.0
4110817,0,0.0
4110917,0,0.0
4111017,0,0.0
4111117,0,0.0
4111217,0,0.0
4111317,0,0.0
4111417,0,0.0
4111517,0,0.0
4111617,0,0.0
4111717,0,0.0
4111817,0,0.0
4111917,0,0.0
4112017,0,0.0
4112117,0,0.0
4112217,0,0.0
4112317,0,0.0
4112417,0,0.0
4112517,0,0.0
4112617,0,0.0
4112717,0,0.0
4112817,3,0.0
4112917,0,0.0
4113017,0,0.0
4113117,0,0.0
4113217,0,0.0
4113317,0,0.0
4113417,0,0.0
4113517,0,0.0
4113617,0,0.0
4113717,0,0.0
4113817,0,0.0
4113917,0,0.0
4114017,0,0.0
4114117,5,0.0
4114217,0,0.0
4114317,0,0.0
4114417,0,0.0
4114517,0,0.0
4114617,0,0.0
4114717,0,0.0
4114817,0,0.0
4114917,0,0.0
4115017,0,0.0
4115117,0,0.0
4115217,0,0.0
4115317,0,0.0
4115417,0,0.0
4115517,0,0.0
4115617,0,0.0
4115717,0,0.0
4115817,0,0.0
4115917,0,0.0
4116017,2,0.0
4116117,0,0.0
4116217,0,0.0
4116317,0,0.0
4116417,0,0.0
4116517,0,0.0
4116617,0,0.0
4116717,0,0.0
759417,0,0.0
759517,0,0.0
759617,0,0.0
759717,0,0.0
759817,0,0.0
759917,0,0.0
760017,0,0.0
760117,0,0.0
760217,0,0.0
760317,4,0.0
760417,0,0.0
760517,0,0.0
760617,0,0.0
760717,0,0.0
760817,0,0.0
760917,0,0.0
761017,2,0.0
761117,0,0.0
761217,2,0.0
761317,0,0.0
761417,0,0.0
761517,0,0.0
761617,0,0.0
761717,0,0.0
761817,0,0.0
761917,0,0.0
762017,0,0.0
762117,0,0.0
762217,0,0.0
762317,0,0.0
762417,0,0.0
762517,0,0.0
762617,0,0.0
762717,0,0.0
762817,0,0.0
762917,0,0.0
763017,0,0.0
763117,0,0.0
763217,0,0.0
763317,0,0.0
763417,0,0.0
763517,0,0.0
763617,0,0.0
763717,0,0.0
763817,0,0.0
763917,0,0.0
764017,4,0.0
764117,0,0.0
764217,4,0.0
764317,0,0.0
764417,4,0.0
764517,0,0.0
764617,0,0.0
764717,0,0.0
764817,0,0.0
764917,0,0.0
765017,0,0.0
765117,0,0.0
765217,0,0.0
765317,0,0.0
765417,0,0.0
765517,0,0.0
765617,0,0.0
765717,0,0.0
765817,0,0.0
765917,3,0.0
766017,0,0.0
766117,0,0.0
766217,3,0.0
766317,0,0.0
766417,0,0.0
766517,0,0.0
766617,0,0.0
766717,0,0.0
766817,0,0.0
766917,0,0.0
767017,0,0.0
767117,0,0.0
767217,0,0.0
767317,0,0.0
767417,8,0.01
767517,0,0.0
767617,80,0.06
767717,238,0.19
767817,553,0.45
767917,819,0.66
768017,1174,0.95
768117,1348,1.09
768217,1346,1.08
768317,1429,1.15
768417,1397,1.13
768517,1535,1.24
768617,1895,1.53
768717,2311,1.86
768817,2741,2.21
768917,3220,2.59
769017,3328,2.68
769117,3331,2.68
769217,3335,2.69
769317,3379,2.72
769417,3649,2.94
769517,4095,3.3
769617,4095,3.3
769717,4095,3.3
769817,4095,3.3
769917,4095,3.3
770017,4095,3.3
770117,4095,3.3
770217,4095,3.3
770317,4095,3.3
770417,4095,3.3
770517,4095,3.3
770617,4095,3.3
770717,4095,3.3
770817,4095,3.3
770917,4095,3.3
771017,4095,3.3
771117,4095,3.3
771217,4095,3.3
771317,4095,3.3
771417,4095,3.3
771517,4095,3.3
771617,4095,3.3
771717,4095,3.3
771817,4095,3.3
771917,4095,3.3
772017,4095,3.3
772117,4095,3.3
772217,4095,3.3
772317,4095,3.3
772417,4095,3.3
772517,4095,3.3
772617,4095,3.3
772717,4095,3.3
772817,4095,3.3
772917,4095,3.3
773017,4095,3.3
773117,4095,3.3
773217,4095,3.3
773317,4095,3.3
773417,4095,3.3
773517,4095,3.3
773617,4095,3.3
773717,4095,3.3
773817,4095,3.3
773917,4095,3.3
774017,4095,3.3
774117,4095,3.3
774217,4095,3.3
774317,4095,3.3
774417,4095,3.3
774517,4095,3.3
774617,4095,3.3
774717,4095,3.3
774817,4095,3.3
774917,4095,3.3
775017,4095,3.3
775117,4095,3.3
775217,4095,3.3
775317,4095,3.3
775417,4095,3.3
775517,4095,3.3
775617,4095,3.3
775717,4095,3.3
775817,4095,3.3
775917,4095,3.3
776017,4095,3.3
776117,4095,3.3
776217,4095,3.3
776317,4095,3.3
776417,4095,3.3
776517,4095,3.3
776617,4095,3.3
776717,4095,3.3
776817,4095,3.3
776917,4095,3.3
777017,4095,3.3
777117,4095,3.3
777217,4095,3.3
777317,4095,3.3
777417,4095,3.3
777517,4095,3.3
777617,4095,3.3
777717,4095,3.3
777817,4095,3.3
777917,4095,3.3
778017,4095,3.3
778117,4095,3.3
778217,4095,3.3
778317,4095,3.3
778417,4095,3.3
778517,4095,3.3
778617,4095,3.3
778717,4095,3.3
778817,4095,3.3
778917,4095,3.3
779017,4095,3.3
779117,4095,3.3
779217,4095,3.3
779317,4095,3.3
779417,4095,3.3
779517,4095,3.3
779617,4095,3.3
779717,4095,3.3
779817,4095,3.3
779917,4095,3.3
780017,4095,3.3
780117,4095,3.3
780217,4095,3.3
780317,4095,3.3
780417,4095,3.3
780517,4095,3.3
780617,4095,3.3
780717,4095,3.3
780817,4095,3.3
780917,4095,3.3
781017,4095,3.3
781117,4095,3.3
781217,4095,3.3
781317,4095,3.3
781417,4095,3.3
781517,4095,3.3
781617,4095,3.3
781717,4095,3.3
781817,4095,3.3
781917,4095,3.3
782017,4095,3.3
782117,4095,3.3
782217,4095,3.3
782317,4095,3.3
782417,4095,3.3
782517,4095,3.3
782617,4095,3.3
782717,4095,3.3
782817,4095,3.3
782917,4095,3.3
783017,4095,3.3
783117,4095,3.3
783217,4095,3.3
783317,4095,3.3
783417,4095,3.3
783517,4095,3.3
783617,4095,3.3
783717,4095,3.3
783817,4095,3.3
783917,4095,3.3
784017,4095,3.3
784117,4095,3.3
784217,4095,3.3
784317,4095,3.3
784417,4095,3.3
784517,4095,3.3
784617,4095,3.3
784717,4095,3.3
784817,4095,3.3
784917,4095,3.3
785017,4095,3.3
785117,4095,3.3
785217,4095,3.3
785317,4095,3.3
785417,4095,3.3
785517,4095,3.3
785617,4095,3.3
785717,4095,3.3
785817,4095,3.3
785917,4095,3.3
786017,4095,3.3
786117,4095,3.3
786217,4095,3.3
786317,4095,3.3
786417,4095,3.3
786517,4095,3.3
786617,4095,3.3
786717,4095,3.3
786817,4095,3.3
786917,4095,3.3
787017,4095,3.3
787117,4095,3.3
787217,4095,3.3
787317,4095,3.3
787417,4095,3.3
787517,4095,3.3
787617,4095,3.3
787717,4095,3.3
787817,4095,3.3
787917,4095,3.3
788017,4095,3.3
788117,4095,3.3
788217,4095,3.3
788317,4095,3.3
788417,4095,3.3
788517,4095,3.3
788617,4095,3.3
788717,4095,3.3
788817,4095,3.3
788917,4095,3.3
789017,4095,3.3
789117,4095,3.3
789217,4095,3.3
789317,4095,3.3
789417,4095,3.3
789517,4095,3.3
789617,4095,3.3
789717,4095,3.3
789817,4095,3.3
789917,4095,3.3
790017,4095,3.3
790117,4095,3.3
790217,4095,3.3
790317,4095,3.3
790417,4095,3.3
790517,4095,3.3
790617,4095,3.3
790717,4095,3.3
790817,4095,3.3
790917,4095,3.3
791017,4095,3.3
791117,4095,3.3
791217,4095,3.3
791317,4095,3.3
791417,4095,3.3
791517,4095,3.3
791617,4095,3.3
791717,4095,3.3
791817,4095,3.3
791917,4095,3.3
792017,4095,3.3
792117,4095,3.3
792217,4095,3.3
792317,4095,3.3
792417,4095,3.3
792517,4095,3.3
792617,4095,3.3
792717,4095,3.3
792817,4095,3.3
792917,4095,3.3
793017,4095,3.3
793117,4095,3.3
793217,4095,3.3
793317,4095,3.3
793417,4095,3.3
793517,4095,3.3
793617,4095,3.3
793717,4095,3.3
793817,4095,3.3
793917,4095,3.3
794017,4095,3.3
794117,4095,3.3
794217,4095,3.3
794317,4095,3.3
794417,4095,3.3
794517,4095,3.3
794617,4095,3.3
794717,4095,3.3
794817,4095,3.3
794917,4095,3.3
795017,4095,3.3
795117,4095,3.3
795217,4095,3.3
795317,4095,3.3
795417,4095,3.3
795517,4095,3.3
795617,4095,3.3
795717,4095,3.3
795817,4095,3.3
795917,4095,3.3
796017,4095,3.3
796117,4095,3.3
796217,4095,3.3
796317,4095,3.3
796417,4095,3.3
796517,4095,3.3
796617,4095,3.3
796717,4095,3.3
796817,4095,3.3
796917,4095,3.3
797017,4095,3.3
797117,4095,3.3
797217,4095,3.3
797317,4095,3.3
797417,4095,3.3
797517,4095,3.3
797617,4095,3.3
797717,4095,3.3
797817,4095,3.3
797917,4095,3.3
798017,4095,3.3
798117,4095,3.3
798217,4095,3.3
798317,4095,3.3
798417,4095,3.3
798517,4095,3.3
798617,4095,3.3
798717,4095,3.3
798817,4095,3.3
798917,4095,3.3
799017,4095,3.3
799117,4095,3.3
799217,4095,3.3
799317,4095,3.3
799417,4095,3.3
799517,4095,3.3
799617,4095,3.3
799717,4095,3.3
799817,4095,3.3
799917,4095,3.3
800017,4095,3.3
800117,4095,3.3
800217,4095,3.3
800317,4095,3.3
800417,4095,3.3
800517,4095,3.3
800617,4095,3.3
800717,4095,3.3
800817,4095,3.3
800917,4095,3.3
801017,4095,3.3
801117,4095,3.3
801217,4095,3.3
801317,4095,3.3
801417,4095,3.3
801517,4095,3.3
801617,4095,3.3
801717,4095,3.3
801817,4095,3.3
801917,4095,3.3
802017,4095,3.3
802117,4095,3.3
802217,4095,3.3
802317,4095,3.3
802417,4095,3.3
802517,4095,3.3
802617,4095,3.3
802717,4095,3.3
802817,4095,3.3
802917,4095,3.3
803017,4095,3.3
803117,4095,3.3
803217,4095,3.3
803317,4095,3.3
803417,4095,3.3
803517,4095,3.3
803617,4095,3.3
803717,4095,3.3
803817,4095,3.3
803917,4095,3.3
804017,4095,3.3
804117,4095,3.3
804217,4095,3.3
804317,4095,3.3
804417,4095,3.3
804517,4095,3.3
804617,4095,3.3
804717,4095,3.3
804817,4095,3.3
804917,4095,3.3
805017,4095,3.3
805117,4095,3.3
805217,4095,3.3
805317,4095,3.3
805417,4095,3.3
805517,4095,3.3
805617,4095,3.3
805717,4095,3.3
805817,4095,3.3
805917,4095,3.3
806017,4095,3.3
806117,4095,3.3
806217,4095,3.3
806317,4095,3.3
806417,4095,3.3
806517,4095,3.3
806617,4095,3.3
806717,4095,3.3
806817,4095,3.3
806917,4095,3.3
807017,4095,3.3
807117,4095,3.3
807217,4095,3.3
807317,4095,3.3
807417,4095,3.3
807517,4095,3.3
807617,4095,3.3
807717,4095,3.3
807817,4095,3.3
807917,4095,3.3
808017,4095,3.3
808117,4095,3.3
808217,4095,3.3
808317,4095,3.3
808417,4095,3.3
808517,4095,3.3
808617,4095,3.3
808717,4095,3.3
808817,4095,3.3
808917,4095,3.3
809017,4095,3.3
809117,4095,3.3
809217,4095,3.3
809317,4095,3.3
809417,4095,3.3
809517,4095,3.3
809617,4095,3.3
809717,4095,3.3
809817,4095,3.3
809917,4095,3.3
810017,4095,3.3
810117,4095,3.3
810217,4095,3.3
810317,4095,3.3
810417,4095,3.3
810517,4095,3.3
810617,4095,3.3
810717,4095,3.3
810817,4095,3.3
810917,4095,3.3
811017,4095,3.3
811117,4095,3.3
811217,4095,3.3
811317,4095,3.3
811417,4095,3.3
811517,4095,3.3
811617,4095,3.3
811717,4095,3.3
811817,4095,3.3
811917,4095,3.3
812017,4095,3.3
812117,4095,3.3
812217,4095,3.3
812317,4095,3.3
812417,4095,3.3
812517,4095,3.3
812617,4095,3.3
812717,4095,3.3
812817,4095,3.3
812917,4095,3.3
813017,4095,3.3
813117,4095,3.3
813217,4095,3.3
813317,4095,3.3
813417,4095,3.3
813517,4095,3.3
813617,4095,3.3
813717,4095,3.3
813817,4095,3.3
813917,4095,3.3
814017,4095,3.3
814117,4095,3.3
814217,4095,3.3
814317,4095,3.3
814417,4095,3.3
814517,4095,3.3
814617,4095,3.3
814717,4095,3.3
814817,4095,3.3
814917,4095,3.3
815017,4095,3.3
815117,4095,3.3
815217,4095,3.3
815317,4095,3.3
815417,4095,3.3
815517,4095,3.3
815617,4095,3.3
815717,4095,3.3
815817,4095,3.3
815917,4095,3.3
816017,4095,3.3
816117,4095,3.3
816217,4095,3.3
816317,4095,3.3
816417,4095,3.3
816517,4095,3.3
816617,4095,3.3
816717,4095,3.3
816817,4095,3.3
816917,4095,3.3
817017,4095,3.3
817117,4095,3.3
817217,4095,3.3
817317,4095,3.3
817417,4095,3.3
817517,4095,3.3
817617,4095,3.3
817717,4095,3.3
817817,4095,3.3
817917,4095,3.3
818017,4095,3.3
818117,4095,3.3
818217,4095,3.3
818317,4095,3.3
818417,4095,3.3
818517,4095,3.3
818617,4095,3.3
818717,4095,3.3
818817,4095,3.3
818917,4095,3.3
819017,4095,3.3
819117,4095,3.3
819217,4095,3.3
819317,4095,3.3
819417,4095,3.3
819517,4095,3.3
819617,4095,3.3
819717,4095,3.3
819817,4095,3.3
819917,4095,3.3
820017,4095,3.3
820117,4095,3.3
820217,4095,3.3
820317,4095,3.3
820417,4095,3.3
820517,4095,3.3
820617,4095,3.3
820717,4095,3.3
820817,4095,3.3
820917,4095,3.3
821017,4095,3.3
821117,4095,3.3
821217,4095,3.3
821317,4095,3.3
821417,4095,3.3
821517,4095,3.3
821617,4095,3.3
821717,4095,3.3
821817,4095,3.3
821917,4095,3.3
822017,4095,3.3
822117,4095,3.3
822217,4095,3.3
822317,4095,3.3
822417,4095,3.3
822517,4095,3.3
822617,4095,3.3
822717,4095,3.3
822817,4095,3.3
822917,4095,3.3
823017,4095,3.3
823117,4095,3.3
823217,4095,3.3
823317,4095,3.3
823417,4095,3.3
823517,4095,3.3
823617,4095,3.3
823717,4095,3.3
823817,4095,3.3
823917,4095,3.3
824017,4095,3.3
824117,4095,3.3
824217,4095,3.3
824317,4095,3.3
824417,4095,3.3
824517,4095,3.3
824617,4095,3.3
824717,4095,3.3
824817,4095,3.3
824917,4095,3.3
825017,4095,3.3
825117,4095,3.3
825217,4095,3.3
825317,4095,3.3
825417,4095,3.3
825517,4095,3.3
825617,4095,3.3
825717,4095,3.3
825817,4095,3.3
825917,4095,3.3
826017,4095,3.3
826117,4095,3.3
826217,4095,3.3
826317,4095,3.3
826417,4095,3.3
826517,4095,3.3
826617,4095,3.3
826717,4095,3.3
826817,4095,3.3
826917,4095,3.3
827017,4095,3.3
827117,4095,3.3
827217,4095,3.3
827317,4095,3.3
827417,4095,3.3
827517,4095,3.3
827617,4095,3.3
827717,4095,3.3
827817,4095,3.3
827917,4095,3.3
828017,4095,3.3
828117,4095,3.3
828217,4095,3.3
828317,4095,3.3
828417,4095,3.3
828517,4095,3.3
828617,4095,3.3
828717,4095,3.3
828817,4095,3.3
828917,4095,3.3
829017,4095,3.3
829117,4095,3.3
829217,4095,3.3
829317,4095,3.3
829417,4095,3.3
829517,4095,3.3
829617,4095,3.3
829717,4095,3.3
829817,4095,3.3
829917,4095,3.3
830017,4095,3.3
830117,4095,3.3
830217,4095,3.3
830317,4095,3.3
830417,4095,3.3
830517,4095,3.3
830617,4095,3.3
830717,4095,3.3
830817,4095,3.3
830917,4095,3.3
831017,4095,3.3
831117,4095,3.3
831217,4095,3.3
831317,4095,3.3
831417,4095,3.3
831517,4095,3.3
831617,4095,3.3
831717,4095,3.3
831817,4095,3.3
831917,4095,3.3
832017,4095,3.3
832117,4095,3.3
832217,4095,3.3
832317,4095,3.3
832417,4095,3.3
832517,4095,3.3
832617,4095,3.3
832717,4095,3.3
832817,4095,3.3
832917,4095,3.3
833017,4095,3.3
833117,4095,3.3
833217,4095,3.3
833317,4095,3.3
833417,4095,3.3
833517,4095,3.3
833617,4095,3.3
833717,4095,3.3
833817,4095,3.3
833917,4095,3.3
834017,4095,3.3
834117,4095,3.3
834217,4095,3.3
834317,4095,3.3
834417,4095,3.3
834517,4095,3.3
834617,4095,3.3
834717,4095,3.3
834817,4095,3.3
834917,4095,3.3
835017,4095,3.3
835117,4095,3.3
835217,4095,3.3
835317,4095,3.3
835417,4095,3.3
835517,4095,3.3
835617,4095,3.3
835717,4095,3.3
835817,4095,3.3
835917,4095,3.3
836017,4095,3.3
836117,4095,3.3
836217,4095,3.3
836317,4095,3.3
836417,4095,3.3
836517,4095,3.3
836617,4095,3.3
836717,4095,3.3
836817,4095,3.3
836917,4095,3.3
837017,4095,3.3
837117,4095,3.3
837217,4095,3.3
837317,4095,3.3
837417,4095,3.3
837517,4095,3.3
837617,4095,3.3
837717,4095,3.3
837817,4095,3.3
837917,4095,3.3
838017,4095,3.3
