timestamp_pc,lectura_cruda,voltaje,porcentaje
 2026- 04- 09 11: 44: 03,1,0.887,26.0
 2026- 04- 09 11: 44: 03,1087,0.876,26.0
 2026- 04- 09 11: 44: 03,1,0.887,26.0
 2026- 04- 09 11: 44: 03,1087,0.876,26.0
 2026- 04- 09 11: 44: 03,1,0.887,26.0
 2026- 04- 09 11: 44: 03,1087,0.876,26.0
 2026- 04- 09 11: 44: 03,1,0.887,26.0
 2026- 04- 09 11: 44: 03,1087,0.876,26.0
 2026- 04- 09 11: 44: 03,1,0.887,26.0
 2026- 04- 09 11: 44: 03,1087,0.876,26.0
 2026- 04- 09 11: 44: 03,1,0.887,26.0
 2026- 04- 09 11: 44: 03,1087,0.876,26.0
 2026- 04- 09 11: 44: 03,1,0.887,26.0
 2026- 04- 09 11: 44: 03,1087,0.876,26.0
 2026- 04- 09 11: 44: 03,1,0.887,26.0
 2026- 04- 09 11: 44: 03,1087,0.876,26.0
 2026- 04- 09 11: 44: 03,1,0.887,26.0
 2026- 04- 09 11: 44: 03,1087,0.876,26.0
 2026- 04- 09 11: 44: 03,1,0.887,26.0
 2026- 04- 09 11: 44: 03,1087,0.876,26.0
 2026- 04- 09 11: 44: 03,1,0.887,26.0
 2026- 04- 09 11: 44: 03,1087,0.876,26.0
 2026- 04- 09 11: 44: 03,1,0.887,26.0
 2026- 04- 09 11: 44: 03,1087,0.876,26.0
 2026- 04- 09 11: 44: 03,1,0.887,26.0
 2026- 04- 09 11: 44: 03,1087,0.876,26.0
 2026- 04- 09 11: 44: 03,1,0.887,26.0
 2026- 04- 09 11: 44: 03,1087,0.876,26.0
 2026- 04- 09 11: 44: 03,1,0.887,26.0
 2026- 04- 09 11: 44: 03,1087,0.876,26.0
 2026- 04- 09 11: 44: 03,1,0.887,26.0
 2026- 04- 09 11: 44: 03,1087,0.876,26.0
 2026- 04- 09 11: 44: 03,1,0.887,26.0
 2026- 04- 09 11: 44: 03,1087,0.876,26.0
 2026- 04- 09 11: 44: 03,1,0.887,26.0
 2026- 04- 09 11: 44: 03,1087,0.876,26.0
 2026- 04- 09 11: 44: 03,1,0.887,26.0
 2026- 04- 09 11: 44: 03,1087,0.876,26.0
 2026- 04- 09 11: 44: 03,1,0.887,26.0
 2026- 04- 09 11: 44: 03,1087,0.876,26.0
 2026- 04- 09 11: 44: 03,1,0.887,26.0
 2026- 04- 09 11: 44: 03,1087,0.876,26.0
 2026- 04- 09 11: 44: 03,1,0.887,26.0
 2026- 04- 09 11: 44: 03,1087,0.876,26.0
 2026- 04- 09 11: 44: 03,1,0.887,26.0
 2026- 04- 09 11: 44: 03,1087,0.876,26.0
 2026- 04- 09 11: 44: 03,1,0.887,26.0
 2026- 04- 09 11: 44: 03,1087,0.876,26.0
 2026- 04- 09 11: 44: 03,1,0.887,26.0
 2026- 04- 09 11: 44: 03,1087,0.876,26.0
 2026- 04- 09 11: 44: 03,1,0.887,26.0
 2026- 04- 09 11: 44: 03,1087,0.876,26.0
 2026- 04- 09 11: 44: 03,1,0.887,26.0
 2026- 04- 09 11: 44: 03,1087,0.876,26.0
 2026- 04- 09 11: 44: 03,1,0.887,26.0
 2026- 04- 09 11: 44: 03,1087,0.876,26.0
 2026- 04- 09 11: 44: 03,1,0.887,26.0
 2026- 04- 09 11: 44: 03,1087,0.876,26.0
 2026- 04- 09 11: 44: 03,1,0.887,26.0
 2026- 04- 09 11: 44: 03,1087,0.876,26.0
 2026- 04- 09 11: 44: 03,1,0.887,26.0
 2026- 04- 09 11: 44: 03,1087,0.876,26.0
 2026- 04- 09 11: 44: 03,1,0.887,26.0
 2026- 04- 09 11: 44: 03,1087,0.876,26.0
 2026- 04- 09 11: 44: 03,1,0.887,26.0
 2026- 04- 09 11: 44: 03,1087,0.876,26.0
 2026- 04- 09 11: 44: 03,1,0.887,26.0
 2026- 04- 09 11: 44: 03,1087,0.876,26.0
 2026- 04- 09 11: 44: 03,1,0.887,26.0
 2026- 04- 09 11: 44: 03,1087,0.876,26.0
 2026- 04- 09 11: 44: 03,1,0.887,26.0
 2026- 04- 09 11: 44: 03,1087,0.876,26.0
 2026- 04- 09 11: 44: 03,1,0.887,26.0
 2026- 04- 09 11: 44: 03,1087,0.876,26.0
 2026- 04- 09 11: 44: 03,1,0.887,26.0
 2026- 04- 09 11: 44: 03,1087,0.876,26.0
 2026- 04- 09 11: 44: 03,1,0.887,26.0
 2026- 04- 09 11: 44: 03,1087,0.876,26.0
 2026- 04- 09 11: 44: 03,1,0.887,26.0
 2026- 04- 09 11: 44: 03,1087,0.876,26.0
 2026- 04- 09 11: 44: 03,1,0.887,26.0
 2026- 04- 09 11: 44: 03,1087,0.876,26.0
 2026- 04- 09 11: 44: 03,1,0.887,26.0
 2026- 04- 09 11: 44: 03,1087,0.876,26.0
 2026- 04- 09 11: 44: 03,1,0.887,26.0
 2026- 04- 09 11: 44: 03,1087,0.876,26.0
 2026- 04- 09 11: 44: 03,1,0.887,26.0
 2026- 04- 09 11: 44: 03,1087,0.876,26.0
 2026- 04- 09 11: 44: 03,1,0.887,26.0
 2026- 04- 09 11: 44: 03,1087,0.876,26.0
 2026- 04- 09 11: 44: 03,1,0.887,26.0
 2026- 04- 09 11: 44: 03,1087,0.876,26.0
 2026- 04- 09 11: 44: 03,1,0.887,26.0
 2026- 04- 09 11: 44: 03,1087,0.876,26.0
 2026- 04- 09 11: 44: 03,1,0.887,26.0
 2026- 04- 09 11: 44: 03,1087,0.876,26.0
 2026- 04- 09 11: 44: 03,1,0.887,26.0
 2026- 04- 09 11: 44: 03,1087,0.876,26.0
 2026- 04- 09 11: 44: 03,1,0.887,26.0
 2026- 04- 09 11: 44: 03,1087,0.876,26.0
 2026- 04- 09 11: 44: 03,1,0.887,26.0
 2026- 04- 09 11: 44: 03,1087,0.876,26.0
 2026- 04- 09 11: 44: 03,1,0.887,26.0
 2026- 04- 09 11: 44: 03,1087,0.876,26.0
 2026- 04- 09 11: 44: 03,1,0.887,26.0
 2026- 04- 09 11: 44: 03,1087,0.876,26.0
 2026- 04- 09 11: 44: 03,1,0.887,26.0
 2026- 04- 09 11: 44: 03,1087,0.876,26.0
 2026- 04- 09 11: 44: 03,1,0.887,26.0
 2026- 04- 09 11: 44: 03,1087,0.876,26.0
 2026- 04- 09 11: 44: 03,1,0.887,26.0
 2026- 04- 09 11: 44: 03,1087,0.876,26.0
 2026- 04- 09 11: 44: 03,1,0.887,26.0
 2026- 04- 09 11: 44: 03,1087,0.876,26.0
 2026- 04- 09 11: 44: 03,1,0.887,26.0
 2026- 04- 09 11: 44: 03,1087,0.876,26.0
 2026- 04- 09 11: 44: 03,1,0.887,26.0
 2026- 04- 09 11: 44: 03,1087,0.876,26.0
 2026- 04- 09 11: 44: 03,1,0.887,26.0
 2026- 04- 09 11: 44: 03,1087,0.876,26.0
 2026- 04- 09 11: 44: 03,1,0.887,26.0
 2026- 04- 09 11: 44: 03,1087,0.876,26.0
 2026- 04- 09 11: 44: 03,1,0.887,26.0
 2026- 04- 09 11: 44: 03,1087,0.876,26.0
 2026- 04- 09 11: 44: 03,1,0.887,26.0
 2026- 04- 09 11: 44: 03,1087,0.876,26.0
 2026- 04- 09 11: 44: 03,1,0.887,26.0
 2026- 04- 09 11: 44: 03,1087,0.876,26.0
 2026- 04- 09 11: 44: 03,1,0.887,26.0
 2026- 04- 09 11: 44: 03,1087,0.876,26.0
 2026- 04- 09 11: 44: 03,1,0.887,26.0
 2026- 04- 09 11: 44: 03,1087,0.876,26.0
 2026- 04- 09 11: 44: 03,1,0.887,26.0
 2026- 04- 09 11: 44: 03,1087,0.876,26.0
 2026- 04- 09 11: 44: 03,1,0.887,26.0
 2026- 04- 09 11: 44: 03,1087,0.876,26.0
 2026- 04- 09 11: 44: 03,1,0.887,26.0
 2026- 04- 09 11: 44: 03,1087,0.876,26.0
 2026- 04- 09 11: 44: 03,1,0.887,26.0
 2026- 04- 09 11: 44: 03,1087,0.876,26.0
 2026- 04- 09 11: 44: 03,1,0.887,26.0
 2026- 04- 09 11: 44: 03,1087,0.876,26.0
 2026- 04- 09 11: 44: 03,1,0.887,26.0
 2026- 04- 09 11: 44: 03,1087,0.876,26.0
 2026- 04- 09 11: 44: 03,1,0.887,26.0
 2026- 04- 09 11: 44: 03,1087,0.876,26.0
 2026- 04- 09 11: 44: 03,1,0.887,26.0
 2026- 04- 09 11: 44: 03,1087,0.876,26.0
 2026- 04- 09 11: 44: 03,1,0.887,26.0
 2026- 04- 09 11: 44: 03,1087,0.876,26.0
 2026- 04- 09 11: 44: 03,1,0.887,26.0
 2026- 04- 09 11: 44: 03,1087,0.876,26.0
 2026- 04- 09 11: 44: 03,1,0.887,26.0
 2026- 04- 09 11: 44: 03,1087,0.876,26.0
 2026- 04- 09 11: 44: 03,1,0.887,26.0
 2026- 04- 09 11: 44: 03,1087,0.876,26.0
 2026- 04- 09 11: 44: 03,1,0.887,26.0
 2026- 04- 09 11: 44: 03,1087,0.876,26.0
 2026- 04- 09 11: 44: 03,1,0.887,26.0
 2026- 04- 09 11: 44: 03,1087,0.876,26.0
 2026- 04- 09 11: 44: 03,1,0.887,26.0
 2026- 04- 09 11: 44: 03,1087,0.876,26.0
 2026- 04- 09 11: 44: 03,1,0.887,26.0
 2026- 04- 09 11: 44: 03,1087,0.876,26.0
 2026- 04- 09 11: 44: 03,1,0.887,26.0
 2026- 04- 09 11: 44: 03,1087,0.876,26.0
 2026- 04- 09 11: 44: 03,1,0.887,26.0
 2026- 04- 09 11: 44: 03,1087,0.876,26.0
 2026- 04- 09 11: 44: 03,1,0.887,26.0
 2026- 04- 09 11: 44: 03,1087,0.876,26.0
 2026- 04- 09 11: 44: 03,1,0.887,26.0
 2026- 04- 09 11: 44: 03,1087,0.876,26.0
 2026- 04- 09 11: 44: 03,1,0.887,26.0
 2026- 04- 09 11: 44: 03,1087,0.876,26.0
 2026- 04- 09 11: 44: 03,1,0.887,26.0
 2026- 04- 09 11: 44: 03,1087,0.876,26.0
 2026- 04- 09 11: 44: 03,1,0.887,26.0
 2026- 04- 09 11: 44: 03,1087,0.876,26.0
 2026- 04- 09 11: 44: 03,1,0.887,26.0
 2026- 04- 09 11: 44: 03,1087,0.876,26.0
 2026- 04- 09 11: 44: 03,1,0.887,26.0
 2026- 04- 09 11: 44: 03,1087,0.876,26.0
 2026- 04- 09 11: 44: 03,1,0.887,26.0
 2026- 04- 09 11: 44: 03,1087,0.876,26.0
 2026- 04- 09 11: 44: 03,1,0.887,26.0
 2026- 04- 09 11: 44: 03,1087,0.876,26.0
 2026- 04- 09 11: 44: 03,1,0.887,26.0
 2026- 04- 09 11: 44: 03,1087,0.876,26.0
 2026- 04- 09 11: 44: 03,1,0.887,26.0
 2026- 04- 09 11: 44: 03,1087,0.876,26.0
 2026- 04- 09 11: 44: 03,1,0.887,26.0
 2026- 04- 09 11: 44: 03,1087,0.876,26.0
 2026- 04- 09 11: 44: 04,1,0.887,26.0
 2026- 04- 09 11: 44: 04,1087,0.876,26.0
 2026- 04- 09 11: 44: 04,1,0.887,26.0
 2026- 04- 09 11: 44: 04,1087,0.876,26.0
 2026- 04- 09 11: 44: 04,1,0.887,26.0
 2026- 04- 09 11: 44: 04,1087,0.876,26.0
 2026- 04- 09 11: 44: 04,1,0.887,26.0
 2026- 04- 09 11: 44: 04,1087,0.876,26.0
 2026- 04- 09 11: 44: 04,1,0.887,26.0
 2026- 04- 09 11: 44: 04,1087,0.876,26.0
 2026- 04- 09 11: 44: 04,1,0.887,26.0
 2026- 04- 09 11: 44: 04,1087,0.876,26.0
 2026- 04- 09 11: 44: 04,1,0.887,26.0
 2026- 04- 09 11: 44: 04,1087,0.876,26.0
 2026- 04- 09 11: 44: 04,1,0.887,26.0
 2026- 04- 09 11: 44: 04,1087,0.876,26.0
 2026- 04- 09 11: 44: 04,1,0.887,26.0
 2026- 04- 09 11: 44: 04,1087,0.876,26.0
 2026- 04- 09 11: 44: 04,1,0.887,26.0
 2026- 04- 09 11: 44: 04,1087,0.876,26.0
 2026- 04- 09 11: 44: 04,1,0.887,26.0
 2026- 04- 09 11: 44: 04,1087,0.876,26.0
 2026- 04- 09 11: 44: 04,1,0.887,26.0
 2026- 04- 09 11: 44: 04,1087,0.876,26.0
 2026- 04- 09 11: 44: 04,1,0.887,26.0
 2026- 04- 09 11: 44: 04,1087,0.876,26.0
 2026- 04- 09 11: 44: 04,1,0.887,26.0
 2026- 04- 09 11: 44: 04,1087,0.876,26.0
 2026- 04- 09 11: 44: 04,1,0.887,26.0
 2026- 04- 09 11: 44: 04,1087,0.876,26.0
 2026- 04- 09 11: 44: 04,1,0.887,26.0
 2026- 04- 09 11: 44: 04,1087,0.876,26.0
 2026- 04- 09 11: 44: 04,1,0.887,26.0
 2026- 04- 09 11: 44: 04,1087,0.876,26.0
 2026- 04- 09 11: 44: 04,1,0.887,26.0
 2026- 04- 09 11: 44: 04,1087,0.876,26.0
 2026- 04- 09 11: 44: 04,1,0.887,26.0
 2026- 04- 09 11: 44: 04,1087,0.876,26.0
 2026- 04- 09 11: 44: 04,1,0.887,26.0
 2026- 04- 09 11: 44: 04,1087,0.876,26.0
 2026- 04- 09 11: 44: 04,1,0.887,26.0
 2026- 04- 09 11: 44: 04,1087,0.876,26.0
 2026- 04- 09 11: 44: 04,1,0.887,26.0
 2026- 04- 09 11: 44: 04,1087,0.876,26.0
 2026- 04- 09 11: 44: 04,1,0.887,26.0
 2026- 04- 09 11: 44: 04,1087,0.876,26.0
 2026- 04- 09 11: 44: 04,1,0.887,26.0
 2026- 04- 09 11: 44: 04,1087,0.876,26.0
 2026- 04- 09 11: 44: 04,1,0.887,26.0
 2026- 04- 09 11: 44: 04,1087,0.876,26.0
 2026- 04- 09 11: 44: 04,1,0.887,26.0
 2026- 04- 09 11: 44: 04,1087,0.876,26.0
 2026- 04- 09 11: 44: 04,1,0.887,26.0
 2026- 04- 09 11: 44: 04,1087,0.876,26.0
 2026- 04- 09 11: 44: 04,1,0.887,26.0
 2026- 04- 09 11: 44: 04,1087,0.876,26.0
 2026- 04- 09 11: 44: 04,1,0.887,26.0
 2026- 04- 09 11: 44: 04,1087,0.876,26.0
 2026- 04- 09 11: 44: 04,1,0.887,26.0
 2026- 04- 09 11: 44: 04,1087,0.876,26.0
 2026- 04- 09 11: 44: 04,1,0.887,26.0
 2026- 04- 09 11: 44: 04,1087,0.876,26.0
 2026- 04- 09 11: 44: 04,1,0.887,26.0
 2026- 04- 09 11: 44: 04,1087,0.876,26.0
 2026- 04- 09 11: 44: 04,1,0.887,26.0
 2026- 04- 09 11: 44: 04,1087,0.876,26.0
 2026- 04- 09 11: 44: 04,1,0.887,26.0
 2026- 04- 09 11: 44: 04,1087,0.876,26.0
 2026- 04- 09 11: 44: 04,1,0.887,26.0
 2026- 04- 09 11: 44: 04,1087,0.876,26.0
 2026- 04- 09 11: 44: 04,1,0.887,26.0
 2026- 04- 09 11: 44: 04,1087,0.876,26.0
 2026- 04- 09 11: 44: 04,1,0.887,26.0
 2026- 04- 09 11: 44: 04,1087,0.876,26.0
 2026- 04- 09 11: 44: 04,1,0.887,26.0
 2026- 04- 09 11: 44: 04,1087,0.876,26.0
 2026- 04- 09 11: 44: 04,1,0.887,26.0
 2026- 04- 09 11: 44: 04,1087,0.876,26.0
 2026- 04- 09 11: 44: 04,1,0.887,26.0
 2026- 04- 09 11: 44: 04,1087,0.876,26.0
 2026- 04- 09 11: 44: 04,1,0.887,26.0
 2026- 04- 09 11: 44: 04,1087,0.876,26.0
 2026- 04- 09 11: 44: 04,1,0.887,26.0
 2026- 04- 09 11: 44: 04,1087,0.876,26.0
 2026- 04- 09 11: 44: 04,1,0.887,26.0
 2026- 04- 09 11: 44: 04,1087,0.876,26.0
 2026- 04- 09 11: 44: 04,1,0.887,26.0
 2026- 04- 09 11: 44: 04,1087,0.876,26.0
 2026- 04- 09 11: 44: 04,1123,0.905,27.0
 2026- 04- 09 11: 44: 04,1133,0.913,27.0
 2026- 04- 09 11: 44: 04,1055,0.85,25.0
 2026- 04- 09 11: 44: 04,1074,0.865,26.0
 2026- 04- 09 11: 44: 04,1118,0.901,27.0
 2026- 04- 09 11: 44: 05,1168,0.941,28.0
 2026- 04- 09 11: 44: 05,1008,0.812,24.0
 2026- 04- 09 11: 44: 06,1224,0.986,29.0
 2026- 04- 09 11: 44: 06,442,0.356,10.0
 2026- 04- 09 11: 44: 07,0,0.0,0.0
 2026- 04- 09 11: 44: 07,285,0.23,6.0
 2026- 04- 09 11: 44: 08,1114,0.898,27.0
 2026- 04- 09 11: 44: 08,1840,1.483,44.0
 2026- 04- 09 11: 44: 09,1114,0.898,27.0
 2026- 04- 09 11: 44: 09,1136,0.915,27.0
 2026- 04- 09 11: 44: 10,1792,1.444,43.0
 2026- 04- 09 11: 44: 10,852,0.687,20.0
 2026- 04- 09 11: 44: 11,931,0.75,22.0
 2026- 04- 09 11: 44: 11,1327,1.069,32.0
 2026- 04- 09 11: 44: 12,1374,1.107,33.0
 2026- 04- 09 11: 44: 12,1456,1.173,35.0
 2026- 04- 09 12: 02: 04,0,0.0,0.0
 2026- 04- 09 12: 02: 04,0,0.0,0.0
 2026- 04- 09 12: 02: 04,0,0.0,0.0
 2026- 04- 09 12: 02: 04,0,0.0,0.0
 2026- 04- 09 12: 02: 04,0,0.0,0.0
 2026- 04- 09 12: 02: 04,0,0.0,0.0
 2026- 04- 09 12: 02: 04,0,0.0,0.0
 2026- 04- 09 12: 02: 04,0,0.0,0.0
 2026- 04- 09 12: 02: 04,0,0.0,0.0
 2026- 04- 09 12: 02: 04,0,0.0,0.0
 2026- 04- 09 12: 02: 04,0,0.0,0.0
 2026- 04- 09 12: 02: 04,0,0.0,0.0
 2026- 04- 09 12: 02: 04,0,0.0,0.0
 2026- 04- 09 12: 02: 04,0,0.0,0.0
 2026- 04- 09 12: 02: 04,0,0.0,0.0
 2026- 04- 09 12: 02: 04,0,0.0,0.0
 2026- 04- 09 12: 02: 04,0,0.0,0.0
 2026- 04- 09 12: 02: 04,0,0.0,0.0
 2026- 04- 09 12: 02: 04,0,0.0,0.0
 2026- 04- 09 12: 02: 04,0,0.0,0.0
 2026- 04- 09 12: 02: 04,0,0.0,0.0
 2026- 04- 09 12: 02: 04,0,0.0,0.0
 2026- 04- 09 12: 02: 04,0,0.0,0.0
 2026- 04- 09 12: 02: 04,0,0.0,0.0
 2026- 04- 09 12: 02: 04,0,0.0,0.0
 2026- 04- 09 12: 02: 04,0,0.0,0.0
 2026- 04- 09 12: 02: 04,0,0.0,0.0
 2026- 04- 09 12: 02: 04,0,0.0,0.0
 2026- 04- 09 12: 02: 04,0,0.0,0.0
 2026- 04- 09 12: 02: 04,0,0.0,0.0
 2026- 04- 09 12: 02: 04,0,0.0,0.0
 2026- 04- 09 12: 02: 04,0,0.0,0.0
 2026- 04- 09 12: 02: 04,0,0.0,0.0
 2026- 04- 09 12: 02: 04,0,0.0,0.0
 2026- 04- 09 12: 02: 04,0,0.0,0.0
 2026- 04- 09 12: 02: 04,0,0.0,0.0
 2026- 04- 09 12: 02: 04,0,0.0,0.0
 2026- 04- 09 12: 02: 04,0,0.0,0.0
 2026- 04- 09 12: 02: 04,0,0.0,0.0
 2026- 04- 09 12: 02: 04,0,0.0,0.0
 2026- 04- 09 12: 02: 04,0,0.0,0.0
 2026- 04- 09 12: 02: 04,0,0.0,0.0
 2026- 04- 09 12: 02: 04,0,0.0,0.0
 2026- 04- 09 12: 02: 04,0,0.0,0.0
 2026- 04- 09 12: 02: 04,0,0.0,0.0
 2026- 04- 09 12: 02: 04,0,0.0,0.0
 2026- 04- 09 12: 02: 04,0,0.0,0.0
 2026- 04- 09 12: 02: 04,0,0.0,0.0
 2026- 04- 09 12: 02: 04,0,0.0,0.0
 2026- 04- 09 12: 02: 04,0,0.0,0.0
 2026- 04- 09 12: 02: 04,0,0.0,0.0
 2026- 04- 09 12: 02: 04,0,0.0,0.0
 2026- 04- 09 12: 02: 04,0,0.0,0.0
 2026- 04- 09 12: 02: 04,0,0.0,0.0
 2026- 04- 09 12: 02: 04,0,0.0,0.0
 2026- 04- 09 12: 02: 04,0,0.0,0.0
 2026- 04- 09 12: 02: 04,0,0.0,0.0
 2026- 04- 09 12: 02: 04,0,0.0,0.0
 2026- 04- 09 12: 02: 04,0,0.0,0.0
 2026- 04- 09 12: 02: 04,0,0.0,0.0
 2026- 04- 09 12: 02: 04,0,0.0,0.0
 2026- 04- 09 12: 02: 04,0,0.0,0.0
 2026- 04- 09 12: 02: 04,0,0.0,0.0
 2026- 04- 09 12: 02: 04,0,0.0,0.0
 2026- 04- 09 12: 02: 04,0,0.0,0.0
 2026- 04- 09 12: 02: 04,0,0.0,0.0
 2026- 04- 09 12: 02: 04,0,0.0,0.0
 2026- 04- 09 12: 02: 04,0,0.0,0.0
 2026- 04- 09 12: 02: 04,0,0.0,0.0
 2026- 04- 09 12: 02: 04,0,0.0,0.0
 2026- 04- 09 12: 02: 04,0,0.0,0.0
 2026- 04- 09 12: 02: 04,0,0.0,0.0
 2026- 04- 09 12: 02: 04,0,0.0,0.0
 2026- 04- 09 12: 02: 04,0,0.0,0.0
 2026- 04- 09 12: 02: 04,0,0.0,0.0
 2026- 04- 09 12: 02: 04,0,0.0,0.0
 2026- 04- 09 12: 02: 04,0,0.0,0.0
 2026- 04- 09 12: 02: 04,0,0.0,0.0
 2026- 04- 09 12: 02: 04,0,0.0,0.0
 2026- 04- 09 12: 02: 04,0,0.0,0.0
 2026- 04- 09 12: 02: 04,0,0.0,0.0
 2026- 04- 09 12: 02: 04,0,0.0,0.0
 2026- 04- 09 12: 02: 04,0,0.0,0.0
 2026- 04- 09 12: 02: 04,0,0.0,0.0
 2026- 04- 09 12: 02: 04,0,0.0,0.0
 2026- 04- 09 12: 02: 04,0,0.0,0.0
 2026- 04- 09 12: 02: 04,0,0.0,0.0
 2026- 04- 09 12: 02: 04,0,0.0,0.0
 2026- 04- 09 12: 02: 04,0,0.0,0.0
 2026- 04- 09 12: 02: 04,0,0.0,0.0
 2026- 04- 09 12: 02: 04,0,0.0,0.0
 2026- 04- 09 12: 02: 04,0,0.0,0.0
 2026- 04- 09 12: 02: 04,0,0.0,0.0
 2026- 04- 09 12: 02: 04,0,0.0,0.0
 2026- 04- 09 12: 02: 04,0,0.0,0.0
 2026- 04- 09 12: 02: 04,0,0.0,0.0
 2026- 04- 09 12: 02: 04,0,0.0,0.0
 2026- 04- 09 12: 02: 04,0,0.0,0.0
 2026- 04- 09 12: 02: 04,0,0.0,0.0
 2026- 04- 09 12: 02: 04,0,0.0,0.0
 2026- 04- 09 12: 02: 04,0,0.0,0.0
 2026- 04- 09 12: 02: 04,0,0.0,0.0
 2026- 04- 09 12: 02: 04,0,0.0,0.0
 2026- 04- 09 12: 02: 04,0,0.0,0.0
 2026- 04- 09 12: 02: 04,0,0.0,0.0
 2026- 04- 09 12: 02: 04,0,0.0,0.0
 2026- 04- 09 12: 02: 04,0,0.0,0.0
 2026- 04- 09 12: 02: 04,0,0.0,0.0
 2026- 04- 09 12: 02: 04,0,0.0,0.0
 2026- 04- 09 12: 02: 04,0,0.0,0.0
 2026- 04- 09 12: 02: 04,0,0.0,0.0
 2026- 04- 09 12: 02: 04,0,0.0,0.0
 2026- 04- 09 12: 02: 04,0,0.0,0.0
 2026- 04- 09 12: 02: 04,0,0.0,0.0
 2026- 04- 09 12: 02: 04,0,0.0,0.0
 2026- 04- 09 12: 02: 04,0,0.0,0.0
 2026- 04- 09 12: 02: 04,0,0.0,0.0
 2026- 04- 09 12: 02: 04,0,0.0,0.0
 2026- 04- 09 12: 02: 04,0,0.0,0.0
 2026- 04- 09 12: 02: 04,0,0.0,0.0
 2026- 04- 09 12: 02: 04,0,0.0,0.0
 2026- 04- 09 12: 02: 04,0,0.0,0.0
 2026- 04- 09 12: 02: 04,0,0.0,0.0
 2026- 04- 09 12: 02: 04,0,0.0,0.0
 2026- 04- 09 12: 02: 04,0,0.0,0.0
 2026- 04- 09 12: 02: 04,0,0.0,0.0
 2026- 04- 09 12: 02: 04,0,0.0,0.0
 2026- 04- 09 12: 02: 05,0,0.0,0.0
 2026- 04- 09 12: 02: 05,0,0.0,0.0
 2026- 04- 09 12: 02: 06,0,0.0,0.0
 2026- 04- 09 12: 02: 06,0,0.0,0.0
 2026- 04- 09 12: 02: 07,380,0.306,9.0
 2026- 04- 09 12: 02: 07,855,0.689,20.0
 2026- 04- 09 12: 02: 08,1284,1.035,31.0
 2026- 04- 09 12: 02: 08,1601,1.29,39.0
 2026- 04- 09 12: 02: 09,1297,1.045,31.0
 2026- 04- 09 12: 02: 09,592,0.477,14.0
 2026- 04- 09 12: 02: 10,304,0.245,7.0
 2026- 04- 09 12: 02: 10,693,0.558,16.0
 2026- 04- 09 12: 02: 11,1190,0.959,29.0
 2026- 04- 09 12: 02: 11,1264,1.019,30.0
 2026- 04- 09 12: 02: 12,1267,1.021,30.0
 2026- 04- 09 12: 02: 12,1296,1.044,31.0
 2026- 04- 09 12: 02: 13,1343,1.082,32.0
 2026- 04- 09 12: 02: 13,1306,1.052,31.0
 2026- 04- 09 12: 02: 14,1309,1.055,31.0
 2026- 04- 09 12: 02: 14,1291,1.04,31.0
 2026- 04- 09 12: 02: 15,1281,1.032,31.0
 2026- 04- 09 12: 02: 15,1263,1.018,30.0
 2026- 04- 09 12: 02: 16,1251,1.008,30.0
 2026- 04- 09 12: 02: 16,1286,1.036,31.0
 2026- 04- 09 12: 02: 17,1273,1.026,31.0
 2026- 04- 09 12: 02: 17,1299,1.047,31.0
 2026- 04- 09 12: 02: 18,1264,1.019,30.0
 2026- 04- 09 12: 02: 18,1242,1.001,30.0
 2026- 04- 09 12: 02: 19,1233,0.994,30.0
 2026- 04- 09 12: 02: 19,1269,1.023,30.0
 2026- 04- 09 12: 02: 20,1250,1.007,30.0
 2026- 04- 09 12: 02: 20,1275,1.027,31.0
 2026- 04- 09 12: 02: 21,1290,1.04,31.0
 2026- 04- 09 12: 02: 21,1297,1.045,31.0
 2026- 04- 09 12: 02: 22,1269,1.023,30.0
 2026- 04- 09 12: 02: 22,1280,1.032,31.0
 2026- 04- 09 12: 02: 23,1234,0.994,30.0
 2026- 04- 09 12: 02: 23,1268,1.022,30.0
 2026- 04- 09 12: 02: 24,1252,1.009,30.0
 2026- 04- 09 12: 02: 24,1278,1.03,31.0
 2026- 04- 09 12: 02: 25,1279,1.031,31.0
 2026- 04- 09 12: 02: 25,1275,1.027,31.0
 2026- 04- 09 12: 02: 26,1293,1.042,31.0
 2026- 04- 09 12: 02: 26,1280,1.032,31.0
 2026- 04- 09 12: 02: 27,1265,1.019,30.0
 2026- 04- 09 12: 02: 27,1267,1.021,30.0
 2026- 04- 09 12: 02: 28,1311,1.056,32.0
 2026- 04- 09 12: 02: 28,1314,1.059,32.0
 2026- 04- 09 12: 02: 29,1264,1.019,30.0
 2026- 04- 09 12: 02: 29,1246,1.004,30.0
 2026- 04- 09 12: 02: 30,1298,1.046,31.0
 2026- 04- 09 12: 02: 30,1268,1.022,30.0
 2026- 04- 09 12: 02: 31,1234,0.994,30.0
 2026- 04- 09 12: 02: 31,1303,1.05,31.0
 2026- 04- 09 12: 02: 32,1303,1.05,31.0
 2026- 04- 09 12: 02: 32,1250,1.007,30.0
 2026- 04- 09 12: 02: 33,1305,1.052,31.0
 2026- 04- 09 12: 02: 33,1243,1.002,30.0
 2026- 04- 09 12: 02: 34,1282,1.033,31.0
 2026- 04- 09 12: 02: 34,1291,1.04,31.0
 2026- 04- 09 12: 02: 35,1267,1.021,30.0
 2026- 04- 09 12: 02: 35,1300,1.048,31.0
 2026- 04- 09 12: 02: 36,1261,1.016,30.0
 2026- 04- 09 12: 02: 36,1287,1.037,31.0
 2026- 04- 09 12: 02: 37,1259,1.015,30.0
 2026- 04- 09 12: 02: 37,1255,1.011,30.0
 2026- 04- 09 12: 02: 38,1296,1.044,31.0
 2026- 04- 09 12: 02: 38,1263,1.018,30.0
 2026- 04- 09 12: 02: 39,1225,0.987,29.0
 2026- 04- 09 12: 02: 39,1296,1.044,31.0
 2026- 04- 09 12: 02: 40,1283,1.034,31.0
 2026- 04- 09 12: 02: 40,1286,1.036,31.0
 2026- 04- 09 12: 02: 41,1264,1.019,30.0
 2026- 04- 09 12: 02: 41,1285,1.036,31.0
 2026- 04- 09 12: 02: 42,1233,0.994,30.0
 2026- 04- 09 12: 02: 42,1199,0.966,29.0
 2026- 04- 09 12: 02: 43,1216,0.98,29.0
 2026- 04- 09 12: 02: 43,399,0.322,9.0
 2026- 04- 09 12: 02: 44,452,0.364,11.0
 2026- 04- 09 12: 02: 44,0,0.0,0.0
 2026- 04- 09 12: 02: 45,0,0.0,0.0
 2026- 04- 09 12: 02: 45,496,0.4,12.0
 2026- 04- 09 12: 02: 46,1074,0.865,26.0
 2026- 04- 09 12: 02: 46,1121,0.903,27.0
 2026- 04- 09 12: 02: 47,595,0.479,14.0
 2026- 04- 09 12: 02: 47,32,0.026,0.0
 2026- 04- 09 12: 02: 48,0,0.0,0.0
 2026- 04- 09 12: 02: 48,595,0.479,14.0
 2026- 04- 09 12: 02: 49,1040,0.838,25.0
 2026- 04- 09 12: 02: 49,1120,0.903,27.0
 2026- 04- 09 12: 02: 50,1104,0.89,26.0
 2026- 04- 09 12: 02: 50,1198,0.965,29.0
 2026- 04- 09 12: 02: 51,623,0.502,15.0
 2026- 04- 09 12: 02: 51,145,0.117,3.0
 2026- 04- 09 12: 02: 52,94,0.076,2.0
 2026- 04- 09 12: 02: 52,96,0.077,2.0
 2026- 04- 09 12: 02: 53,864,0.696,21.0
 2026- 04- 09 12: 02: 53,1535,1.237,37.0
 2026- 04- 09 12: 02: 54,1617,1.303,39.0
 2026- 04- 09 12: 02: 54,1608,1.296,39.0
 2026- 04- 09 12: 02: 55,1642,1.323,40.0
 2026- 04- 09 12: 02: 55,1634,1.317,39.0
 2026- 04- 09 12: 02: 56,1603,1.292,39.0
 2026- 04- 09 12: 02: 56,1641,1.322,40.0
 2026- 04- 09 12: 02: 57,1755,1.414,42.0
 2026- 04- 09 12: 02: 57,2159,1.74,52.0
 2026- 04- 09 12: 02: 58,2528,2.037,61.0
 2026- 04- 09 12: 02: 58,2447,1.972,59.0
 2026- 04- 09 12: 02: 59,2419,1.949,59.0
 2026- 04- 09 12: 02: 59,2542,2.048,62.0
 2026- 04- 09 12: 03: 00,2115,1.704,51.0
 2026- 04- 09 12: 03: 00,1294,1.043,31.0
 2026- 04- 09 12: 03: 01,629,0.507,15.0
 2026- 04- 09 12: 03: 01,507,0.409,12.0
 2026- 04- 09 12: 03: 02,530,0.427,12.0
 2026- 04- 09 12: 03: 02,863,0.695,21.0
 2026- 04- 09 12: 03: 03,495,0.399,12.0
 2026- 04- 09 12: 03: 03,14,0.011,0.0
 2026- 04- 09 12: 03: 04,0,0.0,0.0
 2026- 04- 09 12: 03: 04,0,0.0,0.0
 2026- 04- 09 12: 03: 05,0,0.0,0.0
 2026- 04- 09 12: 03: 05,0,0.0,0.0
 2026- 04- 09 12: 03: 06,0,0.0,0.0
 2026- 04- 09 12: 03: 06,0,0.0,0.0
 2026- 04- 09 12: 03: 07,0,0.0,0.0
 2026- 04- 09 12: 03: 07,48,0.039,1.0
 2026- 04- 09 12: 03: 08,707,0.57,17.0
 2026- 04- 09 12: 03: 08,1767,1.424,43.0
 2026- 04- 09 12: 03: 09,2303,1.856,56.0
 2026- 04- 09 12: 03: 09,2758,2.223,67.0
 2026- 04- 09 12: 03: 10,4095,3.3,100.0
 2026- 04- 09 12: 03: 10,4095,3.3,100.0
 2026- 04- 09 12: 03: 11,4095,3.3,100.0
 2026- 04- 09 12: 03: 11,4095,3.3,100.0
 2026- 04- 09 12: 03: 12,4095,3.3,100.0
 2026- 04- 09 12: 03: 12,4095,3.3,100.0
 2026- 04- 09 12: 03: 13,4095,3.3,100.0
 2026- 04- 09 12: 03: 13,4095,3.3,100.0
 2026- 04- 09 12: 03: 14,4095,3.3,100.0
 2026- 04- 09 12: 03: 14,2559,2.062,62.0
 2026- 04- 09 12: 03: 15,2554,2.058,62.0
 2026- 04- 09 12: 03: 15,2064,1.663,50.0
 2026- 04- 09 12: 03: 16,2061,1.661,50.0
 2026- 04- 09 12: 03: 17,2053,1.654,50.0
 2026- 04- 09 12: 03: 17,1999,1.611,48.0
 2026- 04- 09 12: 03: 17,2006,1.617,48.0
 2026- 04- 09 12: 03: 18,2043,1.646,49.0
 2026- 04- 09 12: 03: 18,2037,1.642,49.0
 2026- 04- 09 12: 03: 19,2034,1.639,49.0
 2026- 04- 09 12: 03: 19,2037,1.642,49.0
 2026- 04- 09 12: 03: 20,2096,1.689,51.0
 2026- 04- 09 12: 03: 20,2078,1.675,50.0
 2026- 04- 09 12: 03: 21,2039,1.643,49.0
 2026- 04- 09 12: 03: 21,2035,1.64,49.0
 2026- 04- 09 12: 03: 22,2019,1.627,49.0
 2026- 04- 09 12: 03: 22,2062,1.662,50.0
 2026- 04- 09 12: 03: 23,2003,1.614,48.0
 2026- 04- 09 12: 03: 23,2060,1.66,50.0
 2026- 04- 09 12: 03: 24,2029,1.635,49.0
 2026- 04- 09 12: 03: 24,2077,1.674,50.0
 2026- 04- 09 12: 03: 25,2011,1.621,49.0
 2026- 04- 09 12: 03: 25,2064,1.663,50.0
 2026- 04- 09 12: 03: 26,2064,1.663,50.0
 2026- 04- 09 12: 03: 26,2031,1.637,49.0
 2026- 04- 09 12: 03: 27,2054,1.655,50.0
 2026- 04- 09 12: 03: 27,2075,1.672,50.0
 2026- 04- 09 12: 03: 28,2016,1.625,49.0
 2026- 04- 09 12: 03: 28,2022,1.629,49.0
 2026- 04- 09 12: 03: 29,2062,1.662,50.0
 2026- 04- 09 12: 03: 30,2033,1.638,49.0
 2026- 04- 09 12: 03: 30,2069,1.667,50.0
 2026- 04- 09 12: 03: 30,2003,1.614,48.0
 2026- 04- 09 12: 03: 31,2035,1.64,49.0
 2026- 04- 09 12: 03: 31,2069,1.667,50.0
 2026- 04- 09 12: 03: 32,2002,1.613,48.0
 2026- 04- 09 12: 03: 32,2021,1.629,49.0
 2026- 04- 09 12: 03: 33,2064,1.663,50.0
 2026- 04- 09 12: 03: 34,2035,1.64,49.0
 2026- 04- 09 12: 03: 34,2000,1.612,48.0
 2026- 04- 09 12: 03: 34,2061,1.661,50.0
 2026- 04- 09 12: 03: 35,2062,1.662,50.0
 2026- 04- 09 12: 03: 36,2022,1.629,49.0
 2026- 04- 09 12: 03: 36,2047,1.65,49.0
 2026- 04- 09 12: 03: 37,2037,1.642,49.0
 2026- 04- 09 12: 03: 37,2043,1.646,49.0
 2026- 04- 09 12: 03: 38,2037,1.642,49.0
 2026- 04- 09 12: 03: 38,2023,1.63,49.0
 2026- 04- 09 12: 03: 39,2034,1.639,49.0
 2026- 04- 09 12: 03: 39,2064,1.663,50.0
 2026- 04- 09 12: 03: 40,2032,1.638,49.0
 2026- 04- 09 12: 03: 40,2054,1.655,50.0
 2026- 04- 09 12: 03: 41,2073,1.671,50.0
 2026- 04- 09 12: 03: 41,1984,1.599,48.0
 2026- 04- 09 12: 03: 42,1983,1.598,48.0
 2026- 04- 09 12: 03: 42,2022,1.629,49.0
 2026- 04- 09 12: 03: 43,2026,1.633,49.0
 2026- 04- 09 12: 03: 43,2055,1.656,50.0
 2026- 04- 09 12: 03: 44,2023,1.63,49.0
 2026- 04- 09 12: 03: 44,2061,1.661,50.0
 2026- 04- 09 12: 03: 45,2023,1.63,49.0
 2026- 04- 09 12: 03: 45,2017,1.625,49.0
 2026- 04- 09 12: 03: 46,2070,1.668,50.0
 2026- 04- 09 12: 03: 46,2032,1.638,49.0
 2026- 04- 09 12: 03: 47,2086,1.681,50.0
 2026- 04- 09 12: 03: 47,1998,1.61,48.0
 2026- 04- 09 12: 03: 48,2042,1.646,49.0
 2026- 04- 09 12: 03: 48,2019,1.627,49.0
 2026- 04- 09 12: 03: 49,2035,1.64,49.0
 2026- 04- 09 12: 03: 49,2044,1.647,49.0
 2026- 04- 09 12: 03: 50,2094,1.687,51.0
 2026- 04- 09 12: 03: 50,2042,1.646,49.0
 2026- 04- 09 12: 03: 51,2019,1.627,49.0
 2026- 04- 09 12: 03: 51,1991,1.604,48.0
 2026- 04- 09 12: 03: 52,1989,1.603,48.0
 2026- 04- 09 12: 03: 52,1989,1.603,48.0
 2026- 04- 09 12: 03: 53,2010,1.62,49.0
 2026- 04- 09 12: 03: 53,2039,1.643,49.0
 2026- 04- 09 12: 03: 54,2032,1.638,49.0
 2026- 04- 09 12: 03: 54,2025,1.632,49.0
 2026- 04- 09 12: 03: 55,2035,1.64,49.0
 2026- 04- 09 12: 03: 55,2035,1.64,49.0
 2026- 04- 09 12: 03: 56,2018,1.626,49.0
 2026- 04- 09 12: 03: 56,2030,1.636,49.0
 2026- 04- 09 12: 03: 57,2033,1.638,49.0
 2026- 04- 09 12: 03: 57,2059,1.659,50.0
 2026- 04- 09 12: 03: 58,2062,1.662,50.0
 2026- 04- 09 12: 03: 58,2061,1.661,50.0
 2026- 04- 09 12: 03: 59,2081,1.677,50.0
 2026- 04- 09 12: 03: 59,2019,1.627,49.0
 2026- 04- 09 12: 04: 00,2047,1.65,49.0
 2026- 04- 09 12: 04: 00,2032,1.638,49.0
 2026- 04- 09 12: 04: 01,2042,1.646,49.0
 2026- 04- 09 12: 04: 01,2033,1.638,49.0
 2026- 04- 09 12: 04: 02,2031,1.637,49.0
 2026- 04- 09 12: 04: 02,2082,1.678,50.0
 2026- 04- 09 12: 04: 03,2091,1.685,51.0
 2026- 04- 09 12: 04: 03,2047,1.65,49.0
 2026- 04- 09 12: 04: 04,2033,1.638,49.0
 2026- 04- 09 12: 04: 04,2054,1.655,50.0
 2026- 04- 09 12: 04: 05,2061,1.661,50.0
 2026- 04- 09 12: 04: 05,2015,1.624,49.0
 2026- 04- 09 12: 04: 06,2019,1.627,49.0
 2026- 04- 09 12: 04: 06,2032,1.638,49.0
 2026- 04- 09 12: 04: 07,2025,1.632,49.0
 2026- 04- 09 12: 04: 07,2031,1.637,49.0
 2026- 04- 09 12: 04: 08,2034,1.639,49.0
 2026- 04- 09 12: 04: 08,2087,1.682,50.0
 2026- 04- 09 12: 04: 09,2039,1.643,49.0
 2026- 04- 09 12: 04: 09,1995,1.608,48.0
 2026- 04- 09 12: 04: 10,2078,1.675,50.0
 2026- 04- 09 12: 04: 10,2032,1.638,49.0
 2026- 04- 09 12: 04: 11,2070,1.668,50.0
 2026- 04- 09 12: 04: 11,2032,1.638,49.0
 2026- 04- 09 12: 04: 12,2045,1.648,49.0
 2026- 04- 09 12: 04: 12,2047,1.65,49.0
 2026- 04- 09 12: 04: 13,2031,1.637,49.0
 2026- 04- 09 12: 04: 13,2013,1.622,49.0
 2026- 04- 09 12: 04: 14,2021,1.629,49.0
 2026- 04- 09 12: 04: 14,2060,1.66,50.0
 2026- 04- 09 12: 04: 15,2063,1.662,50.0
 2026- 04- 09 12: 04: 15,2042,1.646,49.0
 2026- 04- 09 12: 04: 16,2059,1.659,50.0
 2026- 04- 09 12: 04: 16,2053,1.654,50.0
 2026- 04- 09 12: 04: 17,2047,1.65,49.0
 2026- 04- 09 12: 04: 17,2002,1.613,48.0
 2026- 04- 09 12: 04: 18,1998,1.61,48.0
 2026- 04- 09 12: 04: 18,2011,1.621,49.0
 2026- 04- 09 12: 04: 19,2066,1.665,50.0
 2026- 04- 09 12: 04: 19,2059,1.659,50.0
 2026- 04- 09 12: 04: 20,2043,1.646,49.0
 2026- 04- 09 12: 04: 20,2087,1.682,50.0
 2026- 04- 09 12: 04: 21,2044,1.647,49.0
 2026- 04- 09 12: 04: 21,2047,1.65,49.0
 2026- 04- 09 12: 04: 22,2066,1.665,50.0
 2026- 04- 09 12: 04: 22,2040,1.644,49.0
 2026- 04- 09 12: 04: 23,2081,1.677,50.0
 2026- 04- 09 12: 04: 23,2063,1.662,50.0
 2026- 04- 09 12: 04: 24,2064,1.663,50.0
 2026- 04- 09 12: 04: 24,2015,1.624,49.0
 2026- 04- 09 12: 04: 25,2033,1.638,49.0
 2026- 04- 09 12: 04: 25,1997,1.609,48.0
 2026- 04- 09 12: 04: 26,2019,1.627,49.0
 2026- 04- 09 12: 04: 26,2085,1.68,50.0
 2026- 04- 09 12: 04: 27,2055,1.656,50.0
 2026- 04- 09 12: 04: 27,2071,1.669,50.0
 2026- 04- 09 12: 04: 28,2063,1.662,50.0
 2026- 04- 09 12: 04: 28,2081,1.677,50.0
 2026- 04- 09 12: 04: 29,2053,1.654,50.0
 2026- 04- 09 12: 04: 29,2020,1.628,49.0
 2026- 04- 09 12: 04: 30,2031,1.637,49.0
 2026- 04- 09 12: 04: 30,2022,1.629,49.0
 2026- 04- 09 12: 04: 31,2028,1.634,49.0
 2026- 04- 09 12: 04: 31,1995,1.608,48.0
 2026- 04- 09 12: 04: 32,2045,1.648,49.0
 2026- 04- 09 12: 04: 32,2022,1.629,49.0
 2026- 04- 09 12: 04: 33,2059,1.659,50.0
 2026- 04- 09 12: 04: 33,2021,1.629,49.0
 2026- 04- 09 12: 04: 34,2032,1.638,49.0
 2026- 04- 09 12: 04: 34,2047,1.65,49.0
 2026- 04- 09 12: 04: 35,2036,1.641,49.0
 2026- 04- 09 12: 04: 35,2000,1.612,48.0
 2026- 04- 09 12: 04: 36,2053,1.654,50.0
 2026- 04- 09 12: 04: 36,2055,1.656,50.0
 2026- 04- 09 12: 04: 37,2011,1.621,49.0
 2026- 04- 09 12: 04: 37,2037,1.642,49.0
 2026- 04- 09 12: 04: 38,2064,1.663,50.0
 2026- 04- 09 12: 04: 38,2019,1.627,49.0
 2026- 04- 09 12: 04: 39,2032,1.638,49.0
 2026- 04- 09 12: 04: 39,2009,1.619,49.0
 2026- 04- 09 12: 04: 40,2032,1.638,49.0
 2026- 04- 09 12: 04: 40,2079,1.675,50.0
 2026- 04- 09 12: 04: 41,2011,1.621,49.0
 2026- 04- 09 12: 04: 41,2055,1.656,50.0
 2026- 04- 09 12: 04: 42,2039,1.643,49.0
 2026- 04- 09 12: 04: 42,2009,1.619,49.0
 2026- 04- 09 12: 04: 43,2014,1.623,49.0
 2026- 04- 09 12: 04: 43,2039,1.643,49.0
 2026- 04- 09 12: 04: 44,2043,1.646,49.0
 2026- 04- 09 12: 04: 44,2014,1.623,49.0
 2026- 04- 09 12: 04: 45,2011,1.621,49.0
 2026- 04- 09 12: 04: 45,2047,1.65,49.0
 2026- 04- 09 12: 04: 46,2028,1.634,49.0
 2026- 04- 09 12: 04: 46,2065,1.664,50.0
 2026- 04- 09 12: 04: 47,2059,1.659,50.0
 2026- 04- 09 12: 04: 47,2022,1.629,49.0
 2026- 04- 09 12: 04: 48,2011,1.621,49.0
 2026- 04- 09 12: 04: 48,2020,1.628,49.0
 2026- 04- 09 12: 04: 49,2036,1.641,49.0
 2026- 04- 09 12: 04: 49,2032,1.638,49.0
 2026- 04- 09 12: 04: 50,2058,1.658,50.0
 2026- 04- 09 12: 04: 50,2084,1.679,50.0
 2026- 04- 09 12: 04: 51,2065,1.664,50.0
 2026- 04- 09 12: 04: 51,2035,1.64,49.0
 2026- 04- 09 12: 04: 52,2091,1.685,51.0
 2026- 04- 09 12: 04: 52,2045,1.648,49.0
 2026- 04- 09 12: 04: 53,2023,1.63,49.0
 2026- 04- 09 12: 04: 53,2034,1.639,49.0
 2026- 04- 09 12: 04: 54,2073,1.671,50.0
 2026- 04- 09 12: 04: 54,2064,1.663,50.0
 2026- 04- 09 12: 04: 55,2033,1.638,49.0
 2026- 04- 09 12: 04: 55,2032,1.638,49.0
 2026- 04- 09 12: 04: 56,2067,1.666,50.0
 2026- 04- 09 12: 04: 56,2038,1.642,49.0
 2026- 04- 09 12: 04: 57,2045,1.648,49.0
 2026- 04- 09 12: 04: 57,2064,1.663,50.0
 2026- 04- 09 12: 04: 58,2033,1.638,49.0
 2026- 04- 09 12: 04: 58,2032,1.638,49.0
 2026- 04- 09 12: 04: 59,2019,1.627,49.0
 2026- 04- 09 12: 04: 59,2033,1.638,49.0
 2026- 04- 09 12: 05: 00,2011,1.621,49.0
 2026- 04- 09 12: 05: 00,2046,1.649,49.0
 2026- 04- 09 12: 05: 01,2047,1.65,49.0
 2026- 04- 09 12: 05: 01,2065,1.664,50.0
 2026- 04- 09 12: 05: 02,2086,1.681,50.0
 2026- 04- 09 12: 05: 02,2047,1.65,49.0
 2026- 04- 09 12: 05: 03,2053,1.654,50.0
 2026- 04- 09 12: 05: 03,2014,1.623,49.0
 2026- 04- 09 12: 05: 04,1998,1.61,48.0
 2026- 04- 09 12: 05: 04,2031,1.637,49.0
 2026- 04- 09 12: 05: 05,2044,1.647,49.0
 2026- 04- 09 12: 05: 05,2062,1.662,50.0
 2026- 04- 09 12: 05: 06,2047,1.65,49.0
 2026- 04- 09 12: 05: 06,2032,1.638,49.0
 2026- 04- 09 12: 05: 07,2032,1.638,49.0
 2026- 04- 09 12: 05: 07,2045,1.648,49.0
 2026- 04- 09 12: 05: 08,2067,1.666,50.0
 2026- 04- 09 12: 05: 08,2017,1.625,49.0
 2026- 04- 09 12: 05: 09,2058,1.658,50.0
 2026- 04- 09 12: 05: 09,2047,1.65,49.0
 2026- 04- 09 12: 05: 10,2073,1.671,50.0
 2026- 04- 09 12: 05: 10,2046,1.649,49.0
 2026- 04- 09 12: 05: 11,2092,1.686,51.0
 2026- 04- 09 12: 05: 11,2063,1.662,50.0
 2026- 04- 09 12: 05: 12,2035,1.64,49.0
 2026- 04- 09 12: 05: 12,2029,1.635,49.0
 2026- 04- 09 12: 05: 13,2033,1.638,49.0
 2026- 04- 09 12: 05: 13,2061,1.661,50.0
 2026- 04- 09 12: 05: 14,2041,1.645,49.0
 2026- 04- 09 12: 05: 14,2012,1.621,49.0
 2026- 04- 09 12: 05: 15,2026,1.633,49.0
 2026- 04- 09 12: 05: 15,2042,1.646,49.0
 2026- 04- 09 12: 05: 16,2047,1.65,49.0
 2026- 04- 09 12: 05: 16,2033,1.638,49.0
 2026- 04- 09 12: 05: 17,2026,1.633,49.0
 2026- 04- 09 12: 05: 17,2055,1.656,50.0
 2026- 04- 09 12: 05: 18,2059,1.659,50.0
 2026- 04- 09 12: 05: 18,2047,1.65,49.0
 2026- 04- 09 12: 05: 19,2063,1.662,50.0
 2026- 04- 09 12: 05: 19,2047,1.65,49.0
 2026- 04- 09 12: 05: 20,2019,1.627,49.0
 2026- 04- 09 12: 05: 20,2045,1.648,49.0
 2026- 04- 09 12: 05: 21,2054,1.655,50.0
 2026- 04- 09 12: 05: 21,2055,1.656,50.0
 2026- 04- 09 12: 05: 22,2013,1.622,49.0
 2026- 04- 09 12: 05: 22,2047,1.65,49.0
 2026- 04- 09 12: 05: 23,2072,1.67,50.0
 2026- 04- 09 12: 05: 23,2064,1.663,50.0
 2026- 04- 09 12: 05: 24,2036,1.641,49.0
 2026- 04- 09 12: 05: 24,2032,1.638,49.0
 2026- 04- 09 12: 05: 25,2041,1.645,49.0
 2026- 04- 09 12: 05: 25,2019,1.627,49.0
 2026- 04- 09 12: 05: 26,2065,1.664,50.0
 2026- 04- 09 12: 05: 26,2058,1.658,50.0
 2026- 04- 09 12: 05: 27,2067,1.666,50.0
 2026- 04- 09 12: 05: 27,2009,1.619,49.0
 2026- 04- 09 12: 05: 28,2043,1.646,49.0
 2026- 04- 09 12: 05: 28,2023,1.63,49.0
 2026- 04- 09 12: 05: 29,2027,1.633,49.0
 2026- 04- 09 12: 05: 29,2026,1.633,49.0
 2026- 04- 09 12: 05: 30,2064,1.663,50.0
 2026- 04- 09 12: 05: 30,2034,1.639,49.0
 2026- 04- 09 12: 05: 31,2069,1.667,50.0
 2026- 04- 09 12: 05: 31,2033,1.638,49.0
 2026- 04- 09 12: 05: 32,2018,1.626,49.0
 2026- 04- 09 12: 05: 32,2031,1.637,49.0
 2026- 04- 09 12: 05: 33,1976,1.592,48.0
 2026- 04- 09 12: 05: 33,2064,1.663,50.0
 2026- 04- 09 12: 05: 34,2064,1.663,50.0
 2026- 04- 09 12: 05: 34,2026,1.633,49.0
 2026- 04- 09 12: 05: 35,2001,1.613,48.0
 2026- 04- 09 12: 05: 35,2109,1.7,51.0
 2026- 04- 09 12: 05: 36,1535,1.237,37.0
 2026- 04- 09 12: 05: 36,1362,1.098,33.0
 2026- 04- 09 12: 05: 37,780,0.629,19.0
 2026- 04- 09 12: 05: 37,0,0.0,0.0
 2026- 04- 09 12: 05: 38,978,0.788,23.0
 2026- 04- 09 12: 05: 38,2073,1.671,50.0
 2026- 04- 09 12: 05: 39,1144,0.922,27.0
 2026- 04- 09 12: 05: 39,0,0.0,0.0
 2026- 04- 09 12: 05: 40,791,0.637,19.0
 2026- 04- 09 12: 05: 40,2155,1.737,52.0
 2026- 04- 09 12: 05: 41,931,0.75,22.0
 2026- 04- 09 12: 05: 41,234,0.189,5.0
 2026- 04- 09 12: 05: 42,336,0.271,8.0
 2026- 04- 09 12: 05: 42,0,0.0,0.0
 2026- 04- 09 12: 05: 43,0,0.0,0.0
 2026- 04- 09 12: 05: 43,0,0.0,0.0
 2026- 04- 09 12: 05: 44,0,0.0,0.0
 2026- 04- 09 12: 05: 44,0,0.0,0.0
 2026- 04- 09 12: 05: 45,0,0.0,0.0
 2026- 04- 09 12: 05: 45,0,0.0,0.0
 2026- 04- 09 12: 05: 46,0,0.0,0.0
 2026- 04- 09 12: 05: 46,0,0.0,0.0
 2026- 04- 09 12: 05: 47,0,0.0,0.0
 2026- 04- 09 12: 05: 47,0,0.0,0.0
 2026- 04- 09 12: 05: 48,0,0.0,0.0
 2026- 04- 09 12: 05: 48,0,0.0,0.0
 2026- 04- 09 12: 05: 49,0,0.0,0.0
 2026- 04- 09 12: 05: 49,0,0.0,0.0
 2026- 04- 09 12: 05: 50,406,0.327,9.0
 2026- 04- 09 12: 05: 50,1280,1.032,31.0
 2026- 04- 09 12: 05: 51,1331,1.073,32.0
 2026- 04- 09 12: 05: 51,1315,1.06,32.0
 2026- 04- 09 12: 05: 52,1343,1.082,32.0
 2026- 04- 09 12: 05: 52,1287,1.037,31.0
 2026- 04- 09 12: 05: 53,1316,1.061,32.0
 2026- 04- 09 12: 05: 53,1347,1.085,32.0
 2026- 04- 09 12: 05: 54,1263,1.018,30.0
 2026- 04- 09 12: 05: 54,1355,1.092,33.0
 2026- 04- 09 12: 05: 55,1350,1.088,32.0
 2026- 04- 09 12: 05: 55,1315,1.06,32.0
 2026- 04- 09 12: 05: 56,1323,1.066,32.0
 2026- 04- 09 12: 05: 56,1331,1.073,32.0
 2026- 04- 09 12: 05: 57,1333,1.074,32.0
 2026- 04- 09 12: 05: 57,1334,1.075,32.0
 2026- 04- 09 12: 05: 58,1329,1.071,32.0
 2026- 04- 09 12: 05: 58,1312,1.057,32.0
 2026- 04- 09 12: 05: 59,1311,1.056,32.0
 2026- 04- 09 12: 05: 59,1327,1.069,32.0
 2026- 04- 09 12: 06: 00,1347,1.085,32.0
 2026- 04- 09 12: 06: 00,1321,1.065,32.0
 2026- 04- 09 12: 06: 01,1325,1.068,32.0
 2026- 04- 09 12: 06: 01,1343,1.082,32.0
 2026- 04- 09 12: 06: 02,1345,1.084,32.0
 2026- 04- 09 12: 06: 02,1283,1.034,31.0
 2026- 04- 09 12: 06: 03,1322,1.065,32.0
 2026- 04- 09 12: 06: 03,1296,1.044,31.0
 2026- 04- 09 12: 06: 04,1339,1.079,32.0
 2026- 04- 09 12: 06: 04,1340,1.08,32.0
 2026- 04- 09 12: 06: 05,1344,1.083,32.0
 2026- 04- 09 12: 06: 05,1337,1.077,32.0
 2026- 04- 09 12: 06: 06,1296,1.044,31.0
 2026- 04- 09 12: 06: 06,1300,1.048,31.0
 2026- 04- 09 12: 06: 07,1290,1.04,31.0
 2026- 04- 09 12: 06: 07,1306,1.052,31.0
 2026- 04- 09 12: 06: 08,1375,1.108,33.0
 2026- 04- 09 12: 06: 08,1338,1.078,32.0
 2026- 04- 09 12: 06: 09,1344,1.083,32.0
 2026- 04- 09 12: 06: 09,1331,1.073,32.0
 2026- 04- 09 12: 06: 10,1309,1.055,31.0
 2026- 04- 09 12: 06: 10,1315,1.06,32.0
 2026- 04- 09 12: 06: 11,1360,1.096,33.0
 2026- 04- 09 12: 06: 11,1341,1.081,32.0
 2026- 04- 09 12: 06: 12,1344,1.083,32.0
 2026- 04- 09 12: 06: 12,1363,1.098,33.0
 2026- 04- 09 12: 06: 13,1278,1.03,31.0
 2026- 04- 09 12: 06: 13,1371,1.105,33.0
 2026- 04- 09 12: 06: 14,1360,1.096,33.0
 2026- 04- 09 12: 06: 14,1330,1.072,32.0
 2026- 04- 09 12: 06: 15,1337,1.077,32.0
 2026- 04- 09 12: 06: 15,1317,1.061,32.0
 2026- 04- 09 12: 06: 16,1323,1.066,32.0
 2026- 04- 09 12: 06: 16,1312,1.057,32.0
 2026- 04- 09 12: 06: 17,1329,1.071,32.0
 2026- 04- 09 12: 06: 17,1360,1.096,33.0
 2026- 04- 09 12: 06: 18,1313,1.058,32.0
 2026- 04- 09 12: 06: 18,1328,1.07,32.0
 2026- 04- 09 12: 06: 19,1297,1.045,31.0
 2026- 04- 09 12: 06: 19,1299,1.047,31.0
 2026- 04- 09 12: 06: 20,1389,1.119,33.0
 2026- 04- 09 12: 06: 20,1315,1.06,32.0
 2026- 04- 09 12: 06: 21,1331,1.073,32.0
 2026- 04- 09 12: 06: 21,1342,1.081,32.0
 2026- 04- 09 12: 06: 22,1334,1.075,32.0
 2026- 04- 09 12: 06: 22,1314,1.059,32.0
 2026- 04- 09 12: 06: 23,1329,1.071,32.0
 2026- 04- 09 12: 06: 23,1355,1.092,33.0
 2026- 04- 09 12: 06: 24,1330,1.072,32.0
 2026- 04- 09 12: 06: 24,1342,1.081,32.0
 2026- 04- 09 12: 06: 25,1328,1.07,32.0
 2026- 04- 09 12: 06: 25,1280,1.032,31.0
 2026- 04- 09 12: 06: 26,1352,1.09,33.0
 2026- 04- 09 12: 06: 26,1297,1.045,31.0
 2026- 04- 09 12: 06: 27,1344,1.083,32.0
 2026- 04- 09 12: 06: 27,1328,1.07,32.0
 2026- 04- 09 12: 06: 28,1321,1.065,32.0
 2026- 04- 09 12: 06: 28,1346,1.085,32.0
 2026- 04- 09 12: 06: 29,1317,1.061,32.0
 2026- 04- 09 12: 06: 29,1331,1.073,32.0
 2026- 04- 09 12: 06: 30,1344,1.083,32.0
 2026- 04- 09 12: 06: 30,1359,1.095,33.0
 2026- 04- 09 12: 06: 31,1341,1.081,32.0
 2026- 04- 09 12: 06: 31,1315,1.06,32.0
 2026- 04- 09 12: 06: 32,1322,1.065,32.0
 2026- 04- 09 12: 06: 32,1328,1.07,32.0
 2026- 04- 09 12: 06: 33,1321,1.065,32.0
 2026- 04- 09 12: 06: 33,1359,1.095,33.0
 2026- 04- 09 12: 06: 34,1329,1.071,32.0
 2026- 04- 09 12: 06: 34,1321,1.065,32.0
 2026- 04- 09 12: 06: 35,1341,1.081,32.0
 2026- 04- 09 12: 06: 35,1345,1.084,32.0
 2026- 04- 09 12: 06: 36,1328,1.07,32.0
 2026- 04- 09 12: 06: 36,1351,1.089,32.0
 2026- 04- 09 12: 06: 37,1302,1.049,31.0
 2026- 04- 09 12: 06: 37,1297,1.045,31.0
 2026- 04- 09 12: 06: 38,1290,1.04,31.0
 2026- 04- 09 12: 06: 38,1296,1.044,31.0
 2026- 04- 09 12: 06: 39,1364,1.099,33.0
 2026- 04- 09 12: 06: 39,1350,1.088,32.0
 2026- 04- 09 12: 06: 40,1303,1.05,31.0
 2026- 04- 09 12: 06: 40,1311,1.056,32.0
 2026- 04- 09 12: 06: 41,1353,1.09,33.0
 2026- 04- 09 12: 06: 41,1310,1.056,31.0
 2026- 04- 09 12: 06: 42,1314,1.059,32.0
 2026- 04- 09 12: 06: 42,1307,1.053,31.0
 2026- 04- 09 12: 06: 43,1335,1.076,32.0
 2026- 04- 09 12: 06: 43,1313,1.058,32.0
 2026- 04- 09 12: 06: 44,1332,1.073,32.0
 2026- 04- 09 12: 06: 44,1280,1.032,31.0
 2026- 04- 09 12: 06: 45,1306,1.052,31.0
 2026- 04- 09 12: 06: 45,1299,1.047,31.0
 2026- 04- 09 12: 06: 46,1367,1.102,33.0
 2026- 04- 09 12: 06: 46,1315,1.06,32.0
 2026- 04- 09 12: 06: 47,1324,1.067,32.0
 2026- 04- 09 12: 06: 47,1313,1.058,32.0
 2026- 04- 09 12: 06: 48,1316,1.061,32.0
 2026- 04- 09 12: 06: 48,1327,1.069,32.0
 2026- 04- 09 12: 08: 05,2155,1.737,52.0
 2026- 04- 09 12: 08: 05,2149,1.732,52.0
 2026- 04- 09 12: 08: 05,2134,1.72,52.0
 2026- 04- 09 12: 08: 06,2166,1.745,52.0
 2026- 04- 09 12: 08: 06,2141,1.725,52.0
 2026- 04- 09 12: 08: 07,2130,1.716,52.0
 2026- 04- 09 12: 08: 07,2160,1.741,52.0
 2026- 04- 09 12: 08: 08,2127,1.714,51.0
 2026- 04- 09 12: 08: 08,2160,1.741,52.0
 2026- 04- 09 12: 08: 09,2161,1.741,52.0
 2026- 04- 09 12: 08: 09,2144,1.728,52.0
 2026- 04- 09 12: 08: 10,2153,1.735,52.0
 2026- 04- 09 12: 08: 10,2178,1.755,53.0
 2026- 04- 09 12: 08: 11,2147,1.73,52.0
 2026- 04- 09 12: 08: 11,2147,1.73,52.0
 2026- 04- 09 12: 08: 12,2162,1.742,52.0
 2026- 04- 09 12: 08: 12,2169,1.748,52.0
 2026- 04- 09 12: 08: 13,2146,1.729,52.0
 2026- 04- 09 12: 08: 13,2172,1.75,53.0
 2026- 04- 09 12: 08: 14,2161,1.741,52.0
 2026- 04- 09 12: 08: 14,2189,1.764,53.0
 2026- 04- 09 12: 08: 15,2127,1.714,51.0
 2026- 04- 09 12: 08: 15,2175,1.753,53.0
 2026- 04- 09 12: 08: 16,2118,1.707,51.0
 2026- 04- 09 12: 08: 16,2171,1.75,53.0
 2026- 04- 09 12: 08: 17,2137,1.722,52.0
 2026- 04- 09 12: 08: 17,2192,1.766,53.0
 2026- 04- 09 12: 08: 18,2096,1.689,51.0
 2026- 04- 09 12: 08: 18,2107,1.698,51.0
 2026- 04- 09 12: 08: 19,2153,1.735,52.0
 2026- 04- 09 12: 08: 19,2116,1.705,51.0
 2026- 04- 09 12: 08: 20,2130,1.716,52.0
 2026- 04- 09 12: 08: 20,2133,1.719,52.0
 2026- 04- 09 12: 08: 21,2160,1.741,52.0
 2026- 04- 09 12: 08: 21,2127,1.714,51.0
 2026- 04- 09 12: 08: 22,2207,1.779,53.0
 2026- 04- 09 12: 08: 22,2103,1.695,51.0
 2026- 04- 09 12: 08: 23,2128,1.715,51.0
 2026- 04- 09 12: 08: 23,2183,1.759,53.0
 2026- 04- 09 12: 08: 24,2167,1.746,52.0
 2026- 04- 09 12: 08: 24,2158,1.739,52.0
 2026- 04- 09 12: 08: 25,2160,1.741,52.0
 2026- 04- 09 12: 08: 25,2126,1.713,51.0
 2026- 04- 09 12: 08: 26,2147,1.73,52.0
 2026- 04- 09 12: 08: 26,2123,1.711,51.0
 2026- 04- 09 12: 08: 27,2167,1.746,52.0
 2026- 04- 09 12: 08: 27,2096,1.689,51.0
 2026- 04- 09 12: 08: 28,2190,1.765,53.0
 2026- 04- 09 12: 08: 28,2191,1.766,53.0
 2026- 04- 09 12: 08: 29,2147,1.73,52.0
 2026- 04- 09 12: 08: 29,2160,1.741,52.0
 2026- 04- 09 12: 08: 30,2126,1.713,51.0
 2026- 04- 09 12: 08: 30,2162,1.742,52.0
 2026- 04- 09 12: 08: 31,2162,1.742,52.0
 2026- 04- 09 12: 08: 31,2173,1.751,53.0
 2026- 04- 09 12: 08: 32,2275,1.833,55.0
 2026- 04- 09 12: 08: 32,1525,1.229,37.0
 2026- 04- 09 12: 08: 33,1072,0.864,26.0
 2026- 04- 09 12: 08: 33,1098,0.885,26.0
 2026- 04- 09 12: 08: 34,1092,0.88,26.0
 2026- 04- 09 12: 08: 34,1136,0.915,27.0
 2026- 04- 09 12: 08: 35,1094,0.882,26.0
 2026- 04- 09 12: 08: 35,1105,0.89,26.0
 2026- 04- 09 12: 08: 36,1147,0.924,28.0
 2026- 04- 09 12: 08: 36,1117,0.9,27.0
 2026- 04- 09 12: 08: 37,1168,0.941,28.0
 2026- 04- 09 12: 08: 37,1123,0.905,27.0
 2026- 04- 09 12: 08: 38,1440,1.16,35.0
 2026- 04- 09 12: 08: 38,1473,1.187,35.0
 2026- 04- 09 12: 08: 39,1441,1.161,35.0
 2026- 04- 09 12: 08: 39,1485,1.197,36.0
 2026- 04- 09 12: 08: 40,1470,1.185,35.0
 2026- 04- 09 12: 08: 40,1505,1.213,36.0
 2026- 04- 09 12: 08: 41,1499,1.208,36.0
 2026- 04- 09 12: 08: 41,1434,1.156,35.0
 2026- 04- 09 12: 08: 42,1467,1.182,35.0
 2026- 04- 09 12: 08: 42,1487,1.198,36.0
 2026- 04- 09 12: 08: 43,1477,1.19,36.0
 2026- 04- 09 12: 08: 43,1457,1.174,35.0
 2026- 04- 09 12: 08: 44,1507,1.214,36.0
 2026- 04- 09 12: 08: 44,1481,1.193,36.0
 2026- 04- 09 12: 08: 45,1465,1.181,35.0
 2026- 04- 09 12: 08: 45,1429,1.152,34.0
 2026- 04- 09 12: 08: 46,1479,1.192,36.0
 2026- 04- 09 12: 08: 46,1453,1.171,35.0
 2026- 04- 09 12: 08: 47,1428,1.151,34.0
 2026- 04- 09 12: 08: 47,1456,1.173,35.0
 2026- 04- 09 12: 08: 48,1501,1.21,36.0
 2026- 04- 09 12: 08: 48,1470,1.185,35.0
 2026- 04- 09 12: 08: 49,1465,1.181,35.0
 2026- 04- 09 12: 08: 49,1440,1.16,35.0
 2026- 04- 09 12: 08: 50,1483,1.195,36.0
 2026- 04- 09 12: 08: 50,1456,1.173,35.0
 2026- 04- 09 12: 08: 51,1475,1.189,36.0
 2026- 04- 09 12: 08: 51,1455,1.173,35.0
 2026- 04- 09 12: 08: 52,1471,1.185,35.0
 2026- 04- 09 12: 08: 52,1454,1.172,35.0
 2026- 04- 09 12: 08: 53,1456,1.173,35.0
 2026- 04- 09 12: 08: 53,1523,1.227,37.0
 2026- 04- 09 12: 08: 54,1455,1.173,35.0
 2026- 04- 09 12: 08: 54,1494,1.204,36.0
 2026- 04- 09 12: 08: 55,1472,1.186,35.0
 2026- 04- 09 12: 08: 55,1472,1.186,35.0
 2026- 04- 09 12: 08: 56,1472,1.186,35.0
 2026- 04- 09 12: 08: 56,1425,1.148,34.0
 2026- 04- 09 12: 08: 57,1447,1.166,35.0
 2026- 04- 09 12: 08: 57,1436,1.157,35.0
 2026- 04- 09 12: 08: 58,1459,1.176,35.0
 2026- 04- 09 12: 08: 58,1469,1.184,35.0
 2026- 04- 09 12: 08: 59,1473,1.187,35.0
 2026- 04- 09 12: 08: 59,1476,1.189,36.0
 2026- 04- 09 12: 09: 00,1472,1.186,35.0
 2026- 04- 09 12: 09: 00,1468,1.183,35.0
 2026- 04- 09 12: 09: 01,1469,1.184,35.0
 2026- 04- 09 12: 09: 01,1458,1.175,35.0
 2026- 04- 09 12: 09: 02,1520,1.225,37.0
 2026- 04- 09 12: 09: 02,1438,1.159,35.0
 2026- 04- 09 12: 09: 03,1488,1.199,36.0
 2026- 04- 09 12: 09: 03,1462,1.178,35.0
 2026- 04- 09 12: 09: 04,1486,1.198,36.0
 2026- 04- 09 12: 09: 04,1450,1.168,35.0
 2026- 04- 09 12: 09: 05,1456,1.173,35.0
 2026- 04- 09 12: 09: 05,1469,1.184,35.0
 2026- 04- 09 12: 09: 06,1465,1.181,35.0
 2026- 04- 09 12: 09: 06,1498,1.207,36.0
 2026- 04- 09 12: 09: 07,1483,1.195,36.0
 2026- 04- 09 12: 09: 07,1479,1.192,36.0
 2026- 04- 09 12: 09: 08,1446,1.165,35.0
 2026- 04- 09 12: 09: 08,1445,1.164,35.0
 2026- 04- 09 12: 09: 09,1482,1.194,36.0
 2026- 04- 09 12: 09: 09,1466,1.181,35.0
 2026- 04- 09 12: 09: 10,1441,1.161,35.0
 2026- 04- 09 12: 09: 10,1470,1.185,35.0
 2026- 04- 09 12: 09: 11,1461,1.177,35.0
 2026- 04- 09 12: 09: 11,1475,1.189,36.0
 2026- 04- 09 12: 09: 12,1461,1.177,35.0
 2026- 04- 09 12: 09: 12,1449,1.168,35.0
 2026- 04- 09 12: 09: 13,1487,1.198,36.0
 2026- 04- 09 12: 09: 13,1459,1.176,35.0
 2026- 04- 09 12: 09: 14,1489,1.2,36.0
 2026- 04- 09 12: 09: 14,1483,1.195,36.0
 2026- 04- 09 12: 09: 15,1458,1.175,35.0
 2026- 04- 09 12: 09: 15,1433,1.155,34.0
 2026- 04- 09 12: 09: 16,1472,1.186,35.0
 2026- 04- 09 12: 09: 16,1507,1.214,36.0
 2026- 04- 09 12: 09: 17,1468,1.183,35.0
 2026- 04- 09 12: 09: 17,1485,1.197,36.0
 2026- 04- 09 12: 09: 18,1493,1.203,36.0
 2026- 04- 09 12: 09: 18,1473,1.187,35.0
 2026- 04- 09 12: 09: 19,1491,1.202,36.0
 2026- 04- 09 12: 09: 19,1455,1.173,35.0
 2026- 04- 09 12: 09: 20,1471,1.185,35.0
 2026- 04- 09 12: 09: 20,1480,1.193,36.0
 2026- 04- 09 12: 09: 21,1467,1.182,35.0
 2026- 04- 09 12: 09: 21,1482,1.194,36.0
 2026- 04- 09 12: 09: 22,1487,1.198,36.0
 2026- 04- 09 12: 09: 22,1471,1.185,35.0
 2026- 04- 09 12: 09: 23,1487,1.198,36.0
 2026- 04- 09 12: 09: 23,1472,1.186,35.0
 2026- 04- 09 12: 09: 24,1478,1.191,36.0
 2026- 04- 09 12: 09: 24,1491,1.202,36.0
 2026- 04- 09 12: 09: 25,1454,1.172,35.0
 2026- 04- 09 12: 09: 25,1455,1.173,35.0
 2026- 04- 09 12: 09: 26,1493,1.203,36.0
 2026- 04- 09 12: 09: 26,1424,1.148,34.0
 2026- 04- 09 12: 09: 27,1502,1.21,36.0
 2026- 04- 09 12: 09: 27,1491,1.202,36.0
 2026- 04- 09 12: 09: 28,1465,1.181,35.0
 2026- 04- 09 12: 09: 28,1451,1.169,35.0
 2026- 04- 09 12: 09: 29,1475,1.189,36.0
 2026- 04- 09 12: 09: 29,1467,1.182,35.0
 2026- 04- 09 12: 09: 30,1487,1.198,36.0
 2026- 04- 09 12: 09: 30,1474,1.188,35.0
 2026- 04- 09 12: 09: 31,1470,1.185,35.0
 2026- 04- 09 12: 09: 31,1449,1.168,35.0
 2026- 04- 09 12: 09: 32,1487,1.198,36.0
 2026- 04- 09 12: 09: 32,1483,1.195,36.0
 2026- 04- 09 12: 09: 33,1465,1.181,35.0
 2026- 04- 09 12: 09: 33,1455,1.173,35.0
 2026- 04- 09 12: 09: 34,1473,1.187,35.0
 2026- 04- 09 12: 09: 34,1477,1.19,36.0
 2026- 04- 09 12: 09: 35,1507,1.214,36.0
 2026- 04- 09 12: 09: 35,1456,1.173,35.0
 2026- 04- 09 12: 09: 36,1462,1.178,35.0
 2026- 04- 09 12: 09: 36,1443,1.163,35.0
 2026- 04- 09 12: 09: 37,1491,1.202,36.0
 2026- 04- 09 12: 09: 37,1460,1.177,35.0
 2026- 04- 09 12: 09: 38,1456,1.173,35.0
 2026- 04- 09 12: 09: 38,1461,1.177,35.0
 2026- 04- 09 12: 09: 39,1461,1.177,35.0
 2026- 04- 09 12: 09: 39,1447,1.166,35.0
 2026- 04- 09 12: 09: 40,1461,1.177,35.0
 2026- 04- 09 12: 09: 40,1470,1.185,35.0
 2026- 04- 09 12: 09: 41,1472,1.186,35.0
 2026- 04- 09 12: 09: 41,1456,1.173,35.0
 2026- 04- 09 12: 09: 42,1496,1.206,36.0
 2026- 04- 09 12: 09: 42,1472,1.186,35.0
 2026- 04- 09 12: 09: 43,1470,1.185,35.0
 2026- 04- 09 12: 09: 43,1481,1.193,36.0
 2026- 04- 09 12: 09: 44,1517,1.222,37.0
 2026- 04- 09 12: 09: 44,1493,1.203,36.0
 2026- 04- 09 12: 09: 45,1473,1.187,35.0
 2026- 04- 09 12: 09: 45,1490,1.201,36.0
 2026- 04- 09 12: 09: 46,1499,1.208,36.0
 2026- 04- 09 12: 09: 46,1467,1.182,35.0
 2026- 04- 09 12: 09: 47,1399,1.127,34.0
 2026- 04- 09 12: 09: 47,1436,1.157,35.0
 2026- 04- 09 12: 09: 48,1461,1.177,35.0
 2026- 04- 09 12: 09: 48,1463,1.179,35.0
 2026- 04- 09 12: 09: 49,1487,1.198,36.0
 2026- 04- 09 12: 09: 49,1479,1.192,36.0
 2026- 04- 09 12: 09: 50,1479,1.192,36.0
 2026- 04- 09 12: 09: 50,1406,1.133,34.0
 2026- 04- 09 12: 09: 51,1488,1.199,36.0
 2026- 04- 09 12: 09: 51,1446,1.165,35.0
 2026- 04- 09 12: 09: 52,1436,1.157,35.0
 2026- 04- 09 12: 09: 52,1515,1.221,36.0
 2026- 04- 09 12: 09: 53,1455,1.173,35.0
 2026- 04- 09 12: 09: 53,1450,1.168,35.0
 2026- 04- 09 12: 09: 54,1428,1.151,34.0
 2026- 04- 09 12: 09: 54,1463,1.179,35.0
 2026- 04- 09 12: 09: 55,1479,1.192,36.0
 2026- 04- 09 12: 09: 55,1451,1.169,35.0
 2026- 04- 09 12: 09: 56,1472,1.186,35.0
 2026- 04- 09 12: 09: 56,1485,1.197,36.0
 2026- 04- 09 12: 09: 57,1502,1.21,36.0
 2026- 04- 09 12: 09: 57,1446,1.165,35.0
 2026- 04- 09 12: 09: 58,1479,1.192,36.0
 2026- 04- 09 12: 09: 58,1456,1.173,35.0
 2026- 04- 09 12: 09: 59,1483,1.195,36.0
 2026- 04- 09 12: 09: 59,1470,1.185,35.0
 2026- 04- 09 12: 10: 00,1504,1.212,36.0
 2026- 04- 09 12: 10: 00,1447,1.166,35.0
 2026- 04- 09 12: 10: 01,1472,1.186,35.0
 2026- 04- 09 12: 10: 01,1453,1.171,35.0
 2026- 04- 09 12: 10: 02,1460,1.177,35.0
 2026- 04- 09 12: 10: 02,1486,1.198,36.0
 2026- 04- 09 12: 10: 03,1507,1.214,36.0
 2026- 04- 09 12: 10: 03,1466,1.181,35.0
 2026- 04- 09 12: 10: 04,1488,1.199,36.0
 2026- 04- 09 12: 10: 04,1458,1.175,35.0
 2026- 04- 09 12: 10: 05,1495,1.205,36.0
 2026- 04- 09 12: 10: 05,1483,1.195,36.0
 2026- 04- 09 12: 10: 06,1488,1.199,36.0
 2026- 04- 09 12: 10: 06,1478,1.191,36.0
 2026- 04- 09 12: 10: 07,1469,1.184,35.0
 2026- 04- 09 12: 10: 07,1499,1.208,36.0
 2026- 04- 09 12: 10: 08,1479,1.192,36.0
 2026- 04- 09 12: 10: 08,1463,1.179,35.0
 2026- 04- 09 12: 10: 09,1472,1.186,35.0
 2026- 04- 09 12: 10: 09,1488,1.199,36.0
 2026- 04- 09 12: 10: 10,1473,1.187,35.0
 2026- 04- 09 12: 10: 10,1455,1.173,35.0
 2026- 04- 09 12: 10: 11,1478,1.191,36.0
 2026- 04- 09 12: 10: 11,1456,1.173,35.0
 2026- 04- 09 12: 10: 12,1466,1.181,35.0
 2026- 04- 09 12: 10: 12,1461,1.177,35.0
 2026- 04- 09 12: 10: 13,1477,1.19,36.0
 2026- 04- 09 12: 10: 13,1488,1.199,36.0
 2026- 04- 09 12: 10: 14,1449,1.168,35.0
 2026- 04- 09 12: 10: 14,1488,1.199,36.0
 2026- 04- 09 12: 10: 15,1491,1.202,36.0
 2026- 04- 09 12: 10: 15,1488,1.199,36.0
 2026- 04- 09 12: 10: 16,1483,1.195,36.0
 2026- 04- 09 12: 10: 16,1485,1.197,36.0
 2026- 04- 09 12: 10: 17,1495,1.205,36.0
 2026- 04- 09 12: 10: 17,1494,1.204,36.0
 2026- 04- 09 12: 10: 18,1443,1.163,35.0
 2026- 04- 09 12: 10: 18,1467,1.182,35.0
 2026- 04- 09 12: 10: 19,1478,1.191,36.0
 2026- 04- 09 12: 10: 19,1489,1.2,36.0
 2026- 04- 09 12: 10: 20,1488,1.199,36.0
 2026- 04- 09 12: 10: 20,1488,1.199,36.0
 2026- 04- 09 12: 10: 21,1481,1.193,36.0
 2026- 04- 09 12: 10: 21,1497,1.206,36.0
 2026- 04- 09 12: 10: 22,1452,1.17,35.0
 2026- 04- 09 12: 10: 22,1459,1.176,35.0
 2026- 04- 09 12: 10: 23,1482,1.194,36.0
 2026- 04- 09 12: 10: 23,1473,1.187,35.0
 2026- 04- 09 12: 10: 24,1465,1.181,35.0
 2026- 04- 09 12: 10: 24,1517,1.222,37.0
 2026- 04- 09 12: 10: 25,1485,1.197,36.0
 2026- 04- 09 12: 10: 25,1487,1.198,36.0
 2026- 04- 09 12: 10: 26,1482,1.194,36.0
 2026- 04- 09 12: 10: 26,1479,1.192,36.0
 2026- 04- 09 12: 10: 27,1505,1.213,36.0
 2026- 04- 09 12: 10: 27,1488,1.199,36.0
 2026- 04- 09 12: 10: 28,1486,1.198,36.0
 2026- 04- 09 12: 10: 28,1471,1.185,35.0
 2026- 04- 09 12: 10: 29,1482,1.194,36.0
 2026- 04- 09 12: 10: 29,1483,1.195,36.0
 2026- 04- 09 12: 10: 30,1483,1.195,36.0
 2026- 04- 09 12: 10: 30,1468,1.183,35.0
 2026- 04- 09 12: 10: 31,1479,1.192,36.0
 2026- 04- 09 12: 10: 31,1511,1.218,36.0
 2026- 04- 09 12: 10: 32,1488,1.199,36.0
 2026- 04- 09 12: 10: 32,1461,1.177,35.0
 2026- 04- 09 12: 10: 33,1461,1.177,35.0
 2026- 04- 09 12: 10: 33,1439,1.16,35.0
 2026- 04- 09 12: 10: 34,1464,1.18,35.0
 2026- 04- 09 12: 10: 34,1483,1.195,36.0
 2026- 04- 09 12: 10: 35,1488,1.199,36.0
 2026- 04- 09 12: 10: 35,1461,1.177,35.0
 2026- 04- 09 12: 10: 36,1503,1.211,36.0
 2026- 04- 09 12: 10: 36,1467,1.182,35.0
 2026- 04- 09 12: 10: 37,1451,1.169,35.0
 2026- 04- 09 12: 10: 37,1452,1.17,35.0
 2026- 04- 09 12: 10: 38,1455,1.173,35.0
 2026- 04- 09 12: 10: 38,1465,1.181,35.0
 2026- 04- 09 12: 10: 39,1494,1.204,36.0
 2026- 04- 09 12: 10: 39,1442,1.162,35.0
 2026- 04- 09 12: 10: 40,1499,1.208,36.0
 2026- 04- 09 12: 10: 40,1488,1.199,36.0
 2026- 04- 09 12: 10: 41,1449,1.168,35.0
 2026- 04- 09 12: 10: 41,1488,1.199,36.0
 2026- 04- 09 12: 10: 42,1451,1.169,35.0
 2026- 04- 09 12: 10: 42,1469,1.184,35.0
 2026- 04- 09 12: 10: 43,1460,1.177,35.0
 2026- 04- 09 12: 10: 43,1472,1.186,35.0
 2026- 04- 09 12: 10: 44,1500,1.209,36.0
 2026- 04- 09 12: 10: 44,1465,1.181,35.0
 2026- 04- 09 12: 10: 45,1488,1.199,36.0
 2026- 04- 09 12: 10: 45,1477,1.19,36.0
 2026- 04- 09 12: 10: 46,1452,1.17,35.0
 2026- 04- 09 12: 10: 46,1486,1.198,36.0
 2026- 04- 09 12: 10: 47,1491,1.202,36.0
 2026- 04- 09 12: 10: 47,1482,1.194,36.0
 2026- 04- 09 12: 10: 48,1452,1.17,35.0
 2026- 04- 09 12: 10: 48,1470,1.185,35.0
 2026- 04- 09 12: 10: 49,1467,1.182,35.0
 2026- 04- 09 12: 10: 49,1479,1.192,36.0
 2026- 04- 09 12: 10: 50,1471,1.185,35.0
 2026- 04- 09 12: 10: 50,1474,1.188,35.0
 2026- 04- 09 12: 10: 51,1491,1.202,36.0
 2026- 04- 09 12: 10: 51,1443,1.163,35.0
 2026- 04- 09 12: 10: 52,1502,1.21,36.0
 2026- 04- 09 12: 10: 52,1486,1.198,36.0
 2026- 04- 09 12: 10: 53,1453,1.171,35.0
 2026- 04- 09 12: 10: 53,1477,1.19,36.0
 2026- 04- 09 12: 10: 54,1456,1.173,35.0
 2026- 04- 09 12: 10: 54,1456,1.173,35.0
 2026- 04- 09 12: 10: 55,1462,1.178,35.0
 2026- 04- 09 12: 10: 55,1463,1.179,35.0
 2026- 04- 09 12: 10: 56,1472,1.186,35.0
 2026- 04- 09 12: 10: 56,1470,1.185,35.0
 2026- 04- 09 12: 10: 57,1466,1.181,35.0
 2026- 04- 09 12: 10: 57,1456,1.173,35.0
 2026- 04- 09 12: 10: 58,1456,1.173,35.0
 2026- 04- 09 12: 10: 58,1486,1.198,36.0
 2026- 04- 09 12: 10: 59,1490,1.201,36.0
 2026- 04- 09 12: 10: 59,1463,1.179,35.0
 2026- 04- 09 12: 11: 00,1478,1.191,36.0
 2026- 04- 09 12: 11: 00,1448,1.167,35.0
 2026- 04- 09 12: 11: 01,1488,1.199,36.0
 2026- 04- 09 12: 11: 01,1461,1.177,35.0
 2026- 04- 09 12: 11: 02,1504,1.212,36.0
 2026- 04- 09 12: 11: 02,1461,1.177,35.0
 2026- 04- 09 12: 11: 03,1456,1.173,35.0
 2026- 04- 09 12: 11: 03,1455,1.173,35.0
 2026- 04- 09 12: 11: 04,1461,1.177,35.0
 2026- 04- 09 12: 11: 04,1472,1.186,35.0
 2026- 04- 09 12: 11: 05,1503,1.211,36.0
 2026- 04- 09 12: 11: 05,1434,1.156,35.0
 2026- 04- 09 12: 11: 06,1478,1.191,36.0
 2026- 04- 09 12: 11: 06,1472,1.186,35.0
 2026- 04- 09 12: 11: 07,1510,1.217,36.0
 2026- 04- 09 12: 11: 07,1465,1.181,35.0
 2026- 04- 09 12: 11: 08,1468,1.183,35.0
 2026- 04- 09 12: 11: 08,1466,1.181,35.0
 2026- 04- 09 12: 11: 09,1468,1.183,35.0
 2026- 04- 09 12: 11: 09,1456,1.173,35.0
 2026- 04- 09 12: 11: 10,1457,1.174,35.0
 2026- 04- 09 12: 11: 10,1450,1.168,35.0
 2026- 04- 09 12: 11: 11,1424,1.148,34.0
 2026- 04- 09 12: 11: 11,1471,1.185,35.0
 2026- 04- 09 12: 11: 12,1486,1.198,36.0
 2026- 04- 09 12: 11: 12,1453,1.171,35.0
 2026- 04- 09 12: 11: 13,1456,1.173,35.0
 2026- 04- 09 12: 11: 13,1483,1.195,36.0
 2026- 04- 09 12: 11: 14,1473,1.187,35.0
 2026- 04- 09 12: 11: 14,1490,1.201,36.0
 2026- 04- 09 12: 11: 15,1479,1.192,36.0
 2026- 04- 09 12: 11: 15,1439,1.16,35.0
 2026- 04- 09 12: 11: 16,1456,1.173,35.0
 2026- 04- 09 12: 11: 16,1502,1.21,36.0
 2026- 04- 09 12: 11: 17,1473,1.187,35.0
 2026- 04- 09 12: 11: 17,1488,1.199,36.0
 2026- 04- 09 12: 11: 18,1475,1.189,36.0
 2026- 04- 09 12: 11: 18,1474,1.188,35.0
 2026- 04- 09 12: 11: 19,1456,1.173,35.0
 2026- 04- 09 12: 11: 19,1463,1.179,35.0
 2026- 04- 09 12: 11: 20,1433,1.155,34.0
 2026- 04- 09 12: 11: 20,1467,1.182,35.0
 2026- 04- 09 12: 11: 21,1490,1.201,36.0
 2026- 04- 09 12: 11: 21,1462,1.178,35.0
 2026- 04- 09 12: 11: 22,1466,1.181,35.0
 2026- 04- 09 12: 11: 22,1452,1.17,35.0
 2026- 04- 09 12: 11: 23,1478,1.191,36.0
 2026- 04- 09 12: 11: 23,1469,1.184,35.0
 2026- 04- 09 12: 11: 24,1467,1.182,35.0
 2026- 04- 09 12: 11: 24,1500,1.209,36.0
 2026- 04- 09 12: 11: 25,1490,1.201,36.0
 2026- 04- 09 12: 11: 25,1459,1.176,35.0
 2026- 04- 09 12: 11: 26,1483,1.195,36.0
 2026- 04- 09 12: 11: 26,1472,1.186,35.0
 2026- 04- 09 12: 11: 27,1488,1.199,36.0
 2026- 04- 09 12: 11: 27,1494,1.204,36.0
 2026- 04- 09 12: 11: 28,1466,1.181,35.0
 2026- 04- 09 12: 11: 28,1486,1.198,36.0
 2026- 04- 09 12: 11: 29,1477,1.19,36.0
 2026- 04- 09 12: 11: 29,1449,1.168,35.0
 2026- 04- 09 12: 11: 30,1452,1.17,35.0
 2026- 04- 09 12: 11: 30,1428,1.151,34.0
 2026- 04- 09 12: 11: 31,1453,1.171,35.0
 2026- 04- 09 12: 11: 31,1449,1.168,35.0
 2026- 04- 09 12: 11: 32,1428,1.151,34.0
 2026- 04- 09 12: 11: 32,1485,1.197,36.0
 2026- 04- 09 12: 11: 33,1456,1.173,35.0
 2026- 04- 09 12: 11: 33,1488,1.199,36.0
 2026- 04- 09 12: 11: 34,1477,1.19,36.0
 2026- 04- 09 12: 11: 34,1481,1.193,36.0
 2026- 04- 09 12: 11: 35,1469,1.184,35.0
 2026- 04- 09 12: 11: 35,1455,1.173,35.0
 2026- 04- 09 12: 11: 36,1450,1.168,35.0
 2026- 04- 09 12: 11: 36,1433,1.155,34.0
 2026- 04- 09 12: 11: 37,1453,1.171,35.0
 2026- 04- 09 12: 11: 37,1489,1.2,36.0
 2026- 04- 09 12: 11: 38,1456,1.173,35.0
 2026- 04- 09 12: 11: 38,1458,1.175,35.0
 2026- 04- 09 12: 11: 39,1471,1.185,35.0
 2026- 04- 09 12: 11: 39,1489,1.2,36.0
 2026- 04- 09 12: 11: 40,1452,1.17,35.0
 2026- 04- 09 12: 11: 40,1443,1.163,35.0
 2026- 04- 09 12: 11: 41,1466,1.181,35.0
 2026- 04- 09 12: 11: 41,1449,1.168,35.0
 2026- 04- 09 12: 11: 42,1491,1.202,36.0
 2026- 04- 09 12: 11: 42,1459,1.176,35.0
 2026- 04- 09 12: 11: 43,1470,1.185,35.0
 2026- 04- 09 12: 11: 43,1511,1.218,36.0
 2026- 04- 09 12: 11: 44,1456,1.173,35.0
 2026- 04- 09 12: 11: 44,1451,1.169,35.0
 2026- 04- 09 12: 11: 45,1476,1.189,36.0
 2026- 04- 09 12: 11: 45,1474,1.188,35.0
 2026- 04- 09 12: 11: 46,1491,1.202,36.0
 2026- 04- 09 12: 11: 46,1474,1.188,35.0
 2026- 04- 09 12: 11: 47,1472,1.186,35.0
 2026- 04- 09 12: 11: 47,1499,1.208,36.0
 2026- 04- 09 12: 11: 48,1491,1.202,36.0
 2026- 04- 09 12: 11: 48,1455,1.173,35.0
 2026- 04- 09 12: 11: 49,1456,1.173,35.0
 2026- 04- 09 12: 11: 49,1489,1.2,36.0
 2026- 04- 09 12: 11: 50,1458,1.175,35.0
 2026- 04- 09 12: 11: 50,1462,1.178,35.0
 2026- 04- 09 12: 11: 51,1490,1.201,36.0
 2026- 04- 09 12: 11: 51,1487,1.198,36.0
 2026- 04- 09 12: 11: 52,1478,1.191,36.0
 2026- 04- 09 12: 11: 52,1453,1.171,35.0
 2026- 04- 09 12: 11: 53,1482,1.194,36.0
 2026- 04- 09 12: 11: 53,1487,1.198,36.0
 2026- 04- 09 12: 11: 54,1467,1.182,35.0
 2026- 04- 09 12: 11: 54,1486,1.198,36.0
 2026- 04- 09 12: 11: 55,1481,1.193,36.0
 2026- 04- 09 12: 11: 55,1457,1.174,35.0
 2026- 04- 09 12: 11: 56,1497,1.206,36.0
 2026- 04- 09 12: 11: 56,1434,1.156,35.0
 2026- 04- 09 12: 11: 57,1480,1.193,36.0
 2026- 04- 09 12: 11: 57,1474,1.188,35.0
 2026- 04- 09 12: 11: 58,1470,1.185,35.0
 2026- 04- 09 12: 11: 58,1461,1.177,35.0
 2026- 04- 09 12: 11: 59,1454,1.172,35.0
 2026- 04- 09 12: 11: 59,1459,1.176,35.0
 2026- 04- 09 12: 12: 00,1488,1.199,36.0
 2026- 04- 09 12: 12: 00,1446,1.165,35.0
 2026- 04- 09 12: 12: 01,1471,1.185,35.0
 2026- 04- 09 12: 12: 01,1475,1.189,36.0
 2026- 04- 09 12: 12: 02,1450,1.168,35.0
 2026- 04- 09 12: 12: 02,1475,1.189,36.0
 2026- 04- 09 12: 12: 03,1503,1.211,36.0
 2026- 04- 09 12: 12: 03,1479,1.192,36.0
 2026- 04- 09 12: 12: 04,1495,1.205,36.0
 2026- 04- 09 12: 12: 04,1462,1.178,35.0
 2026- 04- 09 12: 12: 05,1457,1.174,35.0
 2026- 04- 09 12: 12: 05,1469,1.184,35.0
 2026- 04- 09 12: 12: 06,1474,1.188,35.0
 2026- 04- 09 12: 12: 06,1490,1.201,36.0
 2026- 04- 09 12: 12: 07,1477,1.19,36.0
 2026- 04- 09 12: 12: 07,1484,1.196,36.0
 2026- 04- 09 12: 12: 08,1470,1.185,35.0
 2026- 04- 09 12: 12: 08,1467,1.182,35.0
 2026- 04- 09 12: 12: 09,1443,1.163,35.0
 2026- 04- 09 12: 12: 09,1488,1.199,36.0
 2026- 04- 09 12: 12: 10,1488,1.199,36.0
 2026- 04- 09 12: 12: 10,1430,1.152,34.0
 2026- 04- 09 12: 12: 11,1451,1.169,35.0
 2026- 04- 09 12: 12: 11,1449,1.168,35.0
 2026- 04- 09 12: 12: 12,1472,1.186,35.0
 2026- 04- 09 12: 12: 12,1488,1.199,36.0
 2026- 04- 09 12: 12: 13,1447,1.166,35.0
 2026- 04- 09 12: 12: 13,1484,1.196,36.0
 2026- 04- 09 12: 12: 14,1469,1.184,35.0
 2026- 04- 09 12: 12: 14,1493,1.203,36.0
 2026- 04- 09 12: 12: 15,1487,1.198,36.0
 2026- 04- 09 12: 12: 15,1448,1.167,35.0
 2026- 04- 09 12: 12: 16,1483,1.195,36.0
 2026- 04- 09 12: 12: 16,1463,1.179,35.0
 2026- 04- 09 12: 12: 17,1455,1.173,35.0
 2026- 04- 09 12: 12: 17,1504,1.212,36.0
 2026- 04- 09 12: 12: 18,1488,1.199,36.0
 2026- 04- 09 12: 12: 18,1471,1.185,35.0
 2026- 04- 09 12: 12: 19,1456,1.173,35.0
 2026- 04- 09 12: 12: 19,1456,1.173,35.0
 2026- 04- 09 12: 12: 20,1488,1.199,36.0
 2026- 04- 09 12: 12: 20,1479,1.192,36.0
 2026- 04- 09 12: 12: 21,1490,1.201,36.0
 2026- 04- 09 12: 12: 21,1479,1.192,36.0
 2026- 04- 09 12: 12: 22,1463,1.179,35.0
 2026- 04- 09 12: 12: 22,1447,1.166,35.0
 2026- 04- 09 12: 12: 23,1407,1.134,34.0
 2026- 04- 09 12: 12: 23,1482,1.194,36.0
 2026- 04- 09 12: 12: 24,1499,1.208,36.0
 2026- 04- 09 12: 12: 24,1456,1.173,35.0
 2026- 04- 09 12: 12: 25,1419,1.144,34.0
 2026- 04- 09 12: 12: 25,1470,1.185,35.0
 2026- 04- 09 12: 12: 26,1455,1.173,35.0
 2026- 04- 09 12: 12: 26,1459,1.176,35.0
 2026- 04- 09 12: 12: 27,1463,1.179,35.0
 2026- 04- 09 12: 12: 27,1471,1.185,35.0
 2026- 04- 09 12: 12: 28,1451,1.169,35.0
 2026- 04- 09 12: 12: 28,1472,1.186,35.0
 2026- 04- 09 12: 12: 29,1478,1.191,36.0
 2026- 04- 09 12: 12: 29,1489,1.2,36.0
 2026- 04- 09 12: 12: 30,1454,1.172,35.0
 2026- 04- 09 12: 12: 30,1503,1.211,36.0
 2026- 04- 09 12: 12: 31,1450,1.168,35.0
 2026- 04- 09 12: 12: 31,1454,1.172,35.0
 2026- 04- 09 12: 12: 32,1457,1.174,35.0
 2026- 04- 09 12: 12: 32,1478,1.191,36.0
 2026- 04- 09 12: 12: 33,1489,1.2,36.0
 2026- 04- 09 12: 12: 33,1482,1.194,36.0
 2026- 04- 09 12: 12: 34,1501,1.21,36.0
 2026- 04- 09 12: 12: 34,1465,1.181,35.0
 2026- 04- 09 12: 12: 35,1431,1.153,34.0
 2026- 04- 09 12: 12: 35,1461,1.177,35.0
 2026- 04- 09 12: 12: 36,1462,1.178,35.0
 2026- 04- 09 12: 12: 36,1473,1.187,35.0
 2026- 04- 09 12: 12: 37,1459,1.176,35.0
 2026- 04- 09 12: 12: 37,1505,1.213,36.0
 2026- 04- 09 12: 12: 38,1445,1.164,35.0
 2026- 04- 09 12: 12: 38,1449,1.168,35.0
 2026- 04- 09 12: 12: 39,1472,1.186,35.0
 2026- 04- 09 12: 12: 39,1474,1.188,35.0
 2026- 04- 09 12: 12: 40,1447,1.166,35.0
 2026- 04- 09 12: 12: 40,1481,1.193,36.0
 2026- 04- 09 12: 12: 41,1495,1.205,36.0
 2026- 04- 09 12: 12: 41,1486,1.198,36.0
 2026- 04- 09 12: 12: 42,1451,1.169,35.0
 2026- 04- 09 12: 12: 42,1478,1.191,36.0
 2026- 04- 09 12: 12: 43,1456,1.173,35.0
 2026- 04- 09 12: 12: 43,1505,1.213,36.0
 2026- 04- 09 12: 12: 44,1449,1.168,35.0
 2026- 04- 09 12: 12: 44,1513,1.219,36.0
 2026- 04- 09 12: 12: 45,1461,1.177,35.0
 2026- 04- 09 12: 12: 45,1452,1.17,35.0
 2026- 04- 09 12: 12: 46,1483,1.195,36.0
 2026- 04- 09 12: 12: 46,1462,1.178,35.0
 2026- 04- 09 12: 12: 47,1472,1.186,35.0
 2026- 04- 09 12: 12: 47,1510,1.217,36.0
 2026- 04- 09 12: 12: 48,1427,1.15,34.0
 2026- 04- 09 12: 12: 48,1474,1.188,35.0
 2026- 04- 09 12: 12: 49,1462,1.178,35.0
 2026- 04- 09 12: 12: 49,1456,1.173,35.0
 2026- 04- 09 12: 12: 50,1468,1.183,35.0
 2026- 04- 09 12: 12: 50,1503,1.211,36.0
 2026- 04- 09 12: 12: 51,1488,1.199,36.0
 2026- 04- 09 12: 12: 51,1461,1.177,35.0
 2026- 04- 09 12: 12: 52,1443,1.163,35.0
 2026- 04- 09 12: 12: 52,1447,1.166,35.0
 2026- 04- 09 12: 12: 53,1495,1.205,36.0
 2026- 04- 09 12: 12: 53,1481,1.193,36.0
 2026- 04- 09 12: 12: 54,1479,1.192,36.0
 2026- 04- 09 12: 12: 54,1473,1.187,35.0
 2026- 04- 09 12: 12: 55,1447,1.166,35.0
 2026- 04- 09 12: 12: 55,1461,1.177,35.0
 2026- 04- 09 12: 12: 56,1475,1.189,36.0
 2026- 04- 09 12: 12: 56,1472,1.186,35.0
 2026- 04- 09 12: 12: 57,1487,1.198,36.0
 2026- 04- 09 12: 12: 57,1473,1.187,35.0
 2026- 04- 09 12: 12: 58,1516,1.222,37.0
 2026- 04- 09 12: 12: 58,1520,1.225,37.0
 2026- 04- 09 12: 12: 59,1447,1.166,35.0
 2026- 04- 09 12: 12: 59,1427,1.15,34.0
 2026- 04- 09 12: 13: 00,1493,1.203,36.0
 2026- 04- 09 12: 13: 00,1440,1.16,35.0
 2026- 04- 09 12: 13: 01,1469,1.184,35.0
 2026- 04- 09 12: 13: 01,1474,1.188,35.0
 2026- 04- 09 12: 13: 02,1465,1.181,35.0
 2026- 04- 09 12: 13: 02,1437,1.158,35.0
 2026- 04- 09 12: 13: 03,1467,1.182,35.0
 2026- 04- 09 12: 13: 03,1450,1.168,35.0
 2026- 04- 09 12: 13: 04,1437,1.158,35.0
 2026- 04- 09 12: 13: 04,1453,1.171,35.0
 2026- 04- 09 12: 13: 05,1441,1.161,35.0
 2026- 04- 09 12: 13: 05,1503,1.211,36.0
 2026- 04- 09 12: 13: 06,1469,1.184,35.0
 2026- 04- 09 12: 13: 06,1491,1.202,36.0
 2026- 04- 09 12: 13: 07,1481,1.193,36.0
 2026- 04- 09 12: 13: 07,1462,1.178,35.0
 2026- 04- 09 12: 13: 08,1483,1.195,36.0
 2026- 04- 09 12: 13: 08,1477,1.19,36.0
 2026- 04- 09 12: 13: 09,1457,1.174,35.0
 2026- 04- 09 12: 13: 09,1466,1.181,35.0
 2026- 04- 09 12: 13: 10,1489,1.2,36.0
 2026- 04- 09 12: 13: 10,1493,1.203,36.0
 2026- 04- 09 12: 13: 11,1503,1.211,36.0
 2026- 04- 09 12: 13: 11,1469,1.184,35.0
 2026- 04- 09 12: 13: 12,1487,1.198,36.0
 2026- 04- 09 12: 13: 12,1501,1.21,36.0
 2026- 04- 09 12: 13: 13,1456,1.173,35.0
 2026- 04- 09 12: 13: 13,1478,1.191,36.0
 2026- 04- 09 12: 13: 14,1472,1.186,35.0
 2026- 04- 09 12: 13: 14,1455,1.173,35.0
 2026- 04- 09 12: 13: 15,1472,1.186,35.0
 2026- 04- 09 12: 13: 15,1488,1.199,36.0
 2026- 04- 09 12: 13: 16,1473,1.187,35.0
 2026- 04- 09 12: 13: 16,1471,1.185,35.0
 2026- 04- 09 12: 13: 17,1510,1.217,36.0
 2026- 04- 09 12: 13: 17,1461,1.177,35.0
 2026- 04- 09 12: 13: 18,1478,1.191,36.0
 2026- 04- 09 12: 13: 18,1479,1.192,36.0
 2026- 04- 09 12: 13: 19,1506,1.214,36.0
 2026- 04- 09 12: 13: 19,1473,1.187,35.0
 2026- 04- 09 12: 13: 20,1488,1.199,36.0
 2026- 04- 09 12: 13: 20,1465,1.181,35.0
 2026- 04- 09 12: 13: 21,1467,1.182,35.0
 2026- 04- 09 12: 13: 21,1459,1.176,35.0
 2026- 04- 09 12: 13: 22,1462,1.178,35.0
 2026- 04- 09 12: 13: 22,1456,1.173,35.0
 2026- 04- 09 12: 13: 23,1459,1.176,35.0
 2026- 04- 09 12: 13: 23,1499,1.208,36.0
 2026- 04- 09 12: 13: 24,1467,1.182,35.0
 2026- 04- 09 12: 13: 24,1468,1.183,35.0
 2026- 04- 09 12: 13: 25,1472,1.186,35.0
 2026- 04- 09 12: 13: 25,1453,1.171,35.0
 2026- 04- 09 12: 13: 26,1489,1.2,36.0
 2026- 04- 09 12: 13: 26,1449,1.168,35.0
 2026- 04- 09 12: 13: 27,1485,1.197,36.0
 2026- 04- 09 12: 13: 27,1482,1.194,36.0
 2026- 04- 09 12: 13: 28,1481,1.193,36.0
 2026- 04- 09 12: 13: 28,1456,1.173,35.0
 2026- 04- 09 12: 13: 29,1472,1.186,35.0
 2026- 04- 09 12: 13: 29,1452,1.17,35.0
 2026- 04- 09 12: 13: 30,1470,1.185,35.0
 2026- 04- 09 12: 13: 30,1430,1.152,34.0
 2026- 04- 09 12: 13: 31,1472,1.186,35.0
 2026- 04- 09 12: 13: 31,1472,1.186,35.0
 2026- 04- 09 12: 13: 32,1462,1.178,35.0
 2026- 04- 09 12: 13: 32,1467,1.182,35.0
 2026- 04- 09 12: 13: 33,1472,1.186,35.0
 2026- 04- 09 12: 13: 33,1467,1.182,35.0
 2026- 04- 09 12: 13: 34,1457,1.174,35.0
 2026- 04- 09 12: 13: 34,1498,1.207,36.0
 2026- 04- 09 12: 13: 35,1456,1.173,35.0
 2026- 04- 09 12: 13: 35,1510,1.217,36.0
 2026- 04- 09 12: 13: 36,1491,1.202,36.0
 2026- 04- 09 12: 13: 36,1444,1.164,35.0
 2026- 04- 09 12: 13: 37,1439,1.16,35.0
 2026- 04- 09 12: 13: 37,1478,1.191,36.0
 2026- 04- 09 12: 13: 38,1488,1.199,36.0
 2026- 04- 09 12: 13: 38,1467,1.182,35.0
 2026- 04- 09 12: 13: 39,1472,1.186,35.0
 2026- 04- 09 12: 13: 39,1483,1.195,36.0
 2026- 04- 09 12: 13: 40,1486,1.198,36.0
 2026- 04- 09 12: 13: 40,1475,1.189,36.0
 2026- 04- 09 12: 13: 41,1483,1.195,36.0
 2026- 04- 09 12: 13: 41,1459,1.176,35.0
 2026- 04- 09 12: 13: 42,1453,1.171,35.0
 2026- 04- 09 12: 13: 42,1467,1.182,35.0
 2026- 04- 09 12: 13: 43,1487,1.198,36.0
 2026- 04- 09 12: 13: 43,1458,1.175,35.0
 2026- 04- 09 12: 13: 44,1472,1.186,35.0
 2026- 04- 09 12: 13: 44,1505,1.213,36.0
 2026- 04- 09 12: 13: 45,1431,1.153,34.0
 2026- 04- 09 12: 13: 45,1446,1.165,35.0
 2026- 04- 09 12: 13: 46,1487,1.198,36.0
 2026- 04- 09 12: 13: 46,1462,1.178,35.0
 2026- 04- 09 12: 13: 47,1468,1.183,35.0
 2026- 04- 09 12: 13: 47,1481,1.193,36.0
 2026- 04- 09 12: 13: 48,1457,1.174,35.0
 2026- 04- 09 12: 13: 48,1488,1.199,36.0
 2026- 04- 09 12: 13: 49,1451,1.169,35.0
 2026- 04- 09 12: 13: 49,1482,1.194,36.0
 2026- 04- 09 12: 13: 50,1440,1.16,35.0
 2026- 04- 09 12: 13: 50,1458,1.175,35.0
 2026- 04- 09 12: 13: 51,1459,1.176,35.0
 2026- 04- 09 12: 13: 51,1479,1.192,36.0
 2026- 04- 09 12: 13: 52,1456,1.173,35.0
 2026- 04- 09 12: 13: 52,1495,1.205,36.0
 2026- 04- 09 12: 13: 53,1488,1.199,36.0
 2026- 04- 09 12: 13: 53,1481,1.193,36.0
 2026- 04- 09 12: 13: 54,1463,1.179,35.0
 2026- 04- 09 12: 13: 54,1501,1.21,36.0
 2026- 04- 09 12: 13: 55,1458,1.175,35.0
 2026- 04- 09 12: 13: 55,1472,1.186,35.0
 2026- 04- 09 12: 13: 56,1478,1.191,36.0
 2026- 04- 09 12: 13: 56,1522,1.227,37.0
 2026- 04- 09 12: 13: 57,1465,1.181,35.0
 2026- 04- 09 12: 13: 57,1456,1.173,35.0
 2026- 04- 09 12: 13: 58,1478,1.191,36.0
 2026- 04- 09 12: 13: 58,1472,1.186,35.0
 2026- 04- 09 12: 13: 59,1443,1.163,35.0
 2026- 04- 09 12: 13: 59,1484,1.196,36.0
 2026- 04- 09 12: 14: 00,1455,1.173,35.0
 2026- 04- 09 12: 14: 00,1439,1.16,35.0
 2026- 04- 09 12: 14: 01,1483,1.195,36.0
 2026- 04- 09 12: 14: 01,1437,1.158,35.0
 2026- 04- 09 12: 14: 02,1466,1.181,35.0
 2026- 04- 09 12: 14: 02,1479,1.192,36.0
 2026- 04- 09 12: 14: 03,1479,1.192,36.0
 2026- 04- 09 12: 14: 03,1456,1.173,35.0
 2026- 04- 09 12: 14: 04,1440,1.16,35.0
 2026- 04- 09 12: 14: 04,1454,1.172,35.0
 2026- 04- 09 12: 14: 05,1466,1.181,35.0
 2026- 04- 09 12: 14: 05,1463,1.179,35.0
 2026- 04- 09 12: 14: 06,1472,1.186,35.0
 2026- 04- 09 12: 14: 06,1446,1.165,35.0
 2026- 04- 09 12: 14: 07,1448,1.167,35.0
 2026- 04- 09 12: 14: 07,1456,1.173,35.0
 2026- 04- 09 12: 14: 08,1458,1.175,35.0
 2026- 04- 09 12: 14: 08,1473,1.187,35.0
 2026- 04- 09 12: 14: 09,1474,1.188,35.0
 2026- 04- 09 12: 14: 09,1475,1.189,36.0
 2026- 04- 09 12: 14: 10,1488,1.199,36.0
 2026- 04- 09 12: 14: 10,1455,1.173,35.0
 2026- 04- 09 12: 14: 11,1437,1.158,35.0
 2026- 04- 09 12: 14: 11,1473,1.187,35.0
 2026- 04- 09 12: 14: 12,1489,1.2,36.0
 2026- 04- 09 12: 14: 12,1472,1.186,35.0
 2026- 04- 09 12: 14: 13,1479,1.192,36.0
 2026- 04- 09 12: 14: 13,1446,1.165,35.0
 2026- 04- 09 12: 14: 14,1482,1.194,36.0
 2026- 04- 09 12: 14: 14,1463,1.179,35.0
 2026- 04- 09 12: 14: 15,1456,1.173,35.0
 2026- 04- 09 12: 14: 15,1477,1.19,36.0
 2026- 04- 09 12: 14: 16,1494,1.204,36.0
 2026- 04- 09 12: 14: 16,1483,1.195,36.0
 2026- 04- 09 12: 14: 17,1468,1.183,35.0
 2026- 04- 09 12: 14: 17,1426,1.149,34.0
 2026- 04- 09 12: 14: 18,1468,1.183,35.0
 2026- 04- 09 12: 14: 18,1457,1.174,35.0
 2026- 04- 09 12: 14: 19,1520,1.225,37.0
 2026- 04- 09 12: 14: 19,1456,1.173,35.0
 2026- 04- 09 12: 14: 20,1424,1.148,34.0
 2026- 04- 09 12: 14: 20,1505,1.213,36.0
 2026- 04- 09 12: 14: 21,1431,1.153,34.0
 2026- 04- 09 12: 14: 21,1463,1.179,35.0
 2026- 04- 09 12: 14: 22,1444,1.164,35.0
 2026- 04- 09 12: 14: 22,1505,1.213,36.0
 2026- 04- 09 12: 14: 23,1456,1.173,35.0
 2026- 04- 09 12: 14: 23,1468,1.183,35.0
 2026- 04- 09 12: 14: 24,1439,1.16,35.0
 2026- 04- 09 12: 14: 24,1450,1.168,35.0
 2026- 04- 09 12: 14: 25,1520,1.225,37.0
 2026- 04- 09 12: 14: 25,1499,1.208,36.0
 2026- 04- 09 12: 14: 26,1483,1.195,36.0
 2026- 04- 09 12: 14: 26,1472,1.186,35.0
 2026- 04- 09 12: 14: 27,1509,1.216,36.0
 2026- 04- 09 12: 14: 27,1472,1.186,35.0
 2026- 04- 09 12: 14: 28,1462,1.178,35.0
 2026- 04- 09 12: 14: 28,1523,1.227,37.0
 2026- 04- 09 12: 14: 29,1439,1.16,35.0
 2026- 04- 09 12: 14: 29,1440,1.16,35.0
 2026- 04- 09 12: 14: 30,1472,1.186,35.0
 2026- 04- 09 12: 14: 30,1482,1.194,36.0
 2026- 04- 09 12: 14: 31,1503,1.211,36.0
 2026- 04- 09 12: 14: 31,1472,1.186,35.0
 2026- 04- 09 12: 14: 32,1461,1.177,35.0
 2026- 04- 09 12: 14: 32,1497,1.206,36.0
 2026- 04- 09 12: 14: 33,1457,1.174,35.0
 2026- 04- 09 12: 14: 33,1457,1.174,35.0
 2026- 04- 09 12: 14: 34,1478,1.191,36.0
 2026- 04- 09 12: 14: 34,1483,1.195,36.0
 2026- 04- 09 12: 14: 35,1471,1.185,35.0
 2026- 04- 09 12: 14: 35,1456,1.173,35.0
 2026- 04- 09 12: 14: 36,1464,1.18,35.0
 2026- 04- 09 12: 14: 36,1451,1.169,35.0
 2026- 04- 09 12: 14: 37,1483,1.195,36.0
 2026- 04- 09 12: 14: 37,1469,1.184,35.0
 2026- 04- 09 12: 14: 38,1490,1.201,36.0
 2026- 04- 09 12: 14: 38,1475,1.189,36.0
 2026- 04- 09 12: 14: 39,1457,1.174,35.0
 2026- 04- 09 12: 14: 39,1464,1.18,35.0
 2026- 04- 09 12: 14: 40,1469,1.184,35.0
 2026- 04- 09 12: 14: 40,1470,1.185,35.0
 2026- 04- 09 12: 14: 41,1488,1.199,36.0
 2026- 04- 09 12: 14: 41,1442,1.162,35.0
 2026- 04- 09 12: 14: 42,1451,1.169,35.0
 2026- 04- 09 12: 14: 42,1447,1.166,35.0
 2026- 04- 09 12: 14: 43,1488,1.199,36.0
 2026- 04- 09 12: 14: 43,1476,1.189,36.0
 2026- 04- 09 12: 14: 44,1472,1.186,35.0
 2026- 04- 09 12: 14: 44,1489,1.2,36.0
 2026- 04- 09 12: 14: 45,1462,1.178,35.0
 2026- 04- 09 12: 14: 45,1424,1.148,34.0
 2026- 04- 09 12: 14: 46,1467,1.182,35.0
 2026- 04- 09 12: 14: 46,1471,1.185,35.0
 2026- 04- 09 12: 14: 47,1451,1.169,35.0
 2026- 04- 09 12: 14: 47,1490,1.201,36.0
 2026- 04- 09 12: 14: 48,1490,1.201,36.0
 2026- 04- 09 12: 14: 48,1488,1.199,36.0
 2026- 04- 09 12: 14: 49,1443,1.163,35.0
 2026- 04- 09 12: 14: 49,1499,1.208,36.0
 2026- 04- 09 12: 14: 50,1478,1.191,36.0
 2026- 04- 09 12: 14: 50,1453,1.171,35.0
 2026- 04- 09 12: 14: 51,1456,1.173,35.0
 2026- 04- 09 12: 14: 51,1451,1.169,35.0
 2026- 04- 09 12: 14: 52,1489,1.2,36.0
 2026- 04- 09 12: 14: 52,1459,1.176,35.0
 2026- 04- 09 12: 14: 53,1473,1.187,35.0
 2026- 04- 09 12: 14: 53,1497,1.206,36.0
 2026- 04- 09 12: 14: 54,1465,1.181,35.0
 2026- 04- 09 12: 14: 54,1479,1.192,36.0
 2026- 04- 09 12: 14: 55,1505,1.213,36.0
 2026- 04- 09 12: 14: 55,1477,1.19,36.0
 2026- 04- 09 12: 14: 56,1463,1.179,35.0
 2026- 04- 09 12: 14: 56,1456,1.173,35.0
 2026- 04- 09 12: 14: 57,1427,1.15,34.0
 2026- 04- 09 12: 14: 57,1465,1.181,35.0
 2026- 04- 09 12: 14: 58,1483,1.195,36.0
 2026- 04- 09 12: 14: 58,1454,1.172,35.0
 2026- 04- 09 12: 14: 59,1481,1.193,36.0
 2026- 04- 09 12: 14: 59,1458,1.175,35.0
 2026- 04- 09 12: 15: 00,1457,1.174,35.0
 2026- 04- 09 12: 15: 00,1476,1.189,36.0
 2026- 04- 09 12: 15: 01,1456,1.173,35.0
 2026- 04- 09 12: 15: 01,1488,1.199,36.0
 2026- 04- 09 12: 15: 02,1483,1.195,36.0
 2026- 04- 09 12: 15: 02,1491,1.202,36.0
 2026- 04- 09 12: 15: 03,1469,1.184,35.0
 2026- 04- 09 12: 15: 03,1473,1.187,35.0
 2026- 04- 09 12: 15: 04,1456,1.173,35.0
 2026- 04- 09 12: 15: 04,1425,1.148,34.0
 2026- 04- 09 12: 15: 05,1468,1.183,35.0
 2026- 04- 09 12: 15: 05,1472,1.186,35.0
 2026- 04- 09 12: 15: 06,1459,1.176,35.0
 2026- 04- 09 12: 15: 06,1488,1.199,36.0
 2026- 04- 09 12: 15: 07,1454,1.172,35.0
 2026- 04- 09 12: 15: 07,1483,1.195,36.0
 2026- 04- 09 12: 15: 08,1456,1.173,35.0
 2026- 04- 09 12: 15: 08,1472,1.186,35.0
 2026- 04- 09 12: 15: 09,1473,1.187,35.0
 2026- 04- 09 12: 15: 09,1503,1.211,36.0
 2026- 04- 09 12: 15: 10,1490,1.201,36.0
 2026- 04- 09 12: 15: 10,1488,1.199,36.0
 2026- 04- 09 12: 15: 11,1469,1.184,35.0
 2026- 04- 09 12: 15: 11,1483,1.195,36.0
 2026- 04- 09 12: 15: 12,1500,1.209,36.0
 2026- 04- 09 12: 15: 12,1511,1.218,36.0
 2026- 04- 09 12: 15: 13,1425,1.148,34.0
 2026- 04- 09 12: 15: 13,1441,1.161,35.0
 2026- 04- 09 12: 15: 14,1502,1.21,36.0
 2026- 04- 09 12: 15: 14,1493,1.203,36.0
 2026- 04- 09 12: 15: 15,1489,1.2,36.0
 2026- 04- 09 12: 15: 15,1475,1.189,36.0
 2026- 04- 09 12: 15: 16,1464,1.18,35.0
 2026- 04- 09 12: 15: 16,1474,1.188,35.0
 2026- 04- 09 12: 15: 17,1470,1.185,35.0
 2026- 04- 09 12: 15: 17,1453,1.171,35.0
 2026- 04- 09 12: 15: 18,1471,1.185,35.0
 2026- 04- 09 12: 15: 18,1529,1.232,37.0
 2026- 04- 09 12: 15: 19,1486,1.198,36.0
 2026- 04- 09 12: 15: 19,1434,1.156,35.0
 2026- 04- 09 12: 15: 20,1420,1.144,34.0
 2026- 04- 09 12: 15: 20,1488,1.199,36.0
 2026- 04- 09 12: 15: 21,1429,1.152,34.0
 2026- 04- 09 12: 15: 21,1456,1.173,35.0
 2026- 04- 09 12: 15: 22,1501,1.21,36.0
 2026- 04- 09 12: 15: 22,1477,1.19,36.0
 2026- 04- 09 12: 15: 23,1456,1.173,35.0
 2026- 04- 09 12: 15: 23,1456,1.173,35.0
 2026- 04- 09 12: 15: 24,1488,1.199,36.0
 2026- 04- 09 12: 15: 24,1460,1.177,35.0
 2026- 04- 09 12: 15: 25,1455,1.173,35.0
 2026- 04- 09 12: 15: 25,1453,1.171,35.0
 2026- 04- 09 12: 15: 26,1489,1.2,36.0
 2026- 04- 09 12: 15: 26,1484,1.196,36.0
 2026- 04- 09 12: 15: 27,1460,1.177,35.0
 2026- 04- 09 12: 15: 27,1520,1.225,37.0
 2026- 04- 09 12: 15: 28,1462,1.178,35.0
 2026- 04- 09 12: 15: 28,1430,1.152,34.0
 2026- 04- 09 12: 15: 29,1475,1.189,36.0
 2026- 04- 09 12: 15: 29,1453,1.171,35.0
 2026- 04- 09 12: 15: 30,1454,1.172,35.0
 2026- 04- 09 12: 15: 30,1472,1.186,35.0
 2026- 04- 09 12: 15: 31,1465,1.181,35.0
 2026- 04- 09 12: 15: 31,1488,1.199,36.0
 2026- 04- 09 12: 15: 32,1494,1.204,36.0
 2026- 04- 09 12: 15: 32,1475,1.189,36.0
 2026- 04- 09 12: 15: 33,1454,1.172,35.0
 2026- 04- 09 12: 15: 33,1471,1.185,35.0
 2026- 04- 09 12: 15: 34,1454,1.172,35.0
 2026- 04- 09 12: 15: 34,1427,1.15,34.0
 2026- 04- 09 12: 15: 35,1494,1.204,36.0
 2026- 04- 09 12: 15: 35,1486,1.198,36.0
 2026- 04- 09 12: 15: 36,1456,1.173,35.0
 2026- 04- 09 12: 15: 36,1489,1.2,36.0
 2026- 04- 09 12: 15: 37,1467,1.182,35.0
 2026- 04- 09 12: 15: 37,1491,1.202,36.0
 2026- 04- 09 12: 15: 38,1487,1.198,36.0
 2026- 04- 09 12: 15: 38,1457,1.174,35.0
 2026- 04- 09 12: 15: 39,1452,1.17,35.0
 2026- 04- 09 12: 15: 39,1472,1.186,35.0
 2026- 04- 09 12: 15: 40,1461,1.177,35.0
 2026- 04- 09 12: 15: 40,1484,1.196,36.0
 2026- 04- 09 12: 15: 41,1469,1.184,35.0
 2026- 04- 09 12: 15: 41,1467,1.182,35.0
 2026- 04- 09 12: 15: 42,1460,1.177,35.0
 2026- 04- 09 12: 15: 42,1440,1.16,35.0
 2026- 04- 09 12: 15: 43,1463,1.179,35.0
 2026- 04- 09 12: 15: 43,1462,1.178,35.0
 2026- 04- 09 12: 15: 44,1474,1.188,35.0
 2026- 04- 09 12: 15: 44,1448,1.167,35.0
 2026- 04- 09 12: 15: 45,1466,1.181,35.0
 2026- 04- 09 12: 15: 45,1468,1.183,35.0
 2026- 04- 09 12: 15: 46,1467,1.182,35.0
 2026- 04- 09 12: 15: 46,1507,1.214,36.0
 2026- 04- 09 12: 15: 47,1473,1.187,35.0
 2026- 04- 09 12: 15: 47,1458,1.175,35.0
 2026- 04- 09 12: 15: 48,1456,1.173,35.0
 2026- 04- 09 12: 15: 48,1475,1.189,36.0
 2026- 04- 09 12: 15: 49,1474,1.188,35.0
 2026- 04- 09 12: 15: 49,1488,1.199,36.0
 2026- 04- 09 12: 15: 50,1442,1.162,35.0
 2026- 04- 09 12: 15: 50,1458,1.175,35.0
 2026- 04- 09 12: 15: 51,1459,1.176,35.0
 2026- 04- 09 12: 15: 51,1471,1.185,35.0
 2026- 04- 09 12: 15: 52,1482,1.194,36.0
 2026- 04- 09 12: 15: 52,1472,1.186,35.0
 2026- 04- 09 12: 15: 53,1472,1.186,35.0
 2026- 04- 09 12: 15: 53,1478,1.191,36.0
 2026- 04- 09 12: 15: 54,1451,1.169,35.0
 2026- 04- 09 12: 15: 54,1444,1.164,35.0
 2026- 04- 09 12: 15: 55,1471,1.185,35.0
 2026- 04- 09 12: 15: 55,1490,1.201,36.0
 2026- 04- 09 12: 15: 56,1460,1.177,35.0
 2026- 04- 09 12: 15: 56,1456,1.173,35.0
 2026- 04- 09 12: 15: 57,1481,1.193,36.0
 2026- 04- 09 12: 15: 57,1470,1.185,35.0
 2026- 04- 09 12: 15: 58,1463,1.179,35.0
 2026- 04- 09 12: 15: 58,1471,1.185,35.0
 2026- 04- 09 12: 15: 59,1489,1.2,36.0
 2026- 04- 09 12: 15: 59,1500,1.209,36.0
 2026- 04- 09 12: 16: 00,1512,1.218,36.0
 2026- 04- 09 12: 16: 00,1465,1.181,35.0
 2026- 04- 09 12: 16: 01,1463,1.179,35.0
 2026- 04- 09 12: 16: 01,1494,1.204,36.0
 2026- 04- 09 12: 16: 02,1459,1.176,35.0
 2026- 04- 09 12: 16: 02,1470,1.185,35.0
 2026- 04- 09 12: 16: 03,1494,1.204,36.0
 2026- 04- 09 12: 16: 03,1472,1.186,35.0
 2026- 04- 09 12: 16: 04,1515,1.221,36.0
 2026- 04- 09 12: 16: 04,1470,1.185,35.0
 2026- 04- 09 12: 16: 05,1459,1.176,35.0
 2026- 04- 09 12: 16: 05,1461,1.177,35.0
 2026- 04- 09 12: 16: 06,1447,1.166,35.0
 2026- 04- 09 12: 16: 06,1447,1.166,35.0
 2026- 04- 09 12: 16: 07,1493,1.203,36.0
 2026- 04- 09 12: 16: 07,1491,1.202,36.0
 2026- 04- 09 12: 16: 08,1485,1.197,36.0
 2026- 04- 09 12: 16: 08,1477,1.19,36.0
 2026- 04- 09 12: 16: 09,1472,1.186,35.0
 2026- 04- 09 12: 16: 09,1472,1.186,35.0
 2026- 04- 09 12: 16: 10,1451,1.169,35.0
 2026- 04- 09 12: 16: 10,1426,1.149,34.0
 2026- 04- 09 12: 16: 11,1489,1.2,36.0
 2026- 04- 09 12: 16: 11,1472,1.186,35.0
 2026- 04- 09 12: 16: 12,1477,1.19,36.0
 2026- 04- 09 12: 16: 12,1510,1.217,36.0
 2026- 04- 09 12: 16: 13,1484,1.196,36.0
 2026- 04- 09 12: 16: 13,1477,1.19,36.0
 2026- 04- 09 12: 16: 14,1440,1.16,35.0
 2026- 04- 09 12: 16: 14,1495,1.205,36.0
 2026- 04- 09 12: 16: 15,1515,1.221,36.0
 2026- 04- 09 12: 16: 15,1488,1.199,36.0
 2026- 04- 09 12: 16: 16,1451,1.169,35.0
 2026- 04- 09 12: 16: 16,1467,1.182,35.0
 2026- 04- 09 12: 16: 17,1478,1.191,36.0
 2026- 04- 09 12: 16: 17,1429,1.152,34.0
 2026- 04- 09 12: 16: 18,1501,1.21,36.0
 2026- 04- 09 12: 16: 18,1520,1.225,37.0
 2026- 04- 09 12: 16: 19,1410,1.136,34.0
 2026- 04- 09 12: 16: 19,1453,1.171,35.0
 2026- 04- 09 12: 16: 20,1487,1.198,36.0
 2026- 04- 09 12: 16: 20,1517,1.222,37.0
 2026- 04- 09 12: 16: 21,1436,1.157,35.0
 2026- 04- 09 12: 16: 21,1441,1.161,35.0
 2026- 04- 09 12: 16: 22,1472,1.186,35.0
 2026- 04- 09 12: 16: 22,1451,1.169,35.0
 2026- 04- 09 12: 16: 23,1458,1.175,35.0
 2026- 04- 09 12: 16: 23,1466,1.181,35.0
 2026- 04- 09 12: 16: 24,1459,1.176,35.0
 2026- 04- 09 12: 16: 24,1472,1.186,35.0
 2026- 04- 09 12: 16: 25,1456,1.173,35.0
 2026- 04- 09 12: 16: 25,1469,1.184,35.0
 2026- 04- 09 12: 16: 26,1469,1.184,35.0
 2026- 04- 09 12: 16: 26,1471,1.185,35.0
 2026- 04- 09 12: 16: 27,1464,1.18,35.0
 2026- 04- 09 12: 16: 27,1439,1.16,35.0
 2026- 04- 09 12: 16: 28,1479,1.192,36.0
 2026- 04- 09 12: 16: 28,1488,1.199,36.0
 2026- 04- 09 12: 16: 29,1472,1.186,35.0
 2026- 04- 09 12: 16: 29,1455,1.173,35.0
 2026- 04- 09 12: 16: 30,1488,1.199,36.0
 2026- 04- 09 12: 16: 30,1473,1.187,35.0
 2026- 04- 09 12: 16: 31,1460,1.177,35.0
 2026- 04- 09 12: 16: 31,1456,1.173,35.0
 2026- 04- 09 12: 16: 32,1472,1.186,35.0
 2026- 04- 09 12: 16: 32,1478,1.191,36.0
 2026- 04- 09 12: 16: 33,1439,1.16,35.0
 2026- 04- 09 12: 16: 33,1483,1.195,36.0
 2026- 04- 09 12: 16: 34,1485,1.197,36.0
 2026- 04- 09 12: 16: 34,1479,1.192,36.0
 2026- 04- 09 12: 16: 35,1471,1.185,35.0
 2026- 04- 09 12: 16: 35,1486,1.198,36.0
 2026- 04- 09 12: 16: 36,1447,1.166,35.0
 2026- 04- 09 12: 16: 36,1488,1.199,36.0
 2026- 04- 09 12: 16: 37,1457,1.174,35.0
 2026- 04- 09 12: 16: 37,1506,1.214,36.0
 2026- 04- 09 12: 16: 38,1471,1.185,35.0
 2026- 04- 09 12: 16: 38,1473,1.187,35.0
 2026- 04- 09 12: 16: 39,1463,1.179,35.0
 2026- 04- 09 12: 16: 39,1497,1.206,36.0
 2026- 04- 09 12: 16: 40,1494,1.204,36.0
 2026- 04- 09 12: 16: 40,1456,1.173,35.0
 2026- 04- 09 12: 16: 41,1441,1.161,35.0
 2026- 04- 09 12: 16: 41,1445,1.164,35.0
 2026- 04- 09 12: 16: 42,1477,1.19,36.0
 2026- 04- 09 12: 16: 42,1469,1.184,35.0
 2026- 04- 09 12: 16: 43,1461,1.177,35.0
 2026- 04- 09 12: 16: 43,1459,1.176,35.0
 2026- 04- 09 12: 16: 44,1456,1.173,35.0
 2026- 04- 09 12: 16: 44,1456,1.173,35.0
 2026- 04- 09 12: 16: 45,1491,1.202,36.0
 2026- 04- 09 12: 16: 45,1463,1.179,35.0
 2026- 04- 09 12: 16: 46,1456,1.173,35.0
 2026- 04- 09 12: 16: 46,1451,1.169,35.0
 2026- 04- 09 12: 16: 47,1500,1.209,36.0
 2026- 04- 09 12: 16: 47,1472,1.186,35.0
 2026- 04- 09 12: 16: 48,1453,1.171,35.0
 2026- 04- 09 12: 16: 48,1498,1.207,36.0
 2026- 04- 09 12: 16: 49,1483,1.195,36.0
 2026- 04- 09 12: 16: 49,1454,1.172,35.0
 2026- 04- 09 12: 16: 50,1451,1.169,35.0
 2026- 04- 09 12: 16: 50,1479,1.192,36.0
 2026- 04- 09 12: 16: 51,1472,1.186,35.0
 2026- 04- 09 12: 16: 51,1513,1.219,36.0
 2026- 04- 09 12: 16: 52,1470,1.185,35.0
 2026- 04- 09 12: 16: 52,1455,1.173,35.0
 2026- 04- 09 12: 16: 53,1503,1.211,36.0
 2026- 04- 09 12: 16: 53,1473,1.187,35.0
 2026- 04- 09 12: 16: 54,1477,1.19,36.0
 2026- 04- 09 12: 16: 54,1487,1.198,36.0
 2026- 04- 09 12: 16: 55,1478,1.191,36.0
 2026- 04- 09 12: 16: 55,1453,1.171,35.0
 2026- 04- 09 12: 16: 56,1437,1.158,35.0
 2026- 04- 09 12: 16: 56,1440,1.16,35.0
 2026- 04- 09 12: 16: 57,1469,1.184,35.0
 2026- 04- 09 12: 16: 57,1441,1.161,35.0
 2026- 04- 09 12: 16: 58,1449,1.168,35.0
 2026- 04- 09 12: 16: 58,1459,1.176,35.0
 2026- 04- 09 12: 16: 59,1481,1.193,36.0
 2026- 04- 09 12: 16: 59,1456,1.173,35.0
 2026- 04- 09 12: 17: 00,1434,1.156,35.0
 2026- 04- 09 12: 17: 00,1470,1.185,35.0
 2026- 04- 09 12: 17: 01,1494,1.204,36.0
 2026- 04- 09 12: 17: 01,1483,1.195,36.0
 2026- 04- 09 12: 17: 02,1461,1.177,35.0
 2026- 04- 09 12: 17: 02,1455,1.173,35.0
 2026- 04- 09 12: 17: 03,1461,1.177,35.0
 2026- 04- 09 12: 17: 03,1501,1.21,36.0
 2026- 04- 09 12: 17: 04,1483,1.195,36.0
 2026- 04- 09 12: 17: 04,1465,1.181,35.0
 2026- 04- 09 12: 17: 05,1472,1.186,35.0
 2026- 04- 09 12: 17: 05,1456,1.173,35.0
 2026- 04- 09 12: 17: 06,1461,1.177,35.0
 2026- 04- 09 12: 17: 06,1453,1.171,35.0
 2026- 04- 09 12: 17: 07,1446,1.165,35.0
 2026- 04- 09 12: 17: 07,1535,1.237,37.0
 2026- 04- 09 12: 17: 08,1435,1.156,35.0
 2026- 04- 09 12: 17: 08,1431,1.153,34.0
 2026- 04- 09 12: 17: 09,1459,1.176,35.0
 2026- 04- 09 12: 17: 09,1514,1.22,36.0
 2026- 04- 09 12: 17: 10,1519,1.224,37.0
 2026- 04- 09 12: 17: 10,1437,1.158,35.0
 2026- 04- 09 12: 17: 11,1412,1.138,34.0
 2026- 04- 09 12: 17: 11,1456,1.173,35.0
 2026- 04- 09 12: 17: 12,1471,1.185,35.0
 2026- 04- 09 12: 17: 12,1443,1.163,35.0
 2026- 04- 09 12: 17: 13,1491,1.202,36.0
 2026- 04- 09 12: 17: 13,1457,1.174,35.0
 2026- 04- 09 12: 17: 14,1486,1.198,36.0
 2026- 04- 09 12: 17: 14,1430,1.152,34.0
 2026- 04- 09 12: 17: 15,1421,1.145,34.0
 2026- 04- 09 12: 17: 15,1467,1.182,35.0
 2026- 04- 09 12: 17: 16,1446,1.165,35.0
 2026- 04- 09 12: 17: 16,1445,1.164,35.0
 2026- 04- 09 12: 17: 17,1471,1.185,35.0
 2026- 04- 09 12: 17: 17,1473,1.187,35.0
 2026- 04- 09 12: 17: 18,1495,1.205,36.0
 2026- 04- 09 12: 17: 18,1487,1.198,36.0
 2026- 04- 09 12: 17: 19,1459,1.176,35.0
 2026- 04- 09 12: 17: 19,1439,1.16,35.0
 2026- 04- 09 12: 17: 20,1456,1.173,35.0
 2026- 04- 09 12: 17: 20,1490,1.201,36.0
 2026- 04- 09 12: 17: 21,1455,1.173,35.0
 2026- 04- 09 12: 17: 21,1473,1.187,35.0
 2026- 04- 09 12: 17: 22,1429,1.152,34.0
 2026- 04- 09 12: 17: 22,1461,1.177,35.0
 2026- 04- 09 12: 17: 23,1487,1.198,36.0
 2026- 04- 09 12: 17: 23,1488,1.199,36.0
 2026- 04- 09 12: 17: 24,1493,1.203,36.0
 2026- 04- 09 12: 17: 24,1507,1.214,36.0
 2026- 04- 09 12: 17: 25,1466,1.181,35.0
 2026- 04- 09 12: 17: 25,1428,1.151,34.0
 2026- 04- 09 12: 17: 26,1488,1.199,36.0
 2026- 04- 09 12: 17: 26,1469,1.184,35.0
 2026- 04- 09 12: 17: 27,1482,1.194,36.0
 2026- 04- 09 12: 17: 27,1456,1.173,35.0
 2026- 04- 09 12: 17: 28,1491,1.202,36.0
 2026- 04- 09 12: 17: 28,1478,1.191,36.0
 2026- 04- 09 12: 17: 29,1444,1.164,35.0
 2026- 04- 09 12: 17: 29,1491,1.202,36.0
 2026- 04- 09 12: 17: 30,1505,1.213,36.0
 2026- 04- 09 12: 17: 30,1465,1.181,35.0
 2026- 04- 09 12: 17: 31,1483,1.195,36.0
 2026- 04- 09 12: 17: 31,1485,1.197,36.0
 2026- 04- 09 12: 17: 32,1501,1.21,36.0
 2026- 04- 09 12: 17: 32,1470,1.185,35.0
 2026- 04- 09 12: 17: 33,1440,1.16,35.0
 2026- 04- 09 12: 17: 33,1481,1.193,36.0
 2026- 04- 09 12: 17: 34,1486,1.198,36.0
 2026- 04- 09 12: 17: 34,1453,1.171,35.0
 2026- 04- 09 12: 17: 35,1481,1.193,36.0
 2026- 04- 09 12: 17: 35,1474,1.188,35.0
 2026- 04- 09 12: 17: 36,1434,1.156,35.0
 2026- 04- 09 12: 17: 36,1463,1.179,35.0
 2026- 04- 09 12: 17: 37,1458,1.175,35.0
 2026- 04- 09 12: 17: 37,1456,1.173,35.0
 2026- 04- 09 12: 17: 38,1461,1.177,35.0
 2026- 04- 09 12: 17: 38,1421,1.145,34.0
 2026- 04- 09 12: 17: 39,1519,1.224,37.0
 2026- 04- 09 12: 17: 39,1438,1.159,35.0
 2026- 04- 09 12: 17: 40,1451,1.169,35.0
 2026- 04- 09 12: 17: 40,1499,1.208,36.0
 2026- 04- 09 12: 17: 41,1456,1.173,35.0
 2026- 04- 09 12: 17: 41,1457,1.174,35.0
 2026- 04- 09 12: 17: 42,1459,1.176,35.0
 2026- 04- 09 12: 17: 42,1483,1.195,36.0
 2026- 04- 09 12: 17: 43,1490,1.201,36.0
 2026- 04- 09 12: 17: 43,1457,1.174,35.0
 2026- 04- 09 12: 17: 44,1473,1.187,35.0
 2026- 04- 09 12: 17: 44,1498,1.207,36.0
 2026- 04- 09 12: 17: 45,1481,1.193,36.0
 2026- 04- 09 12: 17: 45,1488,1.199,36.0
 2026- 04- 09 12: 17: 46,1469,1.184,35.0
 2026- 04- 09 12: 17: 46,1473,1.187,35.0
 2026- 04- 09 12: 17: 47,1456,1.173,35.0
 2026- 04- 09 12: 17: 47,1456,1.173,35.0
 2026- 04- 09 12: 17: 48,1495,1.205,36.0
 2026- 04- 09 12: 17: 48,1511,1.218,36.0
 2026- 04- 09 12: 17: 49,1447,1.166,35.0
 2026- 04- 09 12: 17: 49,1452,1.17,35.0
 2026- 04- 09 12: 17: 50,1507,1.214,36.0
 2026- 04- 09 12: 17: 50,1471,1.185,35.0
 2026- 04- 09 12: 17: 51,1450,1.168,35.0
 2026- 04- 09 12: 17: 51,1467,1.182,35.0
 2026- 04- 09 12: 17: 52,1502,1.21,36.0
 2026- 04- 09 12: 17: 52,1511,1.218,36.0
 2026- 04- 09 12: 17: 53,1469,1.184,35.0
 2026- 04- 09 12: 17: 53,1472,1.186,35.0
 2026- 04- 09 12: 17: 54,1479,1.192,36.0
 2026- 04- 09 12: 17: 54,1503,1.211,36.0
 2026- 04- 09 12: 17: 55,1483,1.195,36.0
 2026- 04- 09 12: 17: 55,1450,1.168,35.0
 2026- 04- 09 12: 17: 56,1535,1.237,37.0
 2026- 04- 09 12: 17: 56,1462,1.178,35.0
 2026- 04- 09 12: 17: 57,1465,1.181,35.0
 2026- 04- 09 12: 17: 57,1447,1.166,35.0
 2026- 04- 09 12: 17: 58,1455,1.173,35.0
 2026- 04- 09 12: 17: 58,1523,1.227,37.0
 2026- 04- 09 12: 17: 59,1466,1.181,35.0
 2026- 04- 09 12: 17: 59,1481,1.193,36.0
 2026- 04- 09 12: 18: 00,1535,1.237,37.0
 2026- 04- 09 12: 18: 00,1478,1.191,36.0
 2026- 04- 09 12: 18: 01,1414,1.139,34.0
 2026- 04- 09 12: 18: 01,1431,1.153,34.0
 2026- 04- 09 12: 18: 02,1526,1.23,37.0
 2026- 04- 09 12: 18: 02,1483,1.195,36.0
 2026- 04- 09 12: 18: 03,1475,1.189,36.0
 2026- 04- 09 12: 18: 03,1457,1.174,35.0
 2026- 04- 09 12: 18: 04,1473,1.187,35.0
 2026- 04- 09 12: 18: 04,1489,1.2,36.0
 2026- 04- 09 12: 18: 05,1491,1.202,36.0
 2026- 04- 09 12: 18: 05,1484,1.196,36.0
 2026- 04- 09 12: 18: 06,1463,1.179,35.0
 2026- 04- 09 12: 18: 06,1425,1.148,34.0
 2026- 04- 09 12: 18: 07,1429,1.152,34.0
 2026- 04- 09 12: 18: 07,1490,1.201,36.0
 2026- 04- 09 12: 18: 08,1453,1.171,35.0
 2026- 04- 09 12: 18: 08,1435,1.156,35.0
 2026- 04- 09 12: 18: 09,1477,1.19,36.0
 2026- 04- 09 12: 18: 09,1471,1.185,35.0
 2026- 04- 09 12: 18: 10,1487,1.198,36.0
 2026- 04- 09 12: 18: 10,1461,1.177,35.0
 2026- 04- 09 12: 18: 11,1499,1.208,36.0
 2026- 04- 09 12: 18: 11,1459,1.176,35.0
 2026- 04- 09 12: 18: 12,1458,1.175,35.0
 2026- 04- 09 12: 18: 12,1472,1.186,35.0
 2026- 04- 09 12: 18: 13,1470,1.185,35.0
 2026- 04- 09 12: 18: 13,1468,1.183,35.0
 2026- 04- 09 12: 18: 14,1464,1.18,35.0
 2026- 04- 09 12: 18: 14,1458,1.175,35.0
 2026- 04- 09 12: 18: 15,1462,1.178,35.0
 2026- 04- 09 12: 18: 15,1479,1.192,36.0
 2026- 04- 09 12: 18: 16,1467,1.182,35.0
 2026- 04- 09 12: 18: 16,1473,1.187,35.0
 2026- 04- 09 12: 18: 17,1468,1.183,35.0
 2026- 04- 09 12: 18: 17,1491,1.202,36.0
 2026- 04- 09 12: 18: 18,1459,1.176,35.0
 2026- 04- 09 12: 18: 18,1487,1.198,36.0
 2026- 04- 09 12: 18: 19,1451,1.169,35.0
 2026- 04- 09 12: 18: 19,1452,1.17,35.0
 2026- 04- 09 12: 18: 20,1450,1.168,35.0
 2026- 04- 09 12: 18: 20,1451,1.169,35.0
 2026- 04- 09 12: 18: 21,1465,1.181,35.0
 2026- 04- 09 12: 18: 21,1483,1.195,36.0
 2026- 04- 09 12: 18: 22,1464,1.18,35.0
 2026- 04- 09 12: 18: 22,1466,1.181,35.0
 2026- 04- 09 12: 18: 23,1483,1.195,36.0
 2026- 04- 09 12: 18: 23,1471,1.185,35.0
 2026- 04- 09 12: 18: 24,1471,1.185,35.0
 2026- 04- 09 12: 18: 24,1494,1.204,36.0
 2026- 04- 09 12: 18: 25,1462,1.178,35.0
 2026- 04- 09 12: 18: 25,1459,1.176,35.0
 2026- 04- 09 12: 18: 26,1478,1.191,36.0
 2026- 04- 09 12: 18: 26,1443,1.163,35.0
 2026- 04- 09 12: 18: 27,1480,1.193,36.0
 2026- 04- 09 12: 18: 27,1463,1.179,35.0
 2026- 04- 09 12: 18: 28,1427,1.15,34.0
 2026- 04- 09 12: 18: 28,1472,1.186,35.0
 2026- 04- 09 12: 18: 29,1470,1.185,35.0
 2026- 04- 09 12: 18: 29,1464,1.18,35.0
 2026- 04- 09 12: 18: 30,1437,1.158,35.0
 2026- 04- 09 12: 18: 30,1485,1.197,36.0
 2026- 04- 09 12: 18: 31,1477,1.19,36.0
 2026- 04- 09 12: 18: 31,1424,1.148,34.0
 2026- 04- 09 12: 18: 32,1486,1.198,36.0
 2026- 04- 09 12: 18: 32,1468,1.183,35.0
 2026- 04- 09 12: 18: 33,1438,1.159,35.0
 2026- 04- 09 12: 18: 33,1468,1.183,35.0
 2026- 04- 09 12: 18: 34,1463,1.179,35.0
 2026- 04- 09 12: 18: 34,1467,1.182,35.0
 2026- 04- 09 12: 18: 35,1472,1.186,35.0
 2026- 04- 09 12: 18: 35,1445,1.164,35.0
 2026- 04- 09 12: 18: 36,1459,1.176,35.0
 2026- 04- 09 12: 18: 36,1466,1.181,35.0
 2026- 04- 09 12: 18: 37,1456,1.173,35.0
 2026- 04- 09 12: 18: 37,1467,1.182,35.0
 2026- 04- 09 12: 18: 38,1468,1.183,35.0
 2026- 04- 09 12: 18: 38,1469,1.184,35.0
 2026- 04- 09 12: 18: 39,1505,1.213,36.0
 2026- 04- 09 12: 18: 39,1501,1.21,36.0
 2026- 04- 09 12: 18: 40,1453,1.171,35.0
 2026- 04- 09 12: 18: 40,1472,1.186,35.0
 2026- 04- 09 12: 18: 41,1503,1.211,36.0
 2026- 04- 09 12: 18: 41,1510,1.217,36.0
 2026- 04- 09 12: 18: 42,1457,1.174,35.0
 2026- 04- 09 12: 18: 42,1490,1.201,36.0
 2026- 04- 09 12: 18: 43,1425,1.148,34.0
 2026- 04- 09 12: 18: 43,1470,1.185,35.0
 2026- 04- 09 12: 18: 44,1461,1.177,35.0
 2026- 04- 09 12: 18: 44,1454,1.172,35.0
 2026- 04- 09 12: 18: 45,1460,1.177,35.0
 2026- 04- 09 12: 18: 45,1407,1.134,34.0
 2026- 04- 09 12: 18: 46,1499,1.208,36.0
 2026- 04- 09 12: 18: 46,1154,0.93,28.0
 2026- 04- 09 12: 18: 47,366,0.295,8.0
 2026- 04- 09 12: 18: 47,0,0.0,0.0
 2026- 04- 09 12: 18: 48,0,0.0,0.0
 2026- 04- 09 12: 18: 48,0,0.0,0.0
 2026- 04- 09 12: 18: 49,0,0.0,0.0
 2026- 04- 09 12: 18: 49,0,0.0,0.0
 2026- 04- 09 12: 18: 50,3,0.002,0.0
 2026- 04- 09 12: 18: 50,92,0.074,2.0
 2026- 04- 09 12: 18: 51,80,0.064,1.0
 2026- 04- 09 12: 18: 51,453,0.365,11.0
 2026- 04- 09 12: 18: 52,1085,0.874,26.0
 2026- 04- 09 12: 18: 52,2160,1.741,52.0
 2026- 04- 09 12: 18: 53,2143,1.727,52.0
 2026- 04- 09 12: 18: 53,1296,1.044,31.0
 2026- 04- 09 12: 18: 54,720,0.58,17.0
 2026- 04- 09 12: 18: 54,824,0.664,20.0
 2026- 04- 09 12: 18: 55,662,0.533,16.0
 2026- 04- 09 12: 18: 55,651,0.525,15.0
 2026- 04- 09 12: 18: 56,645,0.52,15.0
 2026- 04- 09 12: 18: 56,675,0.544,16.0
 2026- 04- 09 12: 18: 57,642,0.517,15.0
 2026- 04- 09 12: 18: 57,656,0.529,16.0
 2026- 04- 09 12: 18: 58,646,0.521,15.0
 2026- 04- 09 12: 18: 58,656,0.529,16.0
 2026- 04- 09 12: 18: 59,658,0.53,16.0
 2026- 04- 09 12: 18: 59,676,0.545,16.0
 2026- 04- 09 12: 19: 00,650,0.524,15.0
 2026- 04- 09 12: 19: 00,649,0.523,15.0
 2026- 04- 09 12: 19: 01,656,0.529,16.0
 2026- 04- 09 12: 19: 01,646,0.521,15.0
 2026- 04- 09 12: 19: 02,673,0.542,16.0
 2026- 04- 09 12: 19: 02,657,0.529,16.0
 2026- 04- 09 12: 19: 03,683,0.55,16.0
 2026- 04- 09 12: 19: 03,659,0.531,16.0
 2026- 04- 09 12: 19: 04,640,0.516,15.0
 2026- 04- 09 12: 19: 04,676,0.545,16.0
 2026- 04- 09 12: 19: 05,666,0.537,16.0
 2026- 04- 09 12: 19: 05,651,0.525,15.0
 2026- 04- 09 12: 19: 06,626,0.504,15.0
 2026- 04- 09 12: 19: 06,639,0.515,15.0
 2026- 04- 09 12: 19: 07,653,0.526,15.0
 2026- 04- 09 12: 19: 07,666,0.537,16.0
 2026- 04- 09 12: 19: 08,653,0.526,15.0
 2026- 04- 09 12: 19: 08,651,0.525,15.0
 2026- 04- 09 12: 19: 09,657,0.529,16.0
 2026- 04- 09 12: 19: 09,646,0.521,15.0
 2026- 04- 09 12: 19: 10,638,0.514,15.0
 2026- 04- 09 12: 19: 10,696,0.561,16.0
 2026- 04- 09 12: 19: 11,691,0.557,16.0
 2026- 04- 09 12: 19: 11,660,0.532,16.0
 2026- 04- 09 12: 19: 12,648,0.522,15.0
 2026- 04- 09 12: 19: 12,657,0.529,16.0
 2026- 04- 09 12: 19: 13,647,0.521,15.0
 2026- 04- 09 12: 19: 13,650,0.524,15.0
 2026- 04- 09 12: 19: 14,679,0.547,16.0
 2026- 04- 09 12: 19: 14,616,0.496,15.0
 2026- 04- 09 12: 19: 15,706,0.569,17.0
 2026- 04- 09 12: 19: 15,611,0.492,14.0
 2026- 04- 09 12: 19: 16,675,0.544,16.0
 2026- 04- 09 12: 19: 16,663,0.534,16.0
 2026- 04- 09 12: 19: 17,682,0.55,16.0
 2026- 04- 09 12: 19: 17,657,0.529,16.0
 2026- 04- 09 12: 19: 18,691,0.557,16.0
 2026- 04- 09 12: 19: 18,645,0.52,15.0
 2026- 04- 09 12: 19: 19,669,0.539,16.0
 2026- 04- 09 12: 19: 19,672,0.542,16.0
 2026- 04- 09 12: 19: 20,625,0.504,15.0
 2026- 04- 09 12: 19: 20,657,0.529,16.0
 2026- 04- 09 12: 19: 21,651,0.525,15.0
 2026- 04- 09 12: 19: 21,661,0.533,16.0
 2026- 04- 09 12: 19: 22,646,0.521,15.0
 2026- 04- 09 12: 19: 22,656,0.529,16.0
 2026- 04- 09 12: 19: 23,649,0.523,15.0
 2026- 04- 09 12: 19: 23,641,0.517,15.0
 2026- 04- 09 12: 19: 24,659,0.531,16.0
 2026- 04- 09 12: 19: 24,651,0.525,15.0
 2026- 04- 09 12: 19: 25,661,0.533,16.0
 2026- 04- 09 12: 19: 25,659,0.531,16.0
 2026- 04- 09 12: 19: 26,655,0.528,15.0
 2026- 04- 09 12: 19: 26,653,0.526,15.0
 2026- 04- 09 12: 19: 27,644,0.519,15.0
 2026- 04- 09 12: 19: 27,659,0.531,16.0
 2026- 04- 09 12: 19: 28,638,0.514,15.0
 2026- 04- 09 12: 19: 28,645,0.52,15.0
 2026- 04- 09 12: 19: 29,668,0.538,16.0
 2026- 04- 09 12: 19: 29,665,0.536,16.0
 2026- 04- 09 12: 19: 30,670,0.54,16.0
 2026- 04- 09 12: 19: 30,658,0.53,16.0
 2026- 04- 09 12: 19: 31,653,0.526,15.0
 2026- 04- 09 12: 19: 31,666,0.537,16.0
 2026- 04- 09 12: 19: 32,651,0.525,15.0
 2026- 04- 09 12: 19: 32,645,0.52,15.0
 2026- 04- 09 12: 19: 33,653,0.526,15.0
 2026- 04- 09 12: 19: 33,655,0.528,15.0
 2026- 04- 09 12: 19: 34,642,0.517,15.0
 2026- 04- 09 12: 19: 34,665,0.536,16.0
 2026- 04- 09 12: 19: 35,687,0.554,16.0
 2026- 04- 09 12: 19: 35,636,0.513,15.0
 2026- 04- 09 12: 19: 36,657,0.529,16.0
 2026- 04- 09 12: 19: 36,659,0.531,16.0
 2026- 04- 09 12: 19: 37,677,0.546,16.0
 2026- 04- 09 12: 19: 37,659,0.531,16.0
 2026- 04- 09 12: 19: 38,631,0.508,15.0
 2026- 04- 09 12: 19: 38,656,0.529,16.0
 2026- 04- 09 12: 19: 39,656,0.529,16.0
 2026- 04- 09 12: 19: 39,655,0.528,15.0
 2026- 04- 09 12: 19: 40,658,0.53,16.0
 2026- 04- 09 12: 19: 40,656,0.529,16.0
 2026- 04- 09 12: 19: 41,638,0.514,15.0
 2026- 04- 09 12: 19: 41,682,0.55,16.0
 2026- 04- 09 12: 19: 42,665,0.536,16.0
 2026- 04- 09 12: 19: 42,651,0.525,15.0
 2026- 04- 09 12: 19: 43,659,0.531,16.0
 2026- 04- 09 12: 19: 43,675,0.544,16.0
 2026- 04- 09 12: 19: 44,651,0.525,15.0
 2026- 04- 09 12: 19: 44,656,0.529,16.0
 2026- 04- 09 12: 19: 45,690,0.556,16.0
 2026- 04- 09 12: 19: 45,665,0.536,16.0
 2026- 04- 09 12: 19: 46,669,0.539,16.0
 2026- 04- 09 12: 19: 46,656,0.529,16.0
 2026- 04- 09 12: 19: 47,666,0.537,16.0
 2026- 04- 09 12: 19: 47,656,0.529,16.0
 2026- 04- 09 12: 19: 48,640,0.516,15.0
 2026- 04- 09 12: 19: 48,655,0.528,15.0
 2026- 04- 09 12: 19: 49,635,0.512,15.0
 2026- 04- 09 12: 19: 49,646,0.521,15.0
 2026- 04- 09 12: 19: 50,653,0.526,15.0
 2026- 04- 09 12: 19: 50,651,0.525,15.0
 2026- 04- 09 12: 19: 51,655,0.528,15.0
 2026- 04- 09 12: 19: 51,651,0.525,15.0
 2026- 04- 09 12: 19: 52,654,0.527,15.0
 2026- 04- 09 12: 19: 52,659,0.531,16.0
 2026- 04- 09 12: 19: 53,666,0.537,16.0
 2026- 04- 09 12: 19: 53,644,0.519,15.0
 2026- 04- 09 12: 19: 54,685,0.552,16.0
 2026- 04- 09 12: 19: 54,643,0.518,15.0
 2026- 04- 09 12: 19: 55,651,0.525,15.0
 2026- 04- 09 12: 19: 55,671,0.541,16.0
 2026- 04- 09 12: 19: 56,650,0.524,15.0
 2026- 04- 09 12: 19: 56,649,0.523,15.0
 2026- 04- 09 12: 19: 57,641,0.517,15.0
 2026- 04- 09 12: 19: 57,656,0.529,16.0
 2026- 04- 09 12: 19: 58,663,0.534,16.0
 2026- 04- 09 12: 19: 58,662,0.533,16.0
 2026- 04- 09 12: 19: 59,661,0.533,16.0
 2026- 04- 09 12: 19: 59,665,0.536,16.0
 2026- 04- 09 12: 20: 00,666,0.537,16.0
 2026- 04- 09 12: 20: 00,673,0.542,16.0
 2026- 04- 09 12: 20: 01,663,0.534,16.0
 2026- 04- 09 12: 20: 01,645,0.52,15.0
 2026- 04- 09 12: 20: 02,618,0.498,15.0
 2026- 04- 09 12: 20: 02,672,0.542,16.0
 2026- 04- 09 12: 20: 03,641,0.517,15.0
 2026- 04- 09 12: 20: 03,644,0.519,15.0
 2026- 04- 09 12: 20: 04,685,0.552,16.0
 2026- 04- 09 12: 20: 04,671,0.541,16.0
 2026- 04- 09 12: 20: 05,683,0.55,16.0
 2026- 04- 09 12: 20: 05,656,0.529,16.0
 2026- 04- 09 12: 20: 06,647,0.521,15.0
 2026- 04- 09 12: 20: 06,655,0.528,15.0
 2026- 04- 09 12: 20: 07,674,0.543,16.0
 2026- 04- 09 12: 20: 07,669,0.539,16.0
 2026- 04- 09 12: 20: 08,637,0.513,15.0
 2026- 04- 09 12: 20: 08,649,0.523,15.0
 2026- 04- 09 12: 20: 09,656,0.529,16.0
 2026- 04- 09 12: 20: 09,653,0.526,15.0
 2026- 04- 09 12: 20: 10,643,0.518,15.0
 2026- 04- 09 12: 20: 10,661,0.533,16.0
 2026- 04- 09 12: 20: 11,632,0.509,15.0
 2026- 04- 09 12: 20: 11,659,0.531,16.0
 2026- 04- 09 12: 20: 12,655,0.528,15.0
 2026- 04- 09 12: 20: 12,630,0.508,15.0
 2026- 04- 09 12: 20: 13,662,0.533,16.0
 2026- 04- 09 12: 20: 13,681,0.549,16.0
 2026- 04- 09 12: 20: 14,656,0.529,16.0
 2026- 04- 09 12: 20: 14,634,0.511,15.0
 2026- 04- 09 12: 20: 15,630,0.508,15.0
 2026- 04- 09 12: 20: 15,656,0.529,16.0
 2026- 04- 09 12: 20: 16,641,0.517,15.0
 2026- 04- 09 12: 20: 16,657,0.529,16.0
 2026- 04- 09 12: 20: 17,646,0.521,15.0
 2026- 04- 09 12: 20: 17,673,0.542,16.0
 2026- 04- 09 12: 20: 18,637,0.513,15.0
 2026- 04- 09 12: 20: 18,679,0.547,16.0
 2026- 04- 09 12: 20: 19,652,0.525,15.0
 2026- 04- 09 12: 20: 19,650,0.524,15.0
 2026- 04- 09 12: 20: 20,632,0.509,15.0
 2026- 04- 09 12: 20: 20,638,0.514,15.0
 2026- 04- 09 12: 20: 21,624,0.503,15.0
 2026- 04- 09 12: 20: 21,651,0.525,15.0
 2026- 04- 09 12: 20: 22,650,0.524,15.0
 2026- 04- 09 12: 20: 22,633,0.51,15.0
 2026- 04- 09 12: 20: 23,658,0.53,16.0
 2026- 04- 09 12: 20: 23,653,0.526,15.0
 2026- 04- 09 12: 20: 24,651,0.525,15.0
 2026- 04- 09 12: 20: 24,626,0.504,15.0
 2026- 04- 09 12: 20: 25,644,0.519,15.0
 2026- 04- 09 12: 20: 25,662,0.533,16.0
 2026- 04- 09 12: 20: 26,666,0.537,16.0
 2026- 04- 09 12: 20: 26,671,0.541,16.0
 2026- 04- 09 12: 20: 27,659,0.531,16.0
 2026- 04- 09 12: 20: 27,637,0.513,15.0
 2026- 04- 09 12: 20: 28,693,0.558,16.0
 2026- 04- 09 12: 20: 28,672,0.542,16.0
 2026- 04- 09 12: 20: 29,659,0.531,16.0
 2026- 04- 09 12: 20: 29,658,0.53,16.0
 2026- 04- 09 12: 20: 30,629,0.507,15.0
 2026- 04- 09 12: 20: 30,689,0.555,16.0
 2026- 04- 09 12: 20: 31,660,0.532,16.0
 2026- 04- 09 12: 20: 31,641,0.517,15.0
 2026- 04- 09 12: 20: 32,656,0.529,16.0
 2026- 04- 09 12: 20: 32,660,0.532,16.0
 2026- 04- 09 12: 20: 33,646,0.521,15.0
 2026- 04- 09 12: 20: 33,640,0.516,15.0
 2026- 04- 09 12: 20: 34,656,0.529,16.0
 2026- 04- 09 12: 20: 34,670,0.54,16.0
 2026- 04- 09 12: 20: 35,640,0.516,15.0
 2026- 04- 09 12: 20: 35,673,0.542,16.0
 2026- 04- 09 12: 20: 36,646,0.521,15.0
 2026- 04- 09 12: 20: 36,673,0.542,16.0
 2026- 04- 09 12: 20: 37,655,0.528,15.0
 2026- 04- 09 12: 20: 37,659,0.531,16.0
 2026- 04- 09 12: 20: 38,651,0.525,15.0
 2026- 04- 09 12: 20: 38,656,0.529,16.0
 2026- 04- 09 12: 20: 39,657,0.529,16.0
 2026- 04- 09 12: 20: 39,649,0.523,15.0
 2026- 04- 09 12: 20: 40,651,0.525,15.0
 2026- 04- 09 12: 20: 40,635,0.512,15.0
 2026- 04- 09 12: 20: 41,663,0.534,16.0
 2026- 04- 09 12: 20: 41,669,0.539,16.0
 2026- 04- 09 12: 20: 42,657,0.529,16.0
 2026- 04- 09 12: 20: 42,676,0.545,16.0
 2026- 04- 09 12: 20: 43,653,0.526,15.0
 2026- 04- 09 12: 20: 43,655,0.528,15.0
 2026- 04- 09 12: 20: 44,644,0.519,15.0
 2026- 04- 09 12: 20: 44,667,0.538,16.0
 2026- 04- 09 12: 20: 45,639,0.515,15.0
 2026- 04- 09 12: 20: 45,678,0.546,16.0
 2026- 04- 09 12: 20: 46,645,0.52,15.0
 2026- 04- 09 12: 20: 46,654,0.527,15.0
 2026- 04- 09 12: 20: 47,661,0.533,16.0
 2026- 04- 09 12: 20: 47,621,0.5,15.0
 2026- 04- 09 12: 20: 48,670,0.54,16.0
 2026- 04- 09 12: 20: 48,629,0.507,15.0
 2026- 04- 09 12: 20: 49,624,0.503,15.0
 2026- 04- 09 12: 20: 49,647,0.521,15.0
 2026- 04- 09 12: 20: 50,653,0.526,15.0
 2026- 04- 09 12: 20: 50,647,0.521,15.0
 2026- 04- 09 12: 20: 51,640,0.516,15.0
 2026- 04- 09 12: 20: 51,668,0.538,16.0
 2026- 04- 09 12: 20: 52,654,0.527,15.0
 2026- 04- 09 12: 20: 52,667,0.538,16.0
 2026- 04- 09 12: 20: 53,655,0.528,15.0
 2026- 04- 09 12: 20: 53,631,0.508,15.0
 2026- 04- 09 12: 20: 54,631,0.508,15.0
 2026- 04- 09 12: 20: 54,663,0.534,16.0
 2026- 04- 09 12: 20: 55,671,0.541,16.0
 2026- 04- 09 12: 20: 55,656,0.529,16.0
 2026- 04- 09 12: 20: 56,646,0.521,15.0
 2026- 04- 09 12: 20: 56,640,0.516,15.0
 2026- 04- 09 12: 20: 57,659,0.531,16.0
 2026- 04- 09 12: 20: 57,662,0.533,16.0
 2026- 04- 09 12: 20: 58,646,0.521,15.0
 2026- 04- 09 12: 20: 58,656,0.529,16.0
 2026- 04- 09 12: 20: 59,645,0.52,15.0
 2026- 04- 09 12: 20: 59,645,0.52,15.0
 2026- 04- 09 12: 21: 00,667,0.538,16.0
 2026- 04- 09 12: 21: 00,651,0.525,15.0
 2026- 04- 09 12: 21: 01,654,0.527,15.0
 2026- 04- 09 12: 21: 01,652,0.525,15.0
 2026- 04- 09 12: 21: 02,669,0.539,16.0
 2026- 04- 09 12: 21: 02,672,0.542,16.0
 2026- 04- 09 12: 21: 03,656,0.529,16.0
 2026- 04- 09 12: 21: 03,665,0.536,16.0
 2026- 04- 09 12: 21: 04,649,0.523,15.0
 2026- 04- 09 12: 21: 04,653,0.526,15.0
 2026- 04- 09 12: 21: 05,670,0.54,16.0
 2026- 04- 09 12: 21: 05,666,0.537,16.0
 2026- 04- 09 12: 21: 06,653,0.526,15.0
 2026- 04- 09 12: 21: 06,665,0.536,16.0
 2026- 04- 09 12: 21: 07,647,0.521,15.0
 2026- 04- 09 12: 21: 07,653,0.526,15.0
 2026- 04- 09 12: 21: 08,656,0.529,16.0
 2026- 04- 09 12: 21: 08,650,0.524,15.0
 2026- 04- 09 12: 21: 09,650,0.524,15.0
 2026- 04- 09 12: 21: 09,658,0.53,16.0
 2026- 04- 09 12: 21: 10,656,0.529,16.0
 2026- 04- 09 12: 21: 10,656,0.529,16.0
 2026- 04- 09 12: 21: 11,656,0.529,16.0
 2026- 04- 09 12: 21: 11,642,0.517,15.0
 2026- 04- 09 12: 21: 12,642,0.517,15.0
 2026- 04- 09 12: 21: 12,649,0.523,15.0
 2026- 04- 09 12: 21: 13,656,0.529,16.0
 2026- 04- 09 12: 21: 13,656,0.529,16.0
 2026- 04- 09 12: 21: 14,640,0.516,15.0
 2026- 04- 09 12: 21: 14,663,0.534,16.0
 2026- 04- 09 12: 21: 15,661,0.533,16.0
 2026- 04- 09 12: 21: 15,674,0.543,16.0
 2026- 04- 09 12: 21: 16,654,0.527,15.0
 2026- 04- 09 12: 21: 16,657,0.529,16.0
 2026- 04- 09 12: 21: 17,649,0.523,15.0
 2026- 04- 09 12: 21: 17,671,0.541,16.0
 2026- 04- 09 12: 21: 18,630,0.508,15.0
 2026- 04- 09 12: 21: 18,651,0.525,15.0
 2026- 04- 09 12: 21: 19,642,0.517,15.0
 2026- 04- 09 12: 21: 19,657,0.529,16.0
 2026- 04- 09 12: 21: 20,657,0.529,16.0
 2026- 04- 09 12: 21: 20,646,0.521,15.0
 2026- 04- 09 12: 21: 21,663,0.534,16.0
 2026- 04- 09 12: 21: 21,637,0.513,15.0
 2026- 04- 09 12: 21: 22,651,0.525,15.0
 2026- 04- 09 12: 21: 22,657,0.529,16.0
 2026- 04- 09 12: 21: 23,670,0.54,16.0
 2026- 04- 09 12: 21: 23,640,0.516,15.0
 2026- 04- 09 12: 21: 24,675,0.544,16.0
 2026- 04- 09 12: 21: 24,659,0.531,16.0
 2026- 04- 09 12: 21: 25,658,0.53,16.0
 2026- 04- 09 12: 21: 25,669,0.539,16.0
 2026- 04- 09 12: 21: 26,654,0.527,15.0
 2026- 04- 09 12: 21: 26,683,0.55,16.0
 2026- 04- 09 12: 21: 27,663,0.534,16.0
 2026- 04- 09 12: 21: 27,641,0.517,15.0
 2026- 04- 09 12: 21: 28,683,0.55,16.0
 2026- 04- 09 12: 21: 28,663,0.534,16.0
 2026- 04- 09 12: 21: 29,653,0.526,15.0
 2026- 04- 09 12: 21: 29,624,0.503,15.0
 2026- 04- 09 12: 21: 30,656,0.529,16.0
 2026- 04- 09 12: 21: 30,642,0.517,15.0
 2026- 04- 09 12: 21: 31,662,0.533,16.0
 2026- 04- 09 12: 21: 31,661,0.533,16.0
 2026- 04- 09 12: 21: 32,668,0.538,16.0
 2026- 04- 09 12: 21: 32,669,0.539,16.0
 2026- 04- 09 12: 21: 33,670,0.54,16.0
 2026- 04- 09 12: 21: 33,649,0.523,15.0
 2026- 04- 09 12: 21: 34,654,0.527,15.0
 2026- 04- 09 12: 21: 34,657,0.529,16.0
 2026- 04- 09 12: 21: 35,666,0.537,16.0
 2026- 04- 09 12: 21: 35,656,0.529,16.0
 2026- 04- 09 12: 21: 36,640,0.516,15.0
 2026- 04- 09 12: 21: 36,661,0.533,16.0
 2026- 04- 09 12: 21: 37,649,0.523,15.0
 2026- 04- 09 12: 21: 37,671,0.541,16.0
 2026- 04- 09 12: 21: 38,667,0.538,16.0
 2026- 04- 09 12: 21: 38,662,0.533,16.0
 2026- 04- 09 12: 21: 39,634,0.511,15.0
 2026- 04- 09 12: 21: 39,657,0.529,16.0
 2026- 04- 09 12: 21: 40,677,0.546,16.0
 2026- 04- 09 12: 21: 40,654,0.527,15.0
 2026- 04- 09 12: 21: 41,657,0.529,16.0
 2026- 04- 09 12: 21: 41,665,0.536,16.0
 2026- 04- 09 12: 21: 42,667,0.538,16.0
 2026- 04- 09 12: 21: 42,646,0.521,15.0
 2026- 04- 09 12: 21: 43,638,0.514,15.0
 2026- 04- 09 12: 21: 43,633,0.51,15.0
 2026- 04- 09 12: 21: 44,688,0.554,16.0
 2026- 04- 09 12: 21: 44,642,0.517,15.0
 2026- 04- 09 12: 21: 45,647,0.521,15.0
 2026- 04- 09 12: 21: 45,659,0.531,16.0
 2026- 04- 09 12: 21: 46,656,0.529,16.0
 2026- 04- 09 12: 21: 46,660,0.532,16.0
 2026- 04- 09 12: 21: 47,631,0.508,15.0
 2026- 04- 09 12: 21: 47,640,0.516,15.0
 2026- 04- 09 12: 21: 48,645,0.52,15.0
 2026- 04- 09 12: 21: 48,656,0.529,16.0
 2026- 04- 09 12: 21: 49,650,0.524,15.0
 2026- 04- 09 12: 21: 49,679,0.547,16.0
 2026- 04- 09 12: 21: 50,669,0.539,16.0
 2026- 04- 09 12: 21: 50,657,0.529,16.0
 2026- 04- 09 12: 21: 51,671,0.541,16.0
 2026- 04- 09 12: 21: 51,658,0.53,16.0
 2026- 04- 09 12: 21: 52,640,0.516,15.0
 2026- 04- 09 12: 21: 52,650,0.524,15.0
 2026- 04- 09 12: 21: 53,660,0.532,16.0
 2026- 04- 09 12: 21: 53,658,0.53,16.0
 2026- 04- 09 12: 21: 54,647,0.521,15.0
 2026- 04- 09 12: 21: 54,666,0.537,16.0
 2026- 04- 09 12: 21: 55,638,0.514,15.0
 2026- 04- 09 12: 21: 55,649,0.523,15.0
 2026- 04- 09 12: 21: 56,626,0.504,15.0
 2026- 04- 09 12: 21: 56,655,0.528,15.0
 2026- 04- 09 12: 21: 57,669,0.539,16.0
 2026- 04- 09 12: 21: 57,641,0.517,15.0
 2026- 04- 09 12: 21: 58,654,0.527,15.0
 2026- 04- 09 12: 21: 58,656,0.529,16.0
 2026- 04- 09 12: 21: 59,645,0.52,15.0
 2026- 04- 09 12: 21: 59,647,0.521,15.0
 2026- 04- 09 12: 22: 00,640,0.516,15.0
 2026- 04- 09 12: 22: 00,651,0.525,15.0
 2026- 04- 09 12: 22: 01,686,0.553,16.0
 2026- 04- 09 12: 22: 01,679,0.547,16.0
 2026- 04- 09 12: 22: 02,670,0.54,16.0
 2026- 04- 09 12: 22: 02,663,0.534,16.0
 2026- 04- 09 12: 22: 03,652,0.525,15.0
 2026- 04- 09 12: 22: 03,683,0.55,16.0
 2026- 04- 09 12: 22: 04,661,0.533,16.0
 2026- 04- 09 12: 22: 04,673,0.542,16.0
 2026- 04- 09 12: 22: 05,674,0.543,16.0
 2026- 04- 09 12: 22: 05,679,0.547,16.0
 2026- 04- 09 12: 22: 06,656,0.529,16.0
 2026- 04- 09 12: 22: 06,647,0.521,15.0
 2026- 04- 09 12: 22: 07,655,0.528,15.0
 2026- 04- 09 12: 22: 07,692,0.558,16.0
 2026- 04- 09 12: 22: 08,646,0.521,15.0
 2026- 04- 09 12: 22: 08,670,0.54,16.0
 2026- 04- 09 12: 22: 09,649,0.523,15.0
 2026- 04- 09 12: 22: 09,689,0.555,16.0
 2026- 04- 09 12: 22: 10,656,0.529,16.0
 2026- 04- 09 12: 22: 10,663,0.534,16.0
 2026- 04- 09 12: 22: 11,640,0.516,15.0
 2026- 04- 09 12: 22: 11,657,0.529,16.0
 2026- 04- 09 12: 22: 12,665,0.536,16.0
 2026- 04- 09 12: 22: 12,657,0.529,16.0
 2026- 04- 09 12: 22: 13,652,0.525,15.0
 2026- 04- 09 12: 22: 13,640,0.516,15.0
 2026- 04- 09 12: 22: 14,666,0.537,16.0
 2026- 04- 09 12: 22: 14,663,0.534,16.0
 2026- 04- 09 12: 22: 15,635,0.512,15.0
 2026- 04- 09 12: 22: 15,656,0.529,16.0
 2026- 04- 09 12: 22: 16,621,0.5,15.0
 2026- 04- 09 12: 22: 16,656,0.529,16.0
 2026- 04- 09 12: 22: 17,671,0.541,16.0
 2026- 04- 09 12: 22: 17,682,0.55,16.0
 2026- 04- 09 12: 22: 18,651,0.525,15.0
 2026- 04- 09 12: 22: 18,646,0.521,15.0
 2026- 04- 09 12: 22: 19,659,0.531,16.0
 2026- 04- 09 12: 22: 19,662,0.533,16.0
 2026- 04- 09 12: 22: 20,651,0.525,15.0
 2026- 04- 09 12: 22: 20,667,0.538,16.0
 2026- 04- 09 12: 22: 21,671,0.541,16.0
 2026- 04- 09 12: 22: 21,641,0.517,15.0
 2026- 04- 09 12: 22: 22,645,0.52,15.0
 2026- 04- 09 12: 22: 22,656,0.529,16.0
 2026- 04- 09 12: 22: 23,636,0.513,15.0
 2026- 04- 09 12: 22: 23,661,0.533,16.0
 2026- 04- 09 12: 22: 24,654,0.527,15.0
 2026- 04- 09 12: 22: 24,646,0.521,15.0
 2026- 04- 09 12: 22: 25,667,0.538,16.0
 2026- 04- 09 12: 22: 25,650,0.524,15.0
 2026- 04- 09 12: 22: 26,638,0.514,15.0
 2026- 04- 09 12: 22: 26,650,0.524,15.0
 2026- 04- 09 12: 22: 27,666,0.537,16.0
 2026- 04- 09 12: 22: 27,677,0.546,16.0
 2026- 04- 09 12: 22: 28,641,0.517,15.0
 2026- 04- 09 12: 22: 28,629,0.507,15.0
 2026- 04- 09 12: 22: 29,659,0.531,16.0
 2026- 04- 09 12: 22: 29,677,0.546,16.0
 2026- 04- 09 12: 22: 30,653,0.526,15.0
 2026- 04- 09 12: 22: 30,651,0.525,15.0
 2026- 04- 09 12: 22: 31,657,0.529,16.0
 2026- 04- 09 12: 22: 31,658,0.53,16.0
 2026- 04- 09 12: 22: 32,670,0.54,16.0
 2026- 04- 09 12: 22: 32,654,0.527,15.0
 2026- 04- 09 12: 22: 33,648,0.522,15.0
 2026- 04- 09 12: 22: 33,654,0.527,15.0
 2026- 04- 09 12: 22: 34,655,0.528,15.0
 2026- 04- 09 12: 22: 34,656,0.529,16.0
 2026- 04- 09 12: 22: 35,656,0.529,16.0
 2026- 04- 09 12: 22: 35,656,0.529,16.0
 2026- 04- 09 12: 22: 36,657,0.529,16.0
 2026- 04- 09 12: 22: 36,645,0.52,15.0
 2026- 04- 09 12: 22: 37,640,0.516,15.0
 2026- 04- 09 12: 22: 37,650,0.524,15.0
 2026- 04- 09 12: 22: 38,656,0.529,16.0
 2026- 04- 09 12: 22: 38,647,0.521,15.0
 2026- 04- 09 12: 22: 39,624,0.503,15.0
 2026- 04- 09 12: 22: 39,624,0.503,15.0
 2026- 04- 09 12: 22: 40,641,0.517,15.0
 2026- 04- 09 12: 22: 40,647,0.521,15.0
 2026- 04- 09 12: 22: 41,639,0.515,15.0
 2026- 04- 09 12: 22: 41,654,0.527,15.0
 2026- 04- 09 12: 22: 42,663,0.534,16.0
 2026- 04- 09 12: 22: 42,649,0.523,15.0
 2026- 04- 09 12: 22: 43,656,0.529,16.0
 2026- 04- 09 12: 22: 43,656,0.529,16.0
 2026- 04- 09 12: 22: 44,662,0.533,16.0
 2026- 04- 09 12: 22: 44,657,0.529,16.0
 2026- 04- 09 12: 22: 45,687,0.554,16.0
 2026- 04- 09 12: 22: 45,652,0.525,15.0
 2026- 04- 09 12: 22: 46,687,0.554,16.0
 2026- 04- 09 12: 22: 46,638,0.514,15.0
 2026- 04- 09 12: 22: 47,637,0.513,15.0
 2026- 04- 09 12: 22: 47,662,0.533,16.0
 2026- 04- 09 12: 22: 48,653,0.526,15.0
 2026- 04- 09 12: 22: 48,667,0.538,16.0
 2026- 04- 09 12: 22: 49,678,0.546,16.0
 2026- 04- 09 12: 22: 49,638,0.514,15.0
 2026- 04- 09 12: 22: 50,645,0.52,15.0
 2026- 04- 09 12: 22: 50,670,0.54,16.0
 2026- 04- 09 12: 22: 51,630,0.508,15.0
 2026- 04- 09 12: 22: 51,656,0.529,16.0
 2026- 04- 09 12: 22: 52,664,0.535,16.0
 2026- 04- 09 12: 22: 52,635,0.512,15.0
 2026- 04- 09 12: 22: 53,640,0.516,15.0
 2026- 04- 09 12: 22: 53,656,0.529,16.0
 2026- 04- 09 12: 22: 54,650,0.524,15.0
 2026- 04- 09 12: 22: 54,645,0.52,15.0
 2026- 04- 09 12: 22: 55,656,0.529,16.0
 2026- 04- 09 12: 22: 55,656,0.529,16.0
 2026- 04- 09 12: 22: 56,674,0.543,16.0
 2026- 04- 09 12: 22: 56,654,0.527,15.0
 2026- 04- 09 12: 22: 57,643,0.518,15.0
 2026- 04- 09 12: 22: 57,650,0.524,15.0
 2026- 04- 09 12: 22: 58,630,0.508,15.0
 2026- 04- 09 12: 22: 58,657,0.529,16.0
 2026- 04- 09 12: 22: 59,645,0.52,15.0
 2026- 04- 09 12: 22: 59,657,0.529,16.0
 2026- 04- 09 12: 23: 00,652,0.525,15.0
 2026- 04- 09 12: 23: 00,656,0.529,16.0
 2026- 04- 09 12: 23: 01,650,0.524,15.0
 2026- 04- 09 12: 23: 01,624,0.503,15.0
 2026- 04- 09 12: 23: 02,661,0.533,16.0
 2026- 04- 09 12: 23: 02,659,0.531,16.0
 2026- 04- 09 12: 23: 03,656,0.529,16.0
 2026- 04- 09 12: 23: 03,663,0.534,16.0
 2026- 04- 09 12: 23: 04,648,0.522,15.0
 2026- 04- 09 12: 23: 04,670,0.54,16.0
 2026- 04- 09 12: 23: 05,651,0.525,15.0
 2026- 04- 09 12: 23: 05,643,0.518,15.0
 2026- 04- 09 12: 23: 06,657,0.529,16.0
 2026- 04- 09 12: 23: 06,639,0.515,15.0
 2026- 04- 09 12: 23: 07,655,0.528,15.0
 2026- 04- 09 12: 23: 07,621,0.5,15.0
 2026- 04- 09 12: 23: 08,679,0.547,16.0
 2026- 04- 09 12: 23: 08,662,0.533,16.0
 2026- 04- 09 12: 23: 09,652,0.525,15.0
 2026- 04- 09 12: 23: 09,641,0.517,15.0
 2026- 04- 09 12: 23: 10,666,0.537,16.0
 2026- 04- 09 12: 23: 10,631,0.508,15.0
 2026- 04- 09 12: 23: 11,629,0.507,15.0
 2026- 04- 09 12: 23: 11,643,0.518,15.0
 2026- 04- 09 12: 23: 12,677,0.546,16.0
 2026- 04- 09 12: 23: 12,685,0.552,16.0
 2026- 04- 09 12: 23: 13,672,0.542,16.0
 2026- 04- 09 12: 23: 13,662,0.533,16.0
 2026- 04- 09 12: 23: 14,653,0.526,15.0
 2026- 04- 09 12: 23: 14,656,0.529,16.0
 2026- 04- 09 12: 23: 15,655,0.528,15.0
 2026- 04- 09 12: 23: 15,659,0.531,16.0
 2026- 04- 09 12: 23: 16,640,0.516,15.0
 2026- 04- 09 12: 23: 16,650,0.524,15.0
 2026- 04- 09 12: 23: 17,661,0.533,16.0
 2026- 04- 09 12: 23: 17,667,0.538,16.0
 2026- 04- 09 12: 23: 18,656,0.529,16.0
 2026- 04- 09 12: 23: 18,653,0.526,15.0
 2026- 04- 09 12: 23: 19,631,0.508,15.0
 2026- 04- 09 12: 23: 19,646,0.521,15.0
 2026- 04- 09 12: 23: 20,640,0.516,15.0
 2026- 04- 09 12: 23: 20,663,0.534,16.0
 2026- 04- 09 12: 23: 21,683,0.55,16.0
 2026- 04- 09 12: 23: 21,675,0.544,16.0
 2026- 04- 09 12: 23: 22,649,0.523,15.0
 2026- 04- 09 12: 23: 22,646,0.521,15.0
 2026- 04- 09 12: 23: 23,636,0.513,15.0
 2026- 04- 09 12: 23: 23,656,0.529,16.0
 2026- 04- 09 12: 23: 24,653,0.526,15.0
 2026- 04- 09 12: 23: 24,677,0.546,16.0
 2026- 04- 09 12: 23: 25,649,0.523,15.0
 2026- 04- 09 12: 23: 25,634,0.511,15.0
 2026- 04- 09 12: 23: 26,657,0.529,16.0
 2026- 04- 09 12: 23: 26,659,0.531,16.0
 2026- 04- 09 12: 23: 27,634,0.511,15.0
 2026- 04- 09 12: 23: 27,656,0.529,16.0
 2026- 04- 09 12: 23: 28,630,0.508,15.0
 2026- 04- 09 12: 23: 28,653,0.526,15.0
 2026- 04- 09 12: 23: 29,672,0.542,16.0
 2026- 04- 09 12: 23: 29,666,0.537,16.0
 2026- 04- 09 12: 23: 30,657,0.529,16.0
 2026- 04- 09 12: 23: 30,667,0.538,16.0
 2026- 04- 09 12: 23: 31,649,0.523,15.0
 2026- 04- 09 12: 23: 31,656,0.529,16.0
 2026- 04- 09 12: 23: 32,624,0.503,15.0
 2026- 04- 09 12: 23: 32,647,0.521,15.0
 2026- 04- 09 12: 23: 33,656,0.529,16.0
 2026- 04- 09 12: 23: 33,667,0.538,16.0
 2026- 04- 09 12: 23: 34,662,0.533,16.0
 2026- 04- 09 12: 23: 34,663,0.534,16.0
 2026- 04- 09 12: 23: 35,649,0.523,15.0
 2026- 04- 09 12: 23: 35,639,0.515,15.0
 2026- 04- 09 12: 23: 36,656,0.529,16.0
 2026- 04- 09 12: 23: 36,656,0.529,16.0
 2026- 04- 09 12: 23: 37,655,0.528,15.0
 2026- 04- 09 12: 23: 37,659,0.531,16.0
 2026- 04- 09 12: 23: 38,636,0.513,15.0
 2026- 04- 09 12: 23: 38,671,0.541,16.0
 2026- 04- 09 12: 23: 39,667,0.538,16.0
 2026- 04- 09 12: 23: 39,657,0.529,16.0
 2026- 04- 09 12: 23: 40,654,0.527,15.0
 2026- 04- 09 12: 23: 40,646,0.521,15.0
 2026- 04- 09 12: 23: 41,649,0.523,15.0
 2026- 04- 09 12: 23: 41,658,0.53,16.0
 2026- 04- 09 12: 23: 42,687,0.554,16.0
 2026- 04- 09 12: 23: 42,645,0.52,15.0
 2026- 04- 09 12: 23: 43,641,0.517,15.0
 2026- 04- 09 12: 23: 43,655,0.528,15.0
 2026- 04- 09 12: 23: 44,649,0.523,15.0
 2026- 04- 09 12: 23: 44,656,0.529,16.0
 2026- 04- 09 12: 23: 45,659,0.531,16.0
 2026- 04- 09 12: 23: 45,679,0.547,16.0
 2026- 04- 09 12: 23: 46,671,0.541,16.0
 2026- 04- 09 12: 23: 46,652,0.525,15.0
 2026- 04- 09 12: 23: 47,679,0.547,16.0
 2026- 04- 09 12: 23: 47,656,0.529,16.0
 2026- 04- 09 12: 23: 48,644,0.519,15.0
 2026- 04- 09 12: 23: 48,654,0.527,15.0
 2026- 04- 09 12: 23: 49,656,0.529,16.0
 2026- 04- 09 12: 23: 49,665,0.536,16.0
 2026- 04- 09 12: 23: 50,654,0.527,15.0
 2026- 04- 09 12: 23: 50,650,0.524,15.0
 2026- 04- 09 12: 23: 51,655,0.528,15.0
 2026- 04- 09 12: 23: 51,659,0.531,16.0
 2026- 04- 09 12: 23: 52,640,0.516,15.0
 2026- 04- 09 12: 23: 52,674,0.543,16.0
 2026- 04- 09 12: 23: 53,637,0.513,15.0
 2026- 04- 09 12: 23: 53,656,0.529,16.0
 2026- 04- 09 12: 23: 54,658,0.53,16.0
 2026- 04- 09 12: 23: 54,669,0.539,16.0
 2026- 04- 09 12: 23: 55,681,0.549,16.0
 2026- 04- 09 12: 23: 55,644,0.519,15.0
 2026- 04- 09 12: 23: 56,628,0.506,15.0
 2026- 04- 09 12: 23: 56,649,0.523,15.0
 2026- 04- 09 12: 23: 57,626,0.504,15.0
 2026- 04- 09 12: 23: 57,678,0.546,16.0
 2026- 04- 09 12: 23: 58,656,0.529,16.0
 2026- 04- 09 12: 23: 58,645,0.52,15.0
 2026- 04- 09 12: 23: 59,664,0.535,16.0
 2026- 04- 09 12: 23: 59,658,0.53,16.0
 2026- 04- 09 12: 24: 00,679,0.547,16.0
 2026- 04- 09 12: 24: 00,661,0.533,16.0
 2026- 04- 09 12: 24: 01,638,0.514,15.0
 2026- 04- 09 12: 24: 01,639,0.515,15.0
 2026- 04- 09 12: 24: 02,629,0.507,15.0
 2026- 04- 09 12: 24: 02,676,0.545,16.0
 2026- 04- 09 12: 24: 03,675,0.544,16.0
 2026- 04- 09 12: 24: 03,637,0.513,15.0
 2026- 04- 09 12: 24: 04,671,0.541,16.0
 2026- 04- 09 12: 24: 04,667,0.538,16.0
 2026- 04- 09 12: 24: 05,654,0.527,15.0
 2026- 04- 09 12: 24: 05,657,0.529,16.0
 2026- 04- 09 12: 24: 06,705,0.568,17.0
 2026- 04- 09 12: 24: 06,642,0.517,15.0
 2026- 04- 09 12: 24: 07,660,0.532,16.0
 2026- 04- 09 12: 24: 07,625,0.504,15.0
 2026- 04- 09 12: 24: 08,642,0.517,15.0
 2026- 04- 09 12: 24: 08,665,0.536,16.0
 2026- 04- 09 12: 24: 09,661,0.533,16.0
 2026- 04- 09 12: 24: 09,641,0.517,15.0
 2026- 04- 09 12: 24: 10,662,0.533,16.0
 2026- 04- 09 12: 24: 10,645,0.52,15.0
 2026- 04- 09 12: 24: 11,682,0.55,16.0
 2026- 04- 09 12: 24: 11,655,0.528,15.0
 2026- 04- 09 12: 24: 12,623,0.502,15.0
 2026- 04- 09 12: 24: 12,641,0.517,15.0
 2026- 04- 09 12: 24: 13,640,0.516,15.0
 2026- 04- 09 12: 24: 13,654,0.527,15.0
 2026- 04- 09 12: 24: 14,665,0.536,16.0
 2026- 04- 09 12: 24: 14,653,0.526,15.0
 2026- 04- 09 12: 24: 15,635,0.512,15.0
 2026- 04- 09 12: 24: 15,640,0.516,15.0
 2026- 04- 09 12: 24: 16,658,0.53,16.0
 2026- 04- 09 12: 24: 16,626,0.504,15.0
 2026- 04- 09 12: 24: 17,654,0.527,15.0
 2026- 04- 09 12: 24: 17,654,0.527,15.0
 2026- 04- 09 12: 24: 18,653,0.526,15.0
 2026- 04- 09 12: 24: 18,646,0.521,15.0
 2026- 04- 09 12: 24: 19,681,0.549,16.0
 2026- 04- 09 12: 24: 19,675,0.544,16.0
 2026- 04- 09 12: 24: 20,675,0.544,16.0
 2026- 04- 09 12: 24: 20,640,0.516,15.0
 2026- 04- 09 12: 24: 21,624,0.503,15.0
 2026- 04- 09 12: 24: 21,650,0.524,15.0
 2026- 04- 09 12: 24: 22,641,0.517,15.0
 2026- 04- 09 12: 24: 22,675,0.544,16.0
 2026- 04- 09 12: 24: 23,652,0.525,15.0
 2026- 04- 09 12: 24: 23,643,0.518,15.0
 2026- 04- 09 12: 24: 24,675,0.544,16.0
 2026- 04- 09 12: 24: 24,646,0.521,15.0
 2026- 04- 09 12: 24: 25,649,0.523,15.0
 2026- 04- 09 12: 24: 25,672,0.542,16.0
 2026- 04- 09 12: 24: 26,627,0.505,15.0
 2026- 04- 09 12: 24: 26,656,0.529,16.0
 2026- 04- 09 12: 24: 27,641,0.517,15.0
 2026- 04- 09 12: 24: 27,654,0.527,15.0
 2026- 04- 09 12: 24: 28,634,0.511,15.0
 2026- 04- 09 12: 24: 28,679,0.547,16.0
 2026- 04- 09 12: 24: 29,699,0.563,17.0
 2026- 04- 09 12: 24: 29,639,0.515,15.0
 2026- 04- 09 12: 24: 30,635,0.512,15.0
 2026- 04- 09 12: 24: 30,656,0.529,16.0
 2026- 04- 09 12: 24: 31,683,0.55,16.0
 2026- 04- 09 12: 24: 31,671,0.541,16.0
 2026- 04- 09 12: 24: 32,658,0.53,16.0
 2026- 04- 09 12: 24: 32,637,0.513,15.0
 2026- 04- 09 12: 24: 33,672,0.542,16.0
 2026- 04- 09 12: 24: 33,642,0.517,15.0
 2026- 04- 09 12: 24: 34,673,0.542,16.0
 2026- 04- 09 12: 24: 34,677,0.546,16.0
 2026- 04- 09 12: 24: 35,665,0.536,16.0
 2026- 04- 09 12: 24: 35,657,0.529,16.0
 2026- 04- 09 12: 24: 36,647,0.521,15.0
 2026- 04- 09 12: 24: 36,656,0.529,16.0
 2026- 04- 09 12: 24: 37,670,0.54,16.0
 2026- 04- 09 12: 24: 37,658,0.53,16.0
 2026- 04- 09 12: 24: 38,648,0.522,15.0
 2026- 04- 09 12: 24: 38,656,0.529,16.0
 2026- 04- 09 12: 24: 39,631,0.508,15.0
 2026- 04- 09 12: 24: 39,651,0.525,15.0
 2026- 04- 09 12: 24: 40,656,0.529,16.0
 2026- 04- 09 12: 24: 40,669,0.539,16.0
 2026- 04- 09 12: 24: 41,679,0.547,16.0
 2026- 04- 09 12: 24: 41,658,0.53,16.0
 2026- 04- 09 12: 24: 42,655,0.528,15.0
 2026- 04- 09 12: 24: 42,649,0.523,15.0
 2026- 04- 09 12: 24: 43,656,0.529,16.0
 2026- 04- 09 12: 24: 43,653,0.526,15.0
 2026- 04- 09 12: 24: 44,669,0.539,16.0
 2026- 04- 09 12: 24: 44,677,0.546,16.0
 2026- 04- 09 12: 24: 45,672,0.542,16.0
 2026- 04- 09 12: 24: 45,635,0.512,15.0
 2026- 04- 09 12: 24: 46,647,0.521,15.0
 2026- 04- 09 12: 24: 46,658,0.53,16.0
 2026- 04- 09 12: 24: 47,665,0.536,16.0
 2026- 04- 09 12: 24: 47,653,0.526,15.0
 2026- 04- 09 12: 24: 48,646,0.521,15.0
 2026- 04- 09 12: 24: 48,652,0.525,15.0
 2026- 04- 09 12: 24: 49,642,0.517,15.0
 2026- 04- 09 12: 24: 49,647,0.521,15.0
 2026- 04- 09 12: 24: 50,655,0.528,15.0
 2026- 04- 09 12: 24: 50,644,0.519,15.0
 2026- 04- 09 12: 24: 51,665,0.536,16.0
 2026- 04- 09 12: 24: 51,637,0.513,15.0
 2026- 04- 09 12: 24: 52,645,0.52,15.0
 2026- 04- 09 12: 24: 52,656,0.529,16.0
 2026- 04- 09 12: 24: 53,636,0.513,15.0
 2026- 04- 09 12: 24: 53,660,0.532,16.0
 2026- 04- 09 12: 24: 54,663,0.534,16.0
 2026- 04- 09 12: 24: 54,644,0.519,15.0
 2026- 04- 09 12: 24: 55,643,0.518,15.0
 2026- 04- 09 12: 24: 55,636,0.513,15.0
 2026- 04- 09 12: 24: 56,641,0.517,15.0
 2026- 04- 09 12: 24: 56,656,0.529,16.0
 2026- 04- 09 12: 24: 57,641,0.517,15.0
 2026- 04- 09 12: 24: 57,661,0.533,16.0
 2026- 04- 09 12: 24: 58,666,0.537,16.0
 2026- 04- 09 12: 24: 58,671,0.541,16.0
 2026- 04- 09 12: 24: 59,655,0.528,15.0
 2026- 04- 09 12: 24: 59,650,0.524,15.0
 2026- 04- 09 12: 25: 00,626,0.504,15.0
 2026- 04- 09 12: 25: 00,668,0.538,16.0
 2026- 04- 09 12: 25: 01,654,0.527,15.0
 2026- 04- 09 12: 25: 01,646,0.521,15.0
 2026- 04- 09 12: 25: 02,662,0.533,16.0
 2026- 04- 09 12: 25: 02,630,0.508,15.0
 2026- 04- 09 12: 25: 03,631,0.508,15.0
 2026- 04- 09 12: 25: 03,688,0.554,16.0
 2026- 04- 09 12: 25: 04,661,0.533,16.0
 2026- 04- 09 12: 25: 04,656,0.529,16.0
 2026- 04- 09 12: 25: 05,622,0.501,15.0
 2026- 04- 09 12: 25: 05,671,0.541,16.0
 2026- 04- 09 12: 25: 06,653,0.526,15.0
 2026- 04- 09 12: 25: 06,640,0.516,15.0
 2026- 04- 09 12: 25: 07,672,0.542,16.0
 2026- 04- 09 12: 25: 07,687,0.554,16.0
 2026- 04- 09 12: 25: 08,656,0.529,16.0
 2026- 04- 09 12: 25: 08,640,0.516,15.0
 2026- 04- 09 12: 25: 09,631,0.508,15.0
 2026- 04- 09 12: 25: 09,642,0.517,15.0
 2026- 04- 09 12: 25: 10,683,0.55,16.0
 2026- 04- 09 12: 25: 10,649,0.523,15.0
 2026- 04- 09 12: 25: 11,656,0.529,16.0
 2026- 04- 09 12: 25: 11,659,0.531,16.0
 2026- 04- 09 12: 25: 12,624,0.503,15.0
 2026- 04- 09 12: 25: 12,625,0.504,15.0
 2026- 04- 09 12: 25: 13,666,0.537,16.0
 2026- 04- 09 12: 25: 13,625,0.504,15.0
 2026- 04- 09 12: 25: 14,671,0.541,16.0
 2026- 04- 09 12: 25: 14,676,0.545,16.0
 2026- 04- 09 12: 25: 15,653,0.526,15.0
 2026- 04- 09 12: 25: 15,641,0.517,15.0
 2026- 04- 09 12: 25: 16,687,0.554,16.0
 2026- 04- 09 12: 25: 16,678,0.546,16.0
 2026- 04- 09 12: 25: 17,683,0.55,16.0
 2026- 04- 09 12: 25: 17,675,0.544,16.0
 2026- 04- 09 12: 25: 18,667,0.538,16.0
 2026- 04- 09 12: 25: 18,650,0.524,15.0
 2026- 04- 09 12: 25: 19,657,0.529,16.0
 2026- 04- 09 12: 25: 19,672,0.542,16.0
 2026- 04- 09 12: 25: 20,666,0.537,16.0
 2026- 04- 09 12: 25: 20,646,0.521,15.0
 2026- 04- 09 12: 25: 21,656,0.529,16.0
 2026- 04- 09 12: 25: 21,670,0.54,16.0
 2026- 04- 09 12: 25: 22,650,0.524,15.0
 2026- 04- 09 12: 25: 22,675,0.544,16.0
 2026- 04- 09 12: 25: 23,634,0.511,15.0
 2026- 04- 09 12: 25: 23,674,0.543,16.0
 2026- 04- 09 12: 25: 24,687,0.554,16.0
 2026- 04- 09 12: 25: 24,657,0.529,16.0
 2026- 04- 09 12: 25: 25,626,0.504,15.0
 2026- 04- 09 12: 25: 25,655,0.528,15.0
 2026- 04- 09 12: 25: 26,656,0.529,16.0
 2026- 04- 09 12: 25: 26,640,0.516,15.0
 2026- 04- 09 12: 25: 27,650,0.524,15.0
 2026- 04- 09 12: 25: 27,656,0.529,16.0
 2026- 04- 09 12: 25: 28,660,0.532,16.0
 2026- 04- 09 12: 25: 28,643,0.518,15.0
 2026- 04- 09 12: 25: 29,641,0.517,15.0
 2026- 04- 09 12: 25: 29,647,0.521,15.0
 2026- 04- 09 12: 25: 30,642,0.517,15.0
 2026- 04- 09 12: 25: 30,642,0.517,15.0
 2026- 04- 09 12: 25: 31,633,0.51,15.0
 2026- 04- 09 12: 25: 31,638,0.514,15.0
 2026- 04- 09 12: 25: 32,643,0.518,15.0
 2026- 04- 09 12: 25: 32,637,0.513,15.0
 2026- 04- 09 12: 25: 33,656,0.529,16.0
 2026- 04- 09 12: 25: 33,624,0.503,15.0
 2026- 04- 09 12: 25: 34,667,0.538,16.0
 2026- 04- 09 12: 25: 34,647,0.521,15.0
 2026- 04- 09 12: 25: 35,665,0.536,16.0
 2026- 04- 09 12: 25: 35,674,0.543,16.0
 2026- 04- 09 12: 25: 36,624,0.503,15.0
 2026- 04- 09 12: 25: 36,640,0.516,15.0
 2026- 04- 09 12: 25: 37,675,0.544,16.0
 2026- 04- 09 12: 25: 37,679,0.547,16.0
 2026- 04- 09 12: 25: 38,720,0.58,17.0
 2026- 04- 09 12: 25: 38,634,0.511,15.0
 2026- 04- 09 12: 25: 39,625,0.504,15.0
 2026- 04- 09 12: 25: 39,668,0.538,16.0
 2026- 04- 09 12: 25: 40,656,0.529,16.0
 2026- 04- 09 12: 25: 40,645,0.52,15.0
 2026- 04- 09 12: 25: 41,650,0.524,15.0
 2026- 04- 09 12: 25: 41,668,0.538,16.0
 2026- 04- 09 12: 25: 42,660,0.532,16.0
 2026- 04- 09 12: 25: 42,640,0.516,15.0
 2026- 04- 09 12: 25: 43,640,0.516,15.0
 2026- 04- 09 12: 25: 43,688,0.554,16.0
 2026- 04- 09 12: 25: 44,671,0.541,16.0
 2026- 04- 09 12: 25: 44,674,0.543,16.0
 2026- 04- 09 12: 25: 45,656,0.529,16.0
 2026- 04- 09 12: 25: 45,656,0.529,16.0
 2026- 04- 09 12: 25: 46,641,0.517,15.0
 2026- 04- 09 12: 25: 46,678,0.546,16.0
 2026- 04- 09 12: 25: 47,645,0.52,15.0
 2026- 04- 09 12: 25: 47,639,0.515,15.0
 2026- 04- 09 12: 25: 48,653,0.526,15.0
 2026- 04- 09 12: 25: 48,672,0.542,16.0
 2026- 04- 09 12: 25: 49,671,0.541,16.0
 2026- 04- 09 12: 25: 49,678,0.546,16.0
 2026- 04- 09 12: 25: 50,637,0.513,15.0
 2026- 04- 09 12: 25: 50,660,0.532,16.0
 2026- 04- 09 12: 25: 51,657,0.529,16.0
 2026- 04- 09 12: 25: 51,640,0.516,15.0
 2026- 04- 09 12: 25: 52,653,0.526,15.0
 2026- 04- 09 12: 25: 52,661,0.533,16.0
 2026- 04- 09 12: 25: 53,662,0.533,16.0
 2026- 04- 09 12: 25: 53,641,0.517,15.0
 2026- 04- 09 12: 25: 54,653,0.526,15.0
 2026- 04- 09 12: 25: 54,674,0.543,16.0
 2026- 04- 09 12: 25: 55,620,0.5,15.0
 2026- 04- 09 12: 25: 55,658,0.53,16.0
 2026- 04- 09 12: 25: 56,650,0.524,15.0
 2026- 04- 09 12: 25: 56,656,0.529,16.0
 2026- 04- 09 12: 25: 57,627,0.505,15.0
 2026- 04- 09 12: 25: 57,681,0.549,16.0
 2026- 04- 09 12: 25: 58,695,0.56,16.0
 2026- 04- 09 12: 25: 58,656,0.529,16.0
 2026- 04- 09 12: 25: 59,654,0.527,15.0
 2026- 04- 09 12: 25: 59,636,0.513,15.0
 2026- 04- 09 12: 26: 00,640,0.516,15.0
 2026- 04- 09 12: 26: 00,620,0.5,15.0
 2026- 04- 09 12: 26: 01,678,0.546,16.0
 2026- 04- 09 12: 26: 01,646,0.521,15.0
 2026- 04- 09 12: 26: 02,688,0.554,16.0
 2026- 04- 09 12: 26: 02,684,0.551,16.0
 2026- 04- 09 12: 26: 03,659,0.531,16.0
 2026- 04- 09 12: 26: 03,656,0.529,16.0
 2026- 04- 09 12: 26: 04,658,0.53,16.0
 2026- 04- 09 12: 26: 04,656,0.529,16.0
 2026- 04- 09 12: 26: 05,678,0.546,16.0
 2026- 04- 09 12: 26: 05,636,0.513,15.0
 2026- 04- 09 12: 26: 06,610,0.492,14.0
 2026- 04- 09 12: 26: 06,653,0.526,15.0
 2026- 04- 09 12: 26: 07,689,0.555,16.0
 2026- 04- 09 12: 26: 07,678,0.546,16.0
 2026- 04- 09 12: 26: 08,656,0.529,16.0
 2026- 04- 09 12: 26: 08,626,0.504,15.0
 2026- 04- 09 12: 26: 09,656,0.529,16.0
 2026- 04- 09 12: 26: 09,672,0.542,16.0
 2026- 04- 09 12: 26: 10,663,0.534,16.0
 2026- 04- 09 12: 26: 10,657,0.529,16.0
 2026- 04- 09 12: 26: 11,626,0.504,15.0
 2026- 04- 09 12: 26: 11,647,0.521,15.0
 2026- 04- 09 12: 26: 12,660,0.532,16.0
 2026- 04- 09 12: 26: 12,659,0.531,16.0
 2026- 04- 09 12: 26: 13,662,0.533,16.0
 2026- 04- 09 12: 26: 13,660,0.532,16.0
 2026- 04- 09 12: 26: 14,628,0.506,15.0
 2026- 04- 09 12: 26: 14,652,0.525,15.0
 2026- 04- 09 12: 26: 15,624,0.503,15.0
 2026- 04- 09 12: 26: 15,641,0.517,15.0
 2026- 04- 09 12: 26: 16,651,0.525,15.0
 2026- 04- 09 12: 26: 16,665,0.536,16.0
 2026- 04- 09 12: 26: 17,673,0.542,16.0
 2026- 04- 09 12: 26: 17,678,0.546,16.0
 2026- 04- 09 12: 26: 18,642,0.517,15.0
 2026- 04- 09 12: 26: 18,689,0.555,16.0
 2026- 04- 09 12: 26: 19,659,0.531,16.0
 2026- 04- 09 12: 26: 19,629,0.507,15.0
 2026- 04- 09 12: 26: 20,626,0.504,15.0
 2026- 04- 09 12: 26: 20,679,0.547,16.0
 2026- 04- 09 12: 26: 21,643,0.518,15.0
 2026- 04- 09 12: 26: 21,674,0.543,16.0
 2026- 04- 09 12: 26: 22,642,0.517,15.0
 2026- 04- 09 12: 26: 22,640,0.516,15.0
 2026- 04- 09 12: 26: 23,672,0.542,16.0
 2026- 04- 09 12: 26: 23,654,0.527,15.0
 2026- 04- 09 12: 26: 24,657,0.529,16.0
 2026- 04- 09 12: 26: 24,640,0.516,15.0
 2026- 04- 09 12: 26: 25,678,0.546,16.0
 2026- 04- 09 12: 26: 25,656,0.529,16.0
 2026- 04- 09 12: 26: 26,679,0.547,16.0
 2026- 04- 09 12: 26: 26,683,0.55,16.0
 2026- 04- 09 12: 26: 27,662,0.533,16.0
 2026- 04- 09 12: 26: 27,637,0.513,15.0
 2026- 04- 09 12: 26: 28,651,0.525,15.0
 2026- 04- 09 12: 26: 28,686,0.553,16.0
 2026- 04- 09 12: 26: 29,610,0.492,14.0
 2026- 04- 09 12: 26: 29,686,0.553,16.0
 2026- 04- 09 12: 26: 30,636,0.513,15.0
 2026- 04- 09 12: 26: 30,635,0.512,15.0
 2026- 04- 09 12: 26: 31,687,0.554,16.0
 2026- 04- 09 12: 26: 31,649,0.523,15.0
 2026- 04- 09 12: 26: 32,659,0.531,16.0
 2026- 04- 09 12: 26: 32,651,0.525,15.0
 2026- 04- 09 12: 26: 33,672,0.542,16.0
 2026- 04- 09 12: 26: 33,677,0.546,16.0
 2026- 04- 09 12: 26: 34,674,0.543,16.0
 2026- 04- 09 12: 26: 34,641,0.517,15.0
 2026- 04- 09 12: 26: 35,646,0.521,15.0
 2026- 04- 09 12: 26: 35,637,0.513,15.0
 2026- 04- 09 12: 26: 36,670,0.54,16.0
 2026- 04- 09 12: 26: 36,634,0.511,15.0
 2026- 04- 09 12: 26: 37,657,0.529,16.0
 2026- 04- 09 12: 26: 37,647,0.521,15.0
 2026- 04- 09 12: 26: 38,654,0.527,15.0
 2026- 04- 09 12: 26: 38,656,0.529,16.0
 2026- 04- 09 12: 26: 39,663,0.534,16.0
 2026- 04- 09 12: 26: 39,650,0.524,15.0
 2026- 04- 09 12: 26: 40,641,0.517,15.0
 2026- 04- 09 12: 26: 40,674,0.543,16.0
 2026- 04- 09 12: 26: 41,650,0.524,15.0
 2026- 04- 09 12: 26: 41,656,0.529,16.0
 2026- 04- 09 12: 26: 42,698,0.562,17.0
 2026- 04- 09 12: 26: 42,656,0.529,16.0
 2026- 04- 09 12: 26: 43,657,0.529,16.0
 2026- 04- 09 12: 26: 43,644,0.519,15.0
 2026- 04- 09 12: 26: 44,651,0.525,15.0
 2026- 04- 09 12: 26: 44,623,0.502,15.0
 2026- 04- 09 12: 26: 45,666,0.537,16.0
 2026- 04- 09 12: 26: 45,695,0.56,16.0
 2026- 04- 09 12: 26: 46,688,0.554,16.0
 2026- 04- 09 12: 26: 46,666,0.537,16.0
 2026- 04- 09 12: 26: 47,654,0.527,15.0
 2026- 04- 09 12: 26: 47,656,0.529,16.0
 2026- 04- 09 12: 26: 48,633,0.51,15.0
 2026- 04- 09 12: 26: 48,676,0.545,16.0
 2026- 04- 09 12: 26: 49,649,0.523,15.0
 2026- 04- 09 12: 26: 49,661,0.533,16.0
 2026- 04- 09 12: 26: 50,659,0.531,16.0
 2026- 04- 09 12: 26: 50,668,0.538,16.0
 2026- 04- 09 12: 26: 51,659,0.531,16.0
 2026- 04- 09 12: 26: 51,634,0.511,15.0
 2026- 04- 09 12: 26: 52,625,0.504,15.0
 2026- 04- 09 12: 26: 52,656,0.529,16.0
 2026- 04- 09 12: 26: 53,631,0.508,15.0
 2026- 04- 09 12: 26: 53,619,0.499,15.0
 2026- 04- 09 12: 26: 54,685,0.552,16.0
 2026- 04- 09 12: 26: 54,663,0.534,16.0
 2026- 04- 09 12: 26: 55,657,0.529,16.0
 2026- 04- 09 12: 26: 55,656,0.529,16.0
 2026- 04- 09 12: 26: 56,639,0.515,15.0
 2026- 04- 09 12: 26: 56,675,0.544,16.0
 2026- 04- 09 12: 26: 57,653,0.526,15.0
 2026- 04- 09 12: 26: 57,672,0.542,16.0
 2026- 04- 09 12: 26: 58,656,0.529,16.0
 2026- 04- 09 12: 26: 58,650,0.524,15.0
 2026- 04- 09 12: 26: 59,654,0.527,15.0
 2026- 04- 09 12: 26: 59,654,0.527,15.0
 2026- 04- 09 12: 27: 00,616,0.496,15.0
 2026- 04- 09 12: 27: 00,633,0.51,15.0
 2026- 04- 09 12: 27: 01,665,0.536,16.0
 2026- 04- 09 12: 27: 01,675,0.544,16.0
 2026- 04- 09 12: 27: 02,657,0.529,16.0
 2026- 04- 09 12: 27: 02,678,0.546,16.0
 2026- 04- 09 12: 27: 03,666,0.537,16.0
 2026- 04- 09 12: 27: 03,659,0.531,16.0
 2026- 04- 09 12: 27: 04,683,0.55,16.0
 2026- 04- 09 12: 27: 04,657,0.529,16.0
 2026- 04- 09 12: 27: 05,630,0.508,15.0
 2026- 04- 09 12: 27: 05,649,0.523,15.0
 2026- 04- 09 12: 27: 06,670,0.54,16.0
 2026- 04- 09 12: 27: 06,643,0.518,15.0
 2026- 04- 09 12: 27: 07,680,0.548,16.0
 2026- 04- 09 12: 27: 07,645,0.52,15.0
 2026- 04- 09 12: 27: 08,635,0.512,15.0
 2026- 04- 09 12: 27: 08,640,0.516,15.0
 2026- 04- 09 12: 27: 09,660,0.532,16.0
 2026- 04- 09 12: 27: 09,650,0.524,15.0
 2026- 04- 09 12: 27: 10,650,0.524,15.0
 2026- 04- 09 12: 27: 10,666,0.537,16.0
 2026- 04- 09 12: 27: 11,673,0.542,16.0
 2026- 04- 09 12: 27: 11,667,0.538,16.0
 2026- 04- 09 12: 27: 12,679,0.547,16.0
 2026- 04- 09 12: 27: 12,695,0.56,16.0
 2026- 04- 09 12: 27: 13,642,0.517,15.0
 2026- 04- 09 12: 27: 13,685,0.552,16.0
 2026- 04- 09 12: 27: 14,629,0.507,15.0
 2026- 04- 09 12: 27: 14,643,0.518,15.0
 2026- 04- 09 12: 27: 15,667,0.538,16.0
 2026- 04- 09 12: 27: 15,684,0.551,16.0
 2026- 04- 09 12: 27: 16,629,0.507,15.0
 2026- 04- 09 12: 27: 16,629,0.507,15.0
 2026- 04- 09 12: 27: 17,657,0.529,16.0
 2026- 04- 09 12: 27: 17,690,0.556,16.0
 2026- 04- 09 12: 27: 18,653,0.526,15.0
 2026- 04- 09 12: 27: 18,646,0.521,15.0
 2026- 04- 09 12: 27: 19,645,0.52,15.0
 2026- 04- 09 12: 27: 19,638,0.514,15.0
 2026- 04- 09 12: 27: 20,643,0.518,15.0
 2026- 04- 09 12: 27: 20,656,0.529,16.0
 2026- 04- 09 12: 27: 21,646,0.521,15.0
 2026- 04- 09 12: 27: 21,644,0.519,15.0
 2026- 04- 09 12: 27: 22,651,0.525,15.0
 2026- 04- 09 12: 27: 22,674,0.543,16.0
 2026- 04- 09 12: 27: 23,653,0.526,15.0
 2026- 04- 09 12: 27: 23,635,0.512,15.0
 2026- 04- 09 12: 27: 24,656,0.529,16.0
 2026- 04- 09 12: 27: 24,639,0.515,15.0
 2026- 04- 09 12: 27: 25,642,0.517,15.0
 2026- 04- 09 12: 27: 25,678,0.546,16.0
 2026- 04- 09 12: 27: 26,656,0.529,16.0
 2026- 04- 09 12: 27: 26,643,0.518,15.0
 2026- 04- 09 12: 27: 27,659,0.531,16.0
 2026- 04- 09 12: 27: 27,654,0.527,15.0
 2026- 04- 09 12: 27: 28,662,0.533,16.0
 2026- 04- 09 12: 27: 28,654,0.527,15.0
 2026- 04- 09 12: 27: 29,646,0.521,15.0
 2026- 04- 09 12: 27: 29,670,0.54,16.0
 2026- 04- 09 12: 27: 30,668,0.538,16.0
 2026- 04- 09 12: 27: 30,657,0.529,16.0
 2026- 04- 09 12: 27: 31,642,0.517,15.0
 2026- 04- 09 12: 27: 31,666,0.537,16.0
 2026- 04- 09 12: 27: 32,658,0.53,16.0
 2026- 04- 09 12: 27: 32,656,0.529,16.0
 2026- 04- 09 12: 27: 33,656,0.529,16.0
 2026- 04- 09 12: 27: 33,659,0.531,16.0
 2026- 04- 09 12: 27: 34,654,0.527,15.0
 2026- 04- 09 12: 27: 34,656,0.529,16.0
 2026- 04- 09 12: 27: 35,663,0.534,16.0
 2026- 04- 09 12: 27: 35,667,0.538,16.0
 2026- 04- 09 12: 27: 36,659,0.531,16.0
 2026- 04- 09 12: 27: 36,684,0.551,16.0
 2026- 04- 09 12: 27: 37,651,0.525,15.0
 2026- 04- 09 12: 27: 37,677,0.546,16.0
 2026- 04- 09 12: 27: 38,638,0.514,15.0
 2026- 04- 09 12: 27: 38,673,0.542,16.0
 2026- 04- 09 12: 27: 39,698,0.562,17.0
 2026- 04- 09 12: 27: 39,658,0.53,16.0
 2026- 04- 09 12: 27: 40,640,0.516,15.0
 2026- 04- 09 12: 27: 40,670,0.54,16.0
 2026- 04- 09 12: 27: 41,653,0.526,15.0
 2026- 04- 09 12: 27: 41,661,0.533,16.0
 2026- 04- 09 12: 27: 42,661,0.533,16.0
 2026- 04- 09 12: 27: 42,689,0.555,16.0
 2026- 04- 09 12: 27: 43,686,0.553,16.0
 2026- 04- 09 12: 27: 43,699,0.563,17.0
 2026- 04- 09 12: 27: 44,701,0.565,17.0
 2026- 04- 09 12: 27: 44,667,0.538,16.0
 2026- 04- 09 12: 27: 45,643,0.518,15.0
 2026- 04- 09 12: 27: 45,689,0.555,16.0
 2026- 04- 09 12: 27: 46,710,0.572,17.0
 2026- 04- 09 12: 27: 46,688,0.554,16.0
 2026- 04- 09 12: 27: 47,653,0.526,15.0
 2026- 04- 09 12: 27: 47,647,0.521,15.0
 2026- 04- 09 12: 27: 48,671,0.541,16.0
 2026- 04- 09 12: 27: 48,658,0.53,16.0
 2026- 04- 09 12: 27: 49,614,0.495,14.0
 2026- 04- 09 12: 27: 49,671,0.541,16.0
 2026- 04- 09 12: 27: 50,690,0.556,16.0
 2026- 04- 09 12: 27: 50,663,0.534,16.0
 2026- 04- 09 12: 27: 51,662,0.533,16.0
 2026- 04- 09 12: 27: 51,673,0.542,16.0
 2026- 04- 09 12: 27: 52,658,0.53,16.0
 2026- 04- 09 12: 27: 52,631,0.508,15.0
 2026- 04- 09 12: 27: 53,677,0.546,16.0
 2026- 04- 09 12: 27: 53,686,0.553,16.0
 2026- 04- 09 12: 27: 54,683,0.55,16.0
 2026- 04- 09 12: 27: 54,647,0.521,15.0
 2026- 04- 09 12: 27: 55,674,0.543,16.0
 2026- 04- 09 12: 27: 55,657,0.529,16.0
 2026- 04- 09 12: 27: 56,639,0.515,15.0
 2026- 04- 09 12: 27: 56,656,0.529,16.0
 2026- 04- 09 12: 27: 57,639,0.515,15.0
 2026- 04- 09 12: 27: 57,663,0.534,16.0
 2026- 04- 09 12: 27: 58,674,0.543,16.0
 2026- 04- 09 12: 27: 58,625,0.504,15.0
 2026- 04- 09 12: 27: 59,679,0.547,16.0
 2026- 04- 09 12: 27: 59,652,0.525,15.0
 2026- 04- 09 12: 28: 00,656,0.529,16.0
 2026- 04- 09 12: 28: 00,665,0.536,16.0
 2026- 04- 09 12: 28: 01,629,0.507,15.0
 2026- 04- 09 12: 28: 01,669,0.539,16.0
 2026- 04- 09 12: 28: 02,655,0.528,15.0
 2026- 04- 09 12: 28: 02,677,0.546,16.0
 2026- 04- 09 12: 28: 03,679,0.547,16.0
 2026- 04- 09 12: 28: 03,637,0.513,15.0
 2026- 04- 09 12: 28: 04,686,0.553,16.0
 2026- 04- 09 12: 28: 04,659,0.531,16.0
 2026- 04- 09 12: 28: 05,638,0.514,15.0
 2026- 04- 09 12: 28: 05,645,0.52,15.0
 2026- 04- 09 12: 28: 06,689,0.555,16.0
 2026- 04- 09 12: 28: 06,661,0.533,16.0
 2026- 04- 09 12: 28: 07,663,0.534,16.0
 2026- 04- 09 12: 28: 07,624,0.503,15.0
 2026- 04- 09 12: 28: 08,675,0.544,16.0
 2026- 04- 09 12: 28: 08,677,0.546,16.0
 2026- 04- 09 12: 28: 09,665,0.536,16.0
 2026- 04- 09 12: 28: 09,651,0.525,15.0
 2026- 04- 09 12: 28: 10,667,0.538,16.0
 2026- 04- 09 12: 28: 10,676,0.545,16.0
 2026- 04- 09 12: 28: 11,643,0.518,15.0
 2026- 04- 09 12: 28: 11,663,0.534,16.0
 2026- 04- 09 12: 28: 12,642,0.517,15.0
 2026- 04- 09 12: 28: 12,657,0.529,16.0
 2026- 04- 09 12: 28: 13,665,0.536,16.0
 2026- 04- 09 12: 28: 13,647,0.521,15.0
 2026- 04- 09 12: 28: 14,642,0.517,15.0
 2026- 04- 09 12: 28: 14,640,0.516,15.0
 2026- 04- 09 12: 28: 15,672,0.542,16.0
 2026- 04- 09 12: 28: 15,665,0.536,16.0
 2026- 04- 09 12: 28: 16,640,0.516,15.0
 2026- 04- 09 12: 28: 16,651,0.525,15.0
 2026- 04- 09 12: 28: 17,624,0.503,15.0
 2026- 04- 09 12: 28: 17,655,0.528,15.0
 2026- 04- 09 12: 28: 18,663,0.534,16.0
 2026- 04- 09 12: 28: 18,641,0.517,15.0
 2026- 04- 09 12: 28: 19,675,0.544,16.0
 2026- 04- 09 12: 28: 19,626,0.504,15.0
 2026- 04- 09 12: 28: 20,652,0.525,15.0
 2026- 04- 09 12: 28: 20,672,0.542,16.0
 2026- 04- 09 12: 28: 21,640,0.516,15.0
 2026- 04- 09 12: 28: 21,693,0.558,16.0
 2026- 04- 09 12: 28: 22,644,0.519,15.0
 2026- 04- 09 12: 28: 22,672,0.542,16.0
 2026- 04- 09 12: 28: 23,663,0.534,16.0
 2026- 04- 09 12: 28: 23,704,0.567,17.0
 2026- 04- 09 12: 28: 24,672,0.542,16.0
 2026- 04- 09 12: 28: 24,649,0.523,15.0
 2026- 04- 09 12: 28: 25,653,0.526,15.0
 2026- 04- 09 12: 28: 25,670,0.54,16.0
 2026- 04- 09 12: 28: 26,611,0.492,14.0
 2026- 04- 09 12: 28: 26,644,0.519,15.0
 2026- 04- 09 12: 28: 27,642,0.517,15.0
 2026- 04- 09 12: 28: 27,647,0.521,15.0
 2026- 04- 09 12: 28: 28,642,0.517,15.0
 2026- 04- 09 12: 28: 28,679,0.547,16.0
 2026- 04- 09 12: 28: 29,651,0.525,15.0
 2026- 04- 09 12: 28: 29,655,0.528,15.0
 2026- 04- 09 12: 28: 30,658,0.53,16.0
 2026- 04- 09 12: 28: 30,624,0.503,15.0
 2026- 04- 09 12: 28: 31,677,0.546,16.0
 2026- 04- 09 12: 28: 31,679,0.547,16.0
 2026- 04- 09 12: 28: 32,643,0.518,15.0
 2026- 04- 09 12: 28: 32,687,0.554,16.0
 2026- 04- 09 12: 28: 33,662,0.533,16.0
 2026- 04- 09 12: 28: 33,672,0.542,16.0
 2026- 04- 09 12: 28: 34,657,0.529,16.0
 2026- 04- 09 12: 28: 34,640,0.516,15.0
 2026- 04- 09 12: 28: 35,675,0.544,16.0
 2026- 04- 09 12: 28: 35,604,0.487,14.0
 2026- 04- 09 12: 28: 36,653,0.526,15.0
 2026- 04- 09 12: 28: 36,639,0.515,15.0
 2026- 04- 09 12: 28: 37,677,0.546,16.0
 2026- 04- 09 12: 28: 37,640,0.516,15.0
 2026- 04- 09 12: 28: 38,658,0.53,16.0
 2026- 04- 09 12: 28: 38,667,0.538,16.0
 2026- 04- 09 12: 28: 39,673,0.542,16.0
 2026- 04- 09 12: 28: 39,633,0.51,15.0
 2026- 04- 09 12: 28: 40,695,0.56,16.0
 2026- 04- 09 12: 28: 40,679,0.547,16.0
 2026- 04- 09 12: 28: 41,641,0.517,15.0
 2026- 04- 09 12: 28: 41,631,0.508,15.0
 2026- 04- 09 12: 28: 42,623,0.502,15.0
 2026- 04- 09 12: 28: 42,656,0.529,16.0
 2026- 04- 09 12: 28: 43,665,0.536,16.0
 2026- 04- 09 12: 28: 43,652,0.525,15.0
 2026- 04- 09 12: 28: 44,656,0.529,16.0
 2026- 04- 09 12: 28: 44,649,0.523,15.0
 2026- 04- 09 12: 28: 45,658,0.53,16.0
 2026- 04- 09 12: 28: 45,663,0.534,16.0
 2026- 04- 09 12: 28: 46,674,0.543,16.0
 2026- 04- 09 12: 28: 46,663,0.534,16.0
 2026- 04- 09 12: 28: 47,643,0.518,15.0
 2026- 04- 09 12: 28: 47,624,0.503,15.0
 2026- 04- 09 12: 28: 48,666,0.537,16.0
 2026- 04- 09 12: 28: 48,630,0.508,15.0
 2026- 04- 09 12: 28: 49,651,0.525,15.0
 2026- 04- 09 12: 28: 49,671,0.541,16.0
 2026- 04- 09 12: 28: 50,635,0.512,15.0
 2026- 04- 09 12: 28: 50,677,0.546,16.0
 2026- 04- 09 12: 28: 51,623,0.502,15.0
 2026- 04- 09 12: 28: 51,658,0.53,16.0
 2026- 04- 09 12: 28: 52,641,0.517,15.0
 2026- 04- 09 12: 28: 52,661,0.533,16.0
 2026- 04- 09 12: 28: 53,626,0.504,15.0
 2026- 04- 09 12: 28: 53,647,0.521,15.0
 2026- 04- 09 12: 28: 54,632,0.509,15.0
 2026- 04- 09 12: 28: 54,651,0.525,15.0
 2026- 04- 09 12: 28: 55,649,0.523,15.0
 2026- 04- 09 12: 28: 55,664,0.535,16.0
 2026- 04- 09 12: 28: 56,654,0.527,15.0
 2026- 04- 09 12: 28: 56,636,0.513,15.0
 2026- 04- 09 12: 28: 57,672,0.542,16.0
 2026- 04- 09 12: 28: 57,656,0.529,16.0
 2026- 04- 09 12: 28: 58,689,0.555,16.0
 2026- 04- 09 12: 28: 58,656,0.529,16.0
 2026- 04- 09 12: 28: 59,674,0.543,16.0
 2026- 04- 09 12: 28: 59,661,0.533,16.0
 2026- 04- 09 12: 29: 00,656,0.529,16.0
 2026- 04- 09 12: 29: 00,625,0.504,15.0
 2026- 04- 09 12: 29: 01,655,0.528,15.0
 2026- 04- 09 12: 29: 01,678,0.546,16.0
 2026- 04- 09 12: 29: 02,640,0.516,15.0
 2026- 04- 09 12: 29: 02,666,0.537,16.0
 2026- 04- 09 12: 29: 03,656,0.529,16.0
 2026- 04- 09 12: 29: 03,664,0.535,16.0
 2026- 04- 09 12: 29: 04,655,0.528,15.0
 2026- 04- 09 12: 29: 04,634,0.511,15.0
 2026- 04- 09 12: 29: 05,621,0.5,15.0
 2026- 04- 09 12: 29: 05,655,0.528,15.0
 2026- 04- 09 12: 29: 06,658,0.53,16.0
 2026- 04- 09 12: 29: 06,639,0.515,15.0
 2026- 04- 09 12: 29: 07,650,0.524,15.0
 2026- 04- 09 12: 29: 07,688,0.554,16.0
 2026- 04- 09 12: 29: 08,638,0.514,15.0
 2026- 04- 09 12: 29: 08,662,0.533,16.0
 2026- 04- 09 12: 29: 09,650,0.524,15.0
 2026- 04- 09 12: 29: 09,648,0.522,15.0
 2026- 04- 09 12: 29: 10,676,0.545,16.0
 2026- 04- 09 12: 29: 10,654,0.527,15.0
 2026- 04- 09 12: 29: 11,661,0.533,16.0
 2026- 04- 09 12: 29: 11,651,0.525,15.0
 2026- 04- 09 12: 29: 12,650,0.524,15.0
 2026- 04- 09 12: 29: 12,640,0.516,15.0
 2026- 04- 09 12: 29: 13,659,0.531,16.0
 2026- 04- 09 12: 29: 13,656,0.529,16.0
 2026- 04- 09 12: 29: 14,627,0.505,15.0
 2026- 04- 09 12: 29: 14,674,0.543,16.0
 2026- 04- 09 12: 29: 15,666,0.537,16.0
 2026- 04- 09 12: 29: 15,645,0.52,15.0
 2026- 04- 09 12: 29: 16,679,0.547,16.0
 2026- 04- 09 12: 29: 16,677,0.546,16.0
 2026- 04- 09 12: 29: 17,668,0.538,16.0
 2026- 04- 09 12: 29: 17,625,0.504,15.0
 2026- 04- 09 12: 29: 18,663,0.534,16.0
 2026- 04- 09 12: 29: 18,663,0.534,16.0
 2026- 04- 09 12: 29: 19,648,0.522,15.0
 2026- 04- 09 12: 29: 19,657,0.529,16.0
 2026- 04- 09 12: 29: 20,669,0.539,16.0
 2026- 04- 09 12: 29: 20,639,0.515,15.0
 2026- 04- 09 12: 29: 21,644,0.519,15.0
 2026- 04- 09 12: 29: 21,666,0.537,16.0
 2026- 04- 09 12: 29: 22,662,0.533,16.0
 2026- 04- 09 12: 29: 22,654,0.527,15.0
 2026- 04- 09 12: 29: 23,639,0.515,15.0
 2026- 04- 09 12: 29: 23,655,0.528,15.0
 2026- 04- 09 12: 29: 24,670,0.54,16.0
 2026- 04- 09 12: 29: 24,657,0.529,16.0
 2026- 04- 09 12: 29: 25,674,0.543,16.0
 2026- 04- 09 12: 29: 25,644,0.519,15.0
 2026- 04- 09 12: 29: 26,670,0.54,16.0
 2026- 04- 09 12: 29: 26,631,0.508,15.0
 2026- 04- 09 12: 29: 27,647,0.521,15.0
 2026- 04- 09 12: 29: 27,678,0.546,16.0
 2026- 04- 09 12: 29: 28,621,0.5,15.0
 2026- 04- 09 12: 29: 28,650,0.524,15.0
 2026- 04- 09 12: 29: 29,661,0.533,16.0
 2026- 04- 09 12: 29: 29,667,0.538,16.0
 2026- 04- 09 12: 29: 30,637,0.513,15.0
 2026- 04- 09 12: 29: 30,640,0.516,15.0
 2026- 04- 09 12: 29: 31,635,0.512,15.0
 2026- 04- 09 12: 29: 31,655,0.528,15.0
 2026- 04- 09 12: 29: 32,656,0.529,16.0
 2026- 04- 09 12: 29: 32,647,0.521,15.0
 2026- 04- 09 12: 29: 33,654,0.527,15.0
 2026- 04- 09 12: 29: 33,651,0.525,15.0
 2026- 04- 09 12: 29: 34,666,0.537,16.0
 2026- 04- 09 12: 29: 34,634,0.511,15.0
 2026- 04- 09 12: 29: 35,639,0.515,15.0
 2026- 04- 09 12: 29: 35,658,0.53,16.0
 2026- 04- 09 12: 29: 36,658,0.53,16.0
 2026- 04- 09 12: 29: 36,651,0.525,15.0
 2026- 04- 09 12: 29: 37,653,0.526,15.0
 2026- 04- 09 12: 29: 37,695,0.56,16.0
 2026- 04- 09 12: 29: 38,638,0.514,15.0
 2026- 04- 09 12: 29: 38,666,0.537,16.0
 2026- 04- 09 12: 29: 39,641,0.517,15.0
 2026- 04- 09 12: 29: 39,643,0.518,15.0
 2026- 04- 09 12: 29: 40,673,0.542,16.0
 2026- 04- 09 12: 29: 40,667,0.538,16.0
 2026- 04- 09 12: 29: 41,656,0.529,16.0
 2026- 04- 09 12: 29: 41,640,0.516,15.0
 2026- 04- 09 12: 29: 42,646,0.521,15.0
 2026- 04- 09 12: 29: 42,667,0.538,16.0
 2026- 04- 09 12: 29: 43,669,0.539,16.0
 2026- 04- 09 12: 29: 43,670,0.54,16.0
 2026- 04- 09 12: 29: 44,647,0.521,15.0
 2026- 04- 09 12: 29: 44,650,0.524,15.0
 2026- 04- 09 12: 29: 45,650,0.524,15.0
 2026- 04- 09 12: 29: 45,681,0.549,16.0
 2026- 04- 09 12: 29: 46,652,0.525,15.0
 2026- 04- 09 12: 29: 46,643,0.518,15.0
 2026- 04- 09 12: 29: 47,668,0.538,16.0
 2026- 04- 09 12: 29: 47,647,0.521,15.0
 2026- 04- 09 12: 29: 48,665,0.536,16.0
 2026- 04- 09 12: 29: 48,667,0.538,16.0
 2026- 04- 09 12: 29: 49,637,0.513,15.0
 2026- 04- 09 12: 29: 49,654,0.527,15.0
 2026- 04- 09 12: 29: 50,624,0.503,15.0
 2026- 04- 09 12: 29: 50,656,0.529,16.0
 2026- 04- 09 12: 29: 51,646,0.521,15.0
 2026- 04- 09 12: 29: 51,635,0.512,15.0
 2026- 04- 09 12: 29: 52,666,0.537,16.0
 2026- 04- 09 12: 29: 52,640,0.516,15.0
 2026- 04- 09 12: 29: 53,655,0.528,15.0
 2026- 04- 09 12: 29: 53,634,0.511,15.0
 2026- 04- 09 12: 29: 54,657,0.529,16.0
 2026- 04- 09 12: 29: 54,653,0.526,15.0
 2026- 04- 09 12: 29: 55,663,0.534,16.0
 2026- 04- 09 12: 29: 55,655,0.528,15.0
 2026- 04- 09 12: 29: 56,652,0.525,15.0
 2026- 04- 09 12: 29: 56,668,0.538,16.0
 2026- 04- 09 12: 29: 57,656,0.529,16.0
 2026- 04- 09 12: 29: 57,647,0.521,15.0
 2026- 04- 09 12: 29: 58,645,0.52,15.0
 2026- 04- 09 12: 29: 58,624,0.503,15.0
 2026- 04- 09 12: 29: 59,653,0.526,15.0
 2026- 04- 09 12: 29: 59,647,0.521,15.0
 2026- 04- 09 12: 30: 00,626,0.504,15.0
 2026- 04- 09 12: 30: 00,672,0.542,16.0
 2026- 04- 09 12: 30: 01,656,0.529,16.0
 2026- 04- 09 12: 30: 01,640,0.516,15.0
 2026- 04- 09 12: 30: 02,649,0.523,15.0
 2026- 04- 09 12: 30: 02,639,0.515,15.0
 2026- 04- 09 12: 30: 03,641,0.517,15.0
 2026- 04- 09 12: 30: 03,640,0.516,15.0
 2026- 04- 09 12: 30: 04,650,0.524,15.0
 2026- 04- 09 12: 30: 04,639,0.515,15.0
 2026- 04- 09 12: 30: 05,671,0.541,16.0
 2026- 04- 09 12: 30: 05,647,0.521,15.0
 2026- 04- 09 12: 30: 06,660,0.532,16.0
 2026- 04- 09 12: 30: 06,629,0.507,15.0
 2026- 04- 09 12: 30: 07,668,0.538,16.0
 2026- 04- 09 12: 30: 07,675,0.544,16.0
 2026- 04- 09 12: 30: 08,670,0.54,16.0
 2026- 04- 09 12: 30: 08,688,0.554,16.0
 2026- 04- 09 12: 30: 09,654,0.527,15.0
 2026- 04- 09 12: 30: 09,646,0.521,15.0
 2026- 04- 09 12: 30: 10,655,0.528,15.0
 2026- 04- 09 12: 30: 10,656,0.529,16.0
 2026- 04- 09 12: 30: 11,663,0.534,16.0
 2026- 04- 09 12: 30: 11,650,0.524,15.0
 2026- 04- 09 12: 30: 12,646,0.521,15.0
 2026- 04- 09 12: 30: 12,639,0.515,15.0
 2026- 04- 09 12: 30: 13,669,0.539,16.0
 2026- 04- 09 12: 30: 13,674,0.543,16.0
 2026- 04- 09 12: 30: 14,667,0.538,16.0
 2026- 04- 09 12: 30: 14,667,0.538,16.0
 2026- 04- 09 12: 30: 15,666,0.537,16.0
 2026- 04- 09 12: 30: 15,653,0.526,15.0
 2026- 04- 09 12: 30: 16,654,0.527,15.0
 2026- 04- 09 12: 30: 16,637,0.513,15.0
 2026- 04- 09 12: 30: 17,650,0.524,15.0
 2026- 04- 09 12: 30: 17,642,0.517,15.0
 2026- 04- 09 12: 30: 18,666,0.537,16.0
 2026- 04- 09 12: 30: 18,634,0.511,15.0
 2026- 04- 09 12: 30: 19,656,0.529,16.0
 2026- 04- 09 12: 30: 19,659,0.531,16.0
 2026- 04- 09 12: 30: 20,673,0.542,16.0
 2026- 04- 09 12: 30: 20,634,0.511,15.0
 2026- 04- 09 12: 30: 21,659,0.531,16.0
 2026- 04- 09 12: 30: 21,643,0.518,15.0
 2026- 04- 09 12: 30: 22,661,0.533,16.0
 2026- 04- 09 12: 30: 22,631,0.508,15.0
 2026- 04- 09 12: 30: 23,666,0.537,16.0
 2026- 04- 09 12: 30: 23,640,0.516,15.0
 2026- 04- 09 12: 30: 24,667,0.538,16.0
 2026- 04- 09 12: 30: 24,640,0.516,15.0
 2026- 04- 09 12: 30: 25,620,0.5,15.0
 2026- 04- 09 12: 30: 25,656,0.529,16.0
 2026- 04- 09 12: 30: 26,650,0.524,15.0
 2026- 04- 09 12: 30: 26,655,0.528,15.0
 2026- 04- 09 12: 30: 27,688,0.554,16.0
 2026- 04- 09 12: 30: 27,687,0.554,16.0
 2026- 04- 09 12: 30: 28,638,0.514,15.0
 2026- 04- 09 12: 30: 28,689,0.555,16.0
 2026- 04- 09 12: 30: 29,663,0.534,16.0
 2026- 04- 09 12: 30: 29,640,0.516,15.0
 2026- 04- 09 12: 30: 30,652,0.525,15.0
 2026- 04- 09 12: 30: 30,646,0.521,15.0
 2026- 04- 09 12: 30: 31,640,0.516,15.0
 2026- 04- 09 12: 30: 31,655,0.528,15.0
 2026- 04- 09 12: 30: 32,621,0.5,15.0
 2026- 04- 09 12: 30: 32,658,0.53,16.0
 2026- 04- 09 12: 30: 33,675,0.544,16.0
 2026- 04- 09 12: 30: 33,645,0.52,15.0
 2026- 04- 09 12: 30: 34,666,0.537,16.0
 2026- 04- 09 12: 30: 34,675,0.544,16.0
 2026- 04- 09 12: 30: 35,649,0.523,15.0
 2026- 04- 09 12: 30: 35,674,0.543,16.0
 2026- 04- 09 12: 30: 36,630,0.508,15.0
 2026- 04- 09 12: 30: 36,649,0.523,15.0
 2026- 04- 09 12: 30: 37,624,0.503,15.0
 2026- 04- 09 12: 30: 37,655,0.528,15.0
 2026- 04- 09 12: 30: 38,656,0.529,16.0
 2026- 04- 09 12: 30: 38,662,0.533,16.0
 2026- 04- 09 12: 30: 39,672,0.542,16.0
 2026- 04- 09 12: 30: 39,656,0.529,16.0
 2026- 04- 09 12: 30: 40,641,0.517,15.0
 2026- 04- 09 12: 30: 40,654,0.527,15.0
 2026- 04- 09 12: 30: 41,682,0.55,16.0
 2026- 04- 09 12: 30: 41,661,0.533,16.0
 2026- 04- 09 12: 30: 42,651,0.525,15.0
 2026- 04- 09 12: 30: 42,654,0.527,15.0
 2026- 04- 09 12: 30: 43,631,0.508,15.0
 2026- 04- 09 12: 30: 43,645,0.52,15.0
 2026- 04- 09 12: 30: 44,641,0.517,15.0
 2026- 04- 09 12: 30: 44,683,0.55,16.0
 2026- 04- 09 12: 30: 45,656,0.529,16.0
 2026- 04- 09 12: 30: 45,688,0.554,16.0
 2026- 04- 09 12: 30: 46,656,0.529,16.0
 2026- 04- 09 12: 30: 46,663,0.534,16.0
 2026- 04- 09 12: 30: 47,624,0.503,15.0
 2026- 04- 09 12: 30: 47,683,0.55,16.0
 2026- 04- 09 12: 30: 48,625,0.504,15.0
 2026- 04- 09 12: 30: 48,662,0.533,16.0
 2026- 04- 09 12: 30: 49,673,0.542,16.0
 2026- 04- 09 12: 30: 49,643,0.518,15.0
 2026- 04- 09 12: 30: 50,656,0.529,16.0
 2026- 04- 09 12: 30: 50,687,0.554,16.0
 2026- 04- 09 12: 30: 51,675,0.544,16.0
 2026- 04- 09 12: 30: 51,662,0.533,16.0
 2026- 04- 09 12: 30: 52,656,0.529,16.0
 2026- 04- 09 12: 30: 52,640,0.516,15.0
 2026- 04- 09 12: 30: 53,643,0.518,15.0
 2026- 04- 09 12: 30: 53,666,0.537,16.0
 2026- 04- 09 12: 30: 54,640,0.516,15.0
 2026- 04- 09 12: 30: 54,639,0.515,15.0
 2026- 04- 09 12: 30: 55,688,0.554,16.0
 2026- 04- 09 12: 30: 55,657,0.529,16.0
 2026- 04- 09 12: 30: 56,647,0.521,15.0
 2026- 04- 09 12: 30: 56,630,0.508,15.0
 2026- 04- 09 12: 30: 57,661,0.533,16.0
 2026- 04- 09 12: 30: 57,615,0.496,15.0
 2026- 04- 09 12: 30: 58,652,0.525,15.0
 2026- 04- 09 12: 30: 58,663,0.534,16.0
 2026- 04- 09 12: 30: 59,655,0.528,15.0
 2026- 04- 09 12: 30: 59,667,0.538,16.0
 2026- 04- 09 12: 31: 00,666,0.537,16.0
 2026- 04- 09 12: 31: 00,667,0.538,16.0
 2026- 04- 09 12: 31: 01,669,0.539,16.0
 2026- 04- 09 12: 31: 01,656,0.529,16.0
 2026- 04- 09 12: 31: 02,667,0.538,16.0
 2026- 04- 09 12: 31: 02,640,0.516,15.0
 2026- 04- 09 12: 31: 03,646,0.521,15.0
 2026- 04- 09 12: 31: 03,651,0.525,15.0
 2026- 04- 09 12: 31: 04,640,0.516,15.0
 2026- 04- 09 12: 31: 04,657,0.529,16.0
 2026- 04- 09 12: 31: 05,643,0.518,15.0
 2026- 04- 09 12: 31: 05,672,0.542,16.0
 2026- 04- 09 12: 31: 06,643,0.518,15.0
 2026- 04- 09 12: 31: 06,639,0.515,15.0
 2026- 04- 09 12: 31: 07,646,0.521,15.0
 2026- 04- 09 12: 31: 07,671,0.541,16.0
 2026- 04- 09 12: 31: 08,672,0.542,16.0
 2026- 04- 09 12: 31: 08,647,0.521,15.0
 2026- 04- 09 12: 31: 09,636,0.513,15.0
 2026- 04- 09 12: 31: 09,640,0.516,15.0
 2026- 04- 09 12: 31: 10,657,0.529,16.0
 2026- 04- 09 12: 31: 10,656,0.529,16.0
 2026- 04- 09 12: 31: 11,671,0.541,16.0
 2026- 04- 09 12: 31: 11,661,0.533,16.0
 2026- 04- 09 12: 31: 12,640,0.516,15.0
 2026- 04- 09 12: 31: 12,650,0.524,15.0
 2026- 04- 09 12: 31: 13,651,0.525,15.0
 2026- 04- 09 12: 31: 13,632,0.509,15.0
 2026- 04- 09 12: 31: 14,651,0.525,15.0
 2026- 04- 09 12: 31: 14,687,0.554,16.0
 2026- 04- 09 12: 31: 15,651,0.525,15.0
 2026- 04- 09 12: 31: 15,662,0.533,16.0
 2026- 04- 09 12: 31: 16,656,0.529,16.0
 2026- 04- 09 12: 31: 16,647,0.521,15.0
 2026- 04- 09 12: 31: 17,649,0.523,15.0
 2026- 04- 09 12: 31: 17,647,0.521,15.0
 2026- 04- 09 12: 31: 18,672,0.542,16.0
 2026- 04- 09 12: 31: 18,667,0.538,16.0
 2026- 04- 09 12: 31: 19,685,0.552,16.0
 2026- 04- 09 12: 31: 19,659,0.531,16.0
 2026- 04- 09 12: 31: 20,650,0.524,15.0
 2026- 04- 09 12: 31: 20,653,0.526,15.0
 2026- 04- 09 12: 31: 21,641,0.517,15.0
 2026- 04- 09 12: 31: 21,660,0.532,16.0
 2026- 04- 09 12: 31: 22,640,0.516,15.0
 2026- 04- 09 12: 31: 22,656,0.529,16.0
 2026- 04- 09 12: 31: 23,640,0.516,15.0
 2026- 04- 09 12: 31: 23,675,0.544,16.0
 2026- 04- 09 12: 31: 24,648,0.522,15.0
 2026- 04- 09 12: 31: 24,670,0.54,16.0
 2026- 04- 09 12: 31: 25,662,0.533,16.0
 2026- 04- 09 12: 31: 25,656,0.529,16.0
 2026- 04- 09 12: 31: 26,658,0.53,16.0
 2026- 04- 09 12: 31: 26,643,0.518,15.0
 2026- 04- 09 12: 31: 27,655,0.528,15.0
 2026- 04- 09 12: 31: 27,671,0.541,16.0
 2026- 04- 09 12: 31: 28,688,0.554,16.0
 2026- 04- 09 12: 31: 28,668,0.538,16.0
 2026- 04- 09 12: 31: 29,642,0.517,15.0
 2026- 04- 09 12: 31: 29,640,0.516,15.0
 2026- 04- 09 12: 31: 30,645,0.52,15.0
 2026- 04- 09 12: 31: 30,651,0.525,15.0
 2026- 04- 09 12: 31: 31,637,0.513,15.0
 2026- 04- 09 12: 31: 31,685,0.552,16.0
 2026- 04- 09 12: 31: 32,667,0.538,16.0
 2026- 04- 09 12: 31: 32,655,0.528,15.0
 2026- 04- 09 12: 31: 33,659,0.531,16.0
 2026- 04- 09 12: 31: 33,659,0.531,16.0
 2026- 04- 09 12: 31: 34,652,0.525,15.0
 2026- 04- 09 12: 31: 34,642,0.517,15.0
 2026- 04- 09 12: 31: 35,647,0.521,15.0
 2026- 04- 09 12: 31: 35,653,0.526,15.0
 2026- 04- 09 12: 31: 36,640,0.516,15.0
 2026- 04- 09 12: 31: 36,684,0.551,16.0
 2026- 04- 09 12: 31: 37,652,0.525,15.0
 2026- 04- 09 12: 31: 37,645,0.52,15.0
 2026- 04- 09 12: 31: 38,640,0.516,15.0
 2026- 04- 09 12: 31: 38,665,0.536,16.0
 2026- 04- 09 12: 31: 39,647,0.521,15.0
 2026- 04- 09 12: 31: 39,667,0.538,16.0
 2026- 04- 09 12: 31: 40,651,0.525,15.0
 2026- 04- 09 12: 31: 40,682,0.55,16.0
 2026- 04- 09 12: 31: 45,630,0.508,15.0
 2026- 04- 09 12: 31: 45,664,0.535,16.0
 2026- 04- 09 12: 31: 45,667,0.538,16.0
 2026- 04- 09 12: 31: 45,649,0.523,15.0
 2026- 04- 09 12: 31: 45,641,0.517,15.0
 2026- 04- 09 12: 31: 45,656,0.529,16.0
 2026- 04- 09 12: 31: 45,640,0.516,15.0
 2026- 04- 09 12: 31: 45,657,0.529,16.0
 2026- 04- 09 12: 31: 45,640,0.516,15.0
 2026- 04- 09 12: 31: 45,624,0.503,15.0
 2026- 04- 09 12: 31: 46,657,0.529,16.0
 2026- 04- 09 12: 31: 46,675,0.544,16.0
 2026- 04- 09 12: 31: 47,656,0.529,16.0
 2026- 04- 09 12: 31: 47,659,0.531,16.0
 2026- 04- 09 12: 31: 48,627,0.505,15.0
 2026- 04- 09 12: 31: 48,677,0.546,16.0
 2026- 04- 09 12: 31: 49,683,0.55,16.0
 2026- 04- 09 12: 31: 49,638,0.514,15.0
 2026- 04- 09 12: 31: 50,635,0.512,15.0
 2026- 04- 09 12: 31: 50,661,0.533,16.0
 2026- 04- 09 12: 31: 51,656,0.529,16.0
 2026- 04- 09 12: 31: 51,658,0.53,16.0
 2026- 04- 09 12: 31: 52,679,0.547,16.0
 2026- 04- 09 12: 31: 52,666,0.537,16.0
 2026- 04- 09 12: 31: 53,656,0.529,16.0
 2026- 04- 09 12: 31: 53,655,0.528,15.0
 2026- 04- 09 12: 31: 54,663,0.534,16.0
 2026- 04- 09 12: 31: 54,656,0.529,16.0
 2026- 04- 09 12: 31: 55,640,0.516,15.0
 2026- 04- 09 12: 31: 55,656,0.529,16.0
 2026- 04- 09 12: 31: 56,670,0.54,16.0
 2026- 04- 09 12: 31: 56,673,0.542,16.0
 2026- 04- 09 12: 31: 57,660,0.532,16.0
 2026- 04- 09 12: 31: 57,659,0.531,16.0
 2026- 04- 09 12: 31: 58,670,0.54,16.0
 2026- 04- 09 12: 31: 58,653,0.526,15.0
 2026- 04- 09 12: 31: 59,634,0.511,15.0
 2026- 04- 09 12: 31: 59,661,0.533,16.0
 2026- 04- 09 12: 32: 00,667,0.538,16.0
 2026- 04- 09 12: 32: 00,657,0.529,16.0
 2026- 04- 09 12: 32: 01,647,0.521,15.0
 2026- 04- 09 12: 32: 01,643,0.518,15.0
 2026- 04- 09 12: 32: 02,647,0.521,15.0
 2026- 04- 09 12: 32: 02,651,0.525,15.0
 2026- 04- 09 12: 32: 03,670,0.54,16.0
 2026- 04- 09 12: 32: 03,681,0.549,16.0
 2026- 04- 09 12: 32: 04,638,0.514,15.0
 2026- 04- 09 12: 32: 04,645,0.52,15.0
 2026- 04- 09 12: 32: 05,656,0.529,16.0
 2026- 04- 09 12: 32: 05,666,0.537,16.0
 2026- 04- 09 12: 32: 06,658,0.53,16.0
 2026- 04- 09 12: 32: 06,630,0.508,15.0
 2026- 04- 09 12: 32: 07,651,0.525,15.0
 2026- 04- 09 12: 32: 07,673,0.542,16.0
 2026- 04- 09 12: 32: 08,645,0.52,15.0
 2026- 04- 09 12: 32: 08,689,0.555,16.0
 2026- 04- 09 12: 32: 09,656,0.529,16.0
 2026- 04- 09 12: 32: 09,657,0.529,16.0
 2026- 04- 09 12: 32: 10,655,0.528,15.0
 2026- 04- 09 12: 32: 10,659,0.531,16.0
 2026- 04- 09 12: 32: 11,656,0.529,16.0
 2026- 04- 09 12: 32: 11,641,0.517,15.0
 2026- 04- 09 12: 32: 12,650,0.524,15.0
 2026- 04- 09 12: 32: 12,655,0.528,15.0
 2026- 04- 09 12: 32: 13,655,0.528,15.0
 2026- 04- 09 12: 32: 13,672,0.542,16.0
 2026- 04- 09 12: 32: 14,650,0.524,15.0
 2026- 04- 09 12: 32: 14,647,0.521,15.0
 2026- 04- 09 12: 32: 15,640,0.516,15.0
 2026- 04- 09 12: 32: 15,663,0.534,16.0
 2026- 04- 09 12: 32: 16,641,0.517,15.0
 2026- 04- 09 12: 32: 16,654,0.527,15.0
 2026- 04- 09 12: 32: 17,655,0.528,15.0
 2026- 04- 09 12: 32: 17,621,0.5,15.0
 2026- 04- 09 12: 32: 18,673,0.542,16.0
 2026- 04- 09 12: 32: 18,673,0.542,16.0
 2026- 04- 09 12: 32: 19,656,0.529,16.0
 2026- 04- 09 12: 32: 19,641,0.517,15.0
 2026- 04- 09 12: 32: 20,661,0.533,16.0
 2026- 04- 09 12: 32: 20,666,0.537,16.0
 2026- 04- 09 12: 32: 21,659,0.531,16.0
 2026- 04- 09 12: 32: 21,655,0.528,15.0
 2026- 04- 09 12: 32: 22,671,0.541,16.0
 2026- 04- 09 12: 32: 22,638,0.514,15.0
 2026- 04- 09 12: 32: 23,669,0.539,16.0
 2026- 04- 09 12: 32: 23,688,0.554,16.0
 2026- 04- 09 12: 32: 24,674,0.543,16.0
 2026- 04- 09 12: 32: 24,659,0.531,16.0
 2026- 04- 09 12: 32: 25,650,0.524,15.0
 2026- 04- 09 12: 32: 25,651,0.525,15.0
 2026- 04- 09 12: 32: 26,658,0.53,16.0
 2026- 04- 09 12: 32: 26,679,0.547,16.0
 2026- 04- 09 12: 32: 27,656,0.529,16.0
 2026- 04- 09 12: 32: 27,666,0.537,16.0
 2026- 04- 09 12: 32: 28,653,0.526,15.0
 2026- 04- 09 12: 32: 28,657,0.529,16.0
 2026- 04- 09 12: 32: 29,659,0.531,16.0
 2026- 04- 09 12: 32: 29,661,0.533,16.0
 2026- 04- 09 12: 32: 30,646,0.521,15.0
 2026- 04- 09 12: 32: 30,626,0.504,15.0
 2026- 04- 09 12: 32: 31,679,0.547,16.0
 2026- 04- 09 12: 32: 31,646,0.521,15.0
 2026- 04- 09 12: 32: 32,656,0.529,16.0
 2026- 04- 09 12: 32: 32,687,0.554,16.0
 2026- 04- 09 12: 32: 33,653,0.526,15.0
 2026- 04- 09 12: 32: 33,666,0.537,16.0
 2026- 04- 09 12: 32: 34,659,0.531,16.0
 2026- 04- 09 12: 32: 34,658,0.53,16.0
 2026- 04- 09 12: 32: 35,666,0.537,16.0
 2026- 04- 09 12: 32: 35,643,0.518,15.0
 2026- 04- 09 12: 32: 36,656,0.529,16.0
 2026- 04- 09 12: 32: 36,661,0.533,16.0
 2026- 04- 09 12: 32: 37,651,0.525,15.0
 2026- 04- 09 12: 32: 37,635,0.512,15.0
 2026- 04- 09 12: 32: 38,665,0.536,16.0
 2026- 04- 09 12: 32: 38,653,0.526,15.0
 2026- 04- 09 12: 32: 39,663,0.534,16.0
 2026- 04- 09 12: 32: 39,669,0.539,16.0
 2026- 04- 09 12: 32: 40,666,0.537,16.0
 2026- 04- 09 12: 32: 40,667,0.538,16.0
 2026- 04- 09 12: 32: 41,658,0.53,16.0
 2026- 04- 09 12: 32: 41,640,0.516,15.0
 2026- 04- 09 12: 32: 42,662,0.533,16.0
 2026- 04- 09 12: 32: 42,679,0.547,16.0
 2026- 04- 09 12: 32: 43,661,0.533,16.0
 2026- 04- 09 12: 32: 43,656,0.529,16.0
 2026- 04- 09 12: 32: 44,667,0.538,16.0
 2026- 04- 09 12: 32: 44,659,0.531,16.0
 2026- 04- 09 12: 32: 45,670,0.54,16.0
 2026- 04- 09 12: 32: 45,647,0.521,15.0
 2026- 04- 09 12: 32: 46,670,0.54,16.0
 2026- 04- 09 12: 32: 46,646,0.521,15.0
 2026- 04- 09 12: 32: 47,642,0.517,15.0
 2026- 04- 09 12: 32: 47,646,0.521,15.0
 2026- 04- 09 12: 32: 48,642,0.517,15.0
 2026- 04- 09 12: 32: 48,656,0.529,16.0
 2026- 04- 09 12: 32: 49,633,0.51,15.0
 2026- 04- 09 12: 32: 49,656,0.529,16.0
 2026- 04- 09 12: 32: 50,640,0.516,15.0
 2026- 04- 09 12: 32: 50,655,0.528,15.0
 2026- 04- 09 12: 32: 51,667,0.538,16.0
 2026- 04- 09 12: 32: 51,674,0.543,16.0
 2026- 04- 09 12: 32: 52,697,0.562,17.0
 2026- 04- 09 12: 32: 52,669,0.539,16.0
 2026- 04- 09 12: 32: 53,631,0.508,15.0
 2026- 04- 09 12: 32: 53,679,0.547,16.0
 2026- 04- 09 12: 32: 54,651,0.525,15.0
 2026- 04- 09 12: 32: 54,642,0.517,15.0
 2026- 04- 09 12: 32: 55,688,0.554,16.0
 2026- 04- 09 12: 32: 55,663,0.534,16.0
 2026- 04- 09 12: 32: 56,659,0.531,16.0
 2026- 04- 09 12: 32: 56,656,0.529,16.0
 2026- 04- 09 12: 32: 57,669,0.539,16.0
 2026- 04- 09 12: 32: 57,665,0.536,16.0
 2026- 04- 09 12: 32: 58,647,0.521,15.0
 2026- 04- 09 12: 32: 58,647,0.521,15.0
 2026- 04- 09 12: 32: 59,638,0.514,15.0
 2026- 04- 09 12: 32: 59,685,0.552,16.0
 2026- 04- 09 12: 33: 00,640,0.516,15.0
 2026- 04- 09 12: 33: 00,651,0.525,15.0
 2026- 04- 09 12: 33: 01,667,0.538,16.0
 2026- 04- 09 12: 33: 01,642,0.517,15.0
 2026- 04- 09 12: 33: 02,638,0.514,15.0
 2026- 04- 09 12: 33: 02,679,0.547,16.0
 2026- 04- 09 12: 33: 03,656,0.529,16.0
 2026- 04- 09 12: 33: 03,667,0.538,16.0
 2026- 04- 09 12: 33: 04,671,0.541,16.0
 2026- 04- 09 12: 33: 04,657,0.529,16.0
 2026- 04- 09 12: 33: 05,648,0.522,15.0
 2026- 04- 09 12: 33: 05,666,0.537,16.0
 2026- 04- 09 12: 33: 06,661,0.533,16.0
 2026- 04- 09 12: 33: 06,651,0.525,15.0
 2026- 04- 09 12: 33: 07,675,0.544,16.0
 2026- 04- 09 12: 33: 07,675,0.544,16.0
 2026- 04- 09 12: 33: 08,668,0.538,16.0
 2026- 04- 09 12: 33: 08,626,0.504,15.0
 2026- 04- 09 12: 33: 09,647,0.521,15.0
 2026- 04- 09 12: 33: 09,667,0.538,16.0
 2026- 04- 09 12: 33: 10,673,0.542,16.0
 2026- 04- 09 12: 33: 10,682,0.55,16.0
 2026- 04- 09 12: 33: 11,655,0.528,15.0
 2026- 04- 09 12: 33: 11,644,0.519,15.0
 2026- 04- 09 12: 33: 12,655,0.528,15.0
 2026- 04- 09 12: 33: 12,659,0.531,16.0
 2026- 04- 09 12: 33: 13,647,0.521,15.0
 2026- 04- 09 12: 33: 13,674,0.543,16.0
 2026- 04- 09 12: 33: 14,671,0.541,16.0
 2026- 04- 09 12: 33: 14,689,0.555,16.0
 2026- 04- 09 12: 33: 15,640,0.516,15.0
 2026- 04- 09 12: 33: 15,635,0.512,15.0
 2026- 04- 09 12: 33: 16,656,0.529,16.0
 2026- 04- 09 12: 33: 16,640,0.516,15.0
 2026- 04- 09 12: 33: 17,641,0.517,15.0
 2026- 04- 09 12: 33: 17,656,0.529,16.0
 2026- 04- 09 12: 33: 18,647,0.521,15.0
 2026- 04- 09 12: 33: 18,657,0.529,16.0
 2026- 04- 09 12: 33: 19,649,0.523,15.0
 2026- 04- 09 12: 33: 19,675,0.544,16.0
 2026- 04- 09 12: 33: 20,634,0.511,15.0
 2026- 04- 09 12: 33: 20,664,0.535,16.0
 2026- 04- 09 12: 33: 21,654,0.527,15.0
 2026- 04- 09 12: 33: 21,650,0.524,15.0
 2026- 04- 09 12: 33: 22,651,0.525,15.0
 2026- 04- 09 12: 33: 22,656,0.529,16.0
 2026- 04- 09 12: 33: 23,631,0.508,15.0
 2026- 04- 09 12: 33: 23,647,0.521,15.0
 2026- 04- 09 12: 33: 24,657,0.529,16.0
 2026- 04- 09 12: 33: 24,649,0.523,15.0
 2026- 04- 09 12: 33: 25,654,0.527,15.0
 2026- 04- 09 12: 33: 25,639,0.515,15.0
 2026- 04- 09 12: 33: 26,624,0.503,15.0
 2026- 04- 09 12: 33: 26,660,0.532,16.0
 2026- 04- 09 12: 33: 27,659,0.531,16.0
 2026- 04- 09 12: 33: 27,667,0.538,16.0
 2026- 04- 09 12: 33: 28,669,0.539,16.0
 2026- 04- 09 12: 33: 28,665,0.536,16.0
 2026- 04- 09 12: 33: 29,675,0.544,16.0
 2026- 04- 09 12: 33: 29,650,0.524,15.0
 2026- 04- 09 12: 33: 30,679,0.547,16.0
 2026- 04- 09 12: 33: 30,670,0.54,16.0
 2026- 04- 09 12: 33: 31,662,0.533,16.0
 2026- 04- 09 12: 33: 31,652,0.525,15.0
 2026- 04- 09 12: 33: 32,659,0.531,16.0
 2026- 04- 09 12: 33: 32,681,0.549,16.0
 2026- 04- 09 12: 33: 33,653,0.526,15.0
 2026- 04- 09 12: 33: 33,661,0.533,16.0
 2026- 04- 09 12: 33: 34,666,0.537,16.0
 2026- 04- 09 12: 33: 34,665,0.536,16.0
 2026- 04- 09 12: 33: 35,641,0.517,15.0
 2026- 04- 09 12: 33: 35,658,0.53,16.0
 2026- 04- 09 12: 33: 36,641,0.517,15.0
 2026- 04- 09 12: 33: 36,656,0.529,16.0
 2026- 04- 09 12: 33: 37,657,0.529,16.0
 2026- 04- 09 12: 33: 37,669,0.539,16.0
 2026- 04- 09 12: 33: 38,642,0.517,15.0
 2026- 04- 09 12: 33: 38,677,0.546,16.0
 2026- 04- 09 12: 33: 39,657,0.529,16.0
 2026- 04- 09 12: 33: 39,688,0.554,16.0
 2026- 04- 09 12: 33: 40,656,0.529,16.0
 2026- 04- 09 12: 33: 40,684,0.551,16.0
 2026- 04- 09 12: 33: 41,635,0.512,15.0
 2026- 04- 09 12: 33: 41,667,0.538,16.0
 2026- 04- 09 12: 33: 42,651,0.525,15.0
 2026- 04- 09 12: 33: 42,661,0.533,16.0
 2026- 04- 09 12: 33: 43,640,0.516,15.0
 2026- 04- 09 12: 33: 43,640,0.516,15.0
 2026- 04- 09 12: 33: 44,656,0.529,16.0
 2026- 04- 09 12: 33: 44,643,0.518,15.0
 2026- 04- 09 12: 33: 45,638,0.514,15.0
 2026- 04- 09 12: 33: 45,656,0.529,16.0
 2026- 04- 09 12: 33: 46,650,0.524,15.0
 2026- 04- 09 12: 33: 46,682,0.55,16.0
 2026- 04- 09 12: 33: 47,651,0.525,15.0
 2026- 04- 09 12: 33: 47,666,0.537,16.0
 2026- 04- 09 12: 33: 48,653,0.526,15.0
 2026- 04- 09 12: 33: 48,654,0.527,15.0
 2026- 04- 09 12: 33: 49,642,0.517,15.0
 2026- 04- 09 12: 33: 49,683,0.55,16.0
 2026- 04- 09 12: 33: 50,664,0.535,16.0
 2026- 04- 09 12: 33: 50,682,0.55,16.0
 2026- 04- 09 12: 33: 51,647,0.521,15.0
 2026- 04- 09 12: 33: 51,688,0.554,16.0
 2026- 04- 09 12: 33: 52,634,0.511,15.0
 2026- 04- 09 12: 33: 52,657,0.529,16.0
 2026- 04- 09 12: 33: 53,647,0.521,15.0
 2026- 04- 09 12: 33: 53,713,0.575,17.0
 2026- 04- 09 12: 33: 54,640,0.516,15.0
 2026- 04- 09 12: 33: 54,638,0.514,15.0
 2026- 04- 09 12: 33: 55,657,0.529,16.0
 2026- 04- 09 12: 33: 55,644,0.519,15.0
 2026- 04- 09 12: 33: 56,640,0.516,15.0
 2026- 04- 09 12: 33: 56,669,0.539,16.0
 2026- 04- 09 12: 33: 57,648,0.522,15.0
 2026- 04- 09 12: 33: 57,656,0.529,16.0
 2026- 04- 09 12: 33: 58,659,0.531,16.0
 2026- 04- 09 12: 33: 58,661,0.533,16.0
 2026- 04- 09 12: 33: 59,659,0.531,16.0
 2026- 04- 09 12: 33: 59,647,0.521,15.0
 2026- 04- 09 12: 34: 00,678,0.546,16.0
 2026- 04- 09 12: 34: 00,652,0.525,15.0
 2026- 04- 09 12: 34: 01,657,0.529,16.0
 2026- 04- 09 12: 34: 01,670,0.54,16.0
 2026- 04- 09 12: 34: 02,619,0.499,15.0
 2026- 04- 09 12: 34: 02,639,0.515,15.0
 2026- 04- 09 12: 34: 03,636,0.513,15.0
 2026- 04- 09 12: 34: 03,673,0.542,16.0
 2026- 04- 09 12: 34: 04,646,0.521,15.0
 2026- 04- 09 12: 34: 04,649,0.523,15.0
 2026- 04- 09 12: 34: 05,667,0.538,16.0
 2026- 04- 09 12: 34: 05,669,0.539,16.0
 2026- 04- 09 12: 34: 06,641,0.517,15.0
 2026- 04- 09 12: 34: 06,664,0.535,16.0
 2026- 04- 09 12: 34: 07,649,0.523,15.0
 2026- 04- 09 12: 34: 07,646,0.521,15.0
 2026- 04- 09 12: 34: 08,647,0.521,15.0
 2026- 04- 09 12: 34: 08,661,0.533,16.0
 2026- 04- 09 12: 34: 09,646,0.521,15.0
 2026- 04- 09 12: 34: 09,649,0.523,15.0
 2026- 04- 09 12: 34: 10,675,0.544,16.0
 2026- 04- 09 12: 34: 10,687,0.554,16.0
 2026- 04- 09 12: 34: 11,642,0.517,15.0
 2026- 04- 09 12: 34: 11,656,0.529,16.0
 2026- 04- 09 12: 34: 12,662,0.533,16.0
 2026- 04- 09 12: 34: 12,649,0.523,15.0
 2026- 04- 09 12: 34: 13,629,0.507,15.0
 2026- 04- 09 12: 34: 13,639,0.515,15.0
 2026- 04- 09 12: 34: 14,648,0.522,15.0
 2026- 04- 09 12: 34: 14,638,0.514,15.0
 2026- 04- 09 12: 34: 15,659,0.531,16.0
 2026- 04- 09 12: 34: 15,636,0.513,15.0
 2026- 04- 09 12: 34: 16,662,0.533,16.0
 2026- 04- 09 12: 34: 16,665,0.536,16.0
 2026- 04- 09 12: 34: 17,654,0.527,15.0
 2026- 04- 09 12: 34: 17,663,0.534,16.0
 2026- 04- 09 12: 34: 18,662,0.533,16.0
 2026- 04- 09 12: 34: 18,673,0.542,16.0
 2026- 04- 09 12: 34: 19,641,0.517,15.0
 2026- 04- 09 12: 34: 19,655,0.528,15.0
 2026- 04- 09 12: 34: 20,661,0.533,16.0
 2026- 04- 09 12: 34: 20,656,0.529,16.0
 2026- 04- 09 12: 34: 21,679,0.547,16.0
 2026- 04- 09 12: 34: 21,649,0.523,15.0
 2026- 04- 09 12: 34: 22,650,0.524,15.0
 2026- 04- 09 12: 34: 22,666,0.537,16.0
 2026- 04- 09 12: 34: 23,673,0.542,16.0
 2026- 04- 09 12: 34: 23,658,0.53,16.0
 2026- 04- 09 12: 34: 24,671,0.541,16.0
 2026- 04- 09 12: 34: 24,655,0.528,15.0
 2026- 04- 09 12: 34: 25,642,0.517,15.0
 2026- 04- 09 12: 34: 25,654,0.527,15.0
 2026- 04- 09 12: 34: 26,656,0.529,16.0
 2026- 04- 09 12: 34: 26,657,0.529,16.0
 2026- 04- 09 12: 34: 27,642,0.517,15.0
 2026- 04- 09 12: 34: 27,642,0.517,15.0
 2026- 04- 09 12: 34: 28,677,0.546,16.0
 2026- 04- 09 12: 34: 28,675,0.544,16.0
 2026- 04- 09 12: 34: 29,671,0.541,16.0
 2026- 04- 09 12: 34: 29,657,0.529,16.0
 2026- 04- 09 12: 34: 30,662,0.533,16.0
 2026- 04- 09 12: 34: 30,655,0.528,15.0
 2026- 04- 09 12: 34: 31,662,0.533,16.0
 2026- 04- 09 12: 34: 31,664,0.535,16.0
 2026- 04- 09 12: 34: 32,650,0.524,15.0
 2026- 04- 09 12: 34: 32,656,0.529,16.0
 2026- 04- 09 12: 34: 33,643,0.518,15.0
 2026- 04- 09 12: 34: 33,639,0.515,15.0
 2026- 04- 09 12: 34: 34,659,0.531,16.0
 2026- 04- 09 12: 34: 34,659,0.531,16.0
 2026- 04- 09 12: 34: 35,660,0.532,16.0
 2026- 04- 09 12: 34: 35,628,0.506,15.0
 2026- 04- 09 12: 34: 36,624,0.503,15.0
 2026- 04- 09 12: 34: 36,688,0.554,16.0
 2026- 04- 09 12: 34: 37,677,0.546,16.0
 2026- 04- 09 12: 34: 37,659,0.531,16.0
 2026- 04- 09 12: 34: 38,657,0.529,16.0
 2026- 04- 09 12: 34: 38,646,0.521,15.0
 2026- 04- 09 12: 34: 39,659,0.531,16.0
 2026- 04- 09 12: 34: 39,681,0.549,16.0
 2026- 04- 09 12: 34: 40,648,0.522,15.0
 2026- 04- 09 12: 34: 40,641,0.517,15.0
 2026- 04- 09 12: 34: 41,644,0.519,15.0
 2026- 04- 09 12: 34: 41,687,0.554,16.0
 2026- 04- 09 12: 34: 42,633,0.51,15.0
 2026- 04- 09 12: 34: 42,683,0.55,16.0
 2026- 04- 09 12: 34: 43,658,0.53,16.0
 2026- 04- 09 12: 34: 43,647,0.521,15.0
 2026- 04- 09 12: 34: 44,671,0.541,16.0
 2026- 04- 09 12: 34: 44,655,0.528,15.0
 2026- 04- 09 12: 34: 45,654,0.527,15.0
 2026- 04- 09 12: 34: 45,650,0.524,15.0
 2026- 04- 09 12: 34: 46,639,0.515,15.0
 2026- 04- 09 12: 34: 46,640,0.516,15.0
 2026- 04- 09 12: 34: 47,656,0.529,16.0
 2026- 04- 09 12: 34: 47,634,0.511,15.0
 2026- 04- 09 12: 34: 48,631,0.508,15.0
 2026- 04- 09 12: 34: 48,643,0.518,15.0
 2026- 04- 09 12: 34: 49,656,0.529,16.0
 2026- 04- 09 12: 34: 49,665,0.536,16.0
 2026- 04- 09 12: 34: 50,682,0.55,16.0
 2026- 04- 09 12: 34: 50,657,0.529,16.0
 2026- 04- 09 12: 34: 51,636,0.513,15.0
 2026- 04- 09 12: 34: 51,646,0.521,15.0
 2026- 04- 09 12: 34: 52,634,0.511,15.0
 2026- 04- 09 12: 34: 52,671,0.541,16.0
 2026- 04- 09 12: 34: 53,665,0.536,16.0
 2026- 04- 09 12: 34: 53,663,0.534,16.0
 2026- 04- 09 12: 34: 54,618,0.498,15.0
 2026- 04- 09 12: 34: 54,680,0.548,16.0
 2026- 04- 09 12: 34: 55,677,0.546,16.0
 2026- 04- 09 12: 34: 55,672,0.542,16.0
 2026- 04- 09 12: 34: 56,625,0.504,15.0
 2026- 04- 09 12: 34: 56,640,0.516,15.0
 2026- 04- 09 12: 34: 57,630,0.508,15.0
 2026- 04- 09 12: 34: 57,647,0.521,15.0
 2026- 04- 09 12: 34: 58,667,0.538,16.0
 2026- 04- 09 12: 34: 58,662,0.533,16.0
 2026- 04- 09 12: 34: 59,644,0.519,15.0
 2026- 04- 09 12: 34: 59,667,0.538,16.0
 2026- 04- 09 12: 35: 00,689,0.555,16.0
 2026- 04- 09 12: 35: 00,666,0.537,16.0
 2026- 04- 09 12: 35: 01,659,0.531,16.0
 2026- 04- 09 12: 35: 01,662,0.533,16.0
 2026- 04- 09 12: 35: 02,645,0.52,15.0
 2026- 04- 09 12: 35: 02,647,0.521,15.0
 2026- 04- 09 12: 35: 03,662,0.533,16.0
 2026- 04- 09 12: 35: 03,671,0.541,16.0
 2026- 04- 09 12: 35: 04,643,0.518,15.0
 2026- 04- 09 12: 35: 04,649,0.523,15.0
 2026- 04- 09 12: 35: 05,659,0.531,16.0
 2026- 04- 09 12: 35: 05,659,0.531,16.0
 2026- 04- 09 12: 35: 06,627,0.505,15.0
 2026- 04- 09 12: 35: 06,679,0.547,16.0
 2026- 04- 09 12: 35: 07,641,0.517,15.0
 2026- 04- 09 12: 35: 07,650,0.524,15.0
 2026- 04- 09 12: 35: 08,669,0.539,16.0
 2026- 04- 09 12: 35: 08,670,0.54,16.0
 2026- 04- 09 12: 35: 09,650,0.524,15.0
 2026- 04- 09 12: 35: 09,671,0.541,16.0
 2026- 04- 09 12: 35: 10,639,0.515,15.0
 2026- 04- 09 12: 35: 10,649,0.523,15.0
 2026- 04- 09 12: 35: 11,672,0.542,16.0
 2026- 04- 09 12: 35: 11,647,0.521,15.0
 2026- 04- 09 12: 35: 12,682,0.55,16.0
 2026- 04- 09 12: 35: 12,629,0.507,15.0
 2026- 04- 09 12: 35: 13,686,0.553,16.0
 2026- 04- 09 12: 35: 13,677,0.546,16.0
 2026- 04- 09 12: 35: 14,688,0.554,16.0
 2026- 04- 09 12: 35: 14,658,0.53,16.0
 2026- 04- 09 12: 35: 15,635,0.512,15.0
 2026- 04- 09 12: 35: 15,631,0.508,15.0
 2026- 04- 09 12: 35: 16,642,0.517,15.0
 2026- 04- 09 12: 35: 16,689,0.555,16.0
 2026- 04- 09 12: 35: 17,678,0.546,16.0
 2026- 04- 09 12: 35: 17,686,0.553,16.0
 2026- 04- 09 12: 35: 18,656,0.529,16.0
 2026- 04- 09 12: 35: 18,653,0.526,15.0
 2026- 04- 09 12: 35: 19,639,0.515,15.0
 2026- 04- 09 12: 35: 19,645,0.52,15.0
 2026- 04- 09 12: 35: 20,653,0.526,15.0
 2026- 04- 09 12: 35: 20,661,0.533,16.0
 2026- 04- 09 12: 35: 21,656,0.529,16.0
 2026- 04- 09 12: 35: 21,637,0.513,15.0
 2026- 04- 09 12: 35: 22,652,0.525,15.0
 2026- 04- 09 12: 35: 22,658,0.53,16.0
 2026- 04- 09 12: 35: 23,626,0.504,15.0
 2026- 04- 09 12: 35: 23,639,0.515,15.0
 2026- 04- 09 12: 35: 24,659,0.531,16.0
 2026- 04- 09 12: 35: 24,613,0.494,14.0
 2026- 04- 09 12: 35: 25,671,0.541,16.0
 2026- 04- 09 12: 35: 25,675,0.544,16.0
 2026- 04- 09 12: 35: 26,656,0.529,16.0
 2026- 04- 09 12: 35: 26,640,0.516,15.0
 2026- 04- 09 12: 35: 27,663,0.534,16.0
 2026- 04- 09 12: 35: 27,637,0.513,15.0
 2026- 04- 09 12: 35: 28,656,0.529,16.0
 2026- 04- 09 12: 35: 28,647,0.521,15.0
 2026- 04- 09 12: 35: 29,678,0.546,16.0
 2026- 04- 09 12: 35: 29,659,0.531,16.0
 2026- 04- 09 12: 35: 30,659,0.531,16.0
 2026- 04- 09 12: 35: 30,659,0.531,16.0
 2026- 04- 09 12: 35: 31,643,0.518,15.0
 2026- 04- 09 12: 35: 31,655,0.528,15.0
 2026- 04- 09 12: 35: 32,649,0.523,15.0
 2026- 04- 09 12: 35: 32,683,0.55,16.0
 2026- 04- 09 12: 35: 33,638,0.514,15.0
 2026- 04- 09 12: 35: 33,643,0.518,15.0
 2026- 04- 09 12: 35: 34,631,0.508,15.0
 2026- 04- 09 12: 35: 34,661,0.533,16.0
 2026- 04- 09 12: 35: 35,663,0.534,16.0
 2026- 04- 09 12: 35: 35,663,0.534,16.0
 2026- 04- 09 12: 35: 36,666,0.537,16.0
 2026- 04- 09 12: 35: 36,656,0.529,16.0
 2026- 04- 09 12: 35: 37,656,0.529,16.0
 2026- 04- 09 12: 35: 37,643,0.518,15.0
 2026- 04- 09 12: 35: 38,656,0.529,16.0
 2026- 04- 09 12: 35: 38,651,0.525,15.0
 2026- 04- 09 12: 35: 39,641,0.517,15.0
 2026- 04- 09 12: 35: 39,639,0.515,15.0
 2026- 04- 09 12: 35: 40,656,0.529,16.0
 2026- 04- 09 12: 35: 40,656,0.529,16.0
 2026- 04- 09 12: 35: 41,654,0.527,15.0
 2026- 04- 09 12: 35: 41,678,0.546,16.0
 2026- 04- 09 12: 35: 42,640,0.516,15.0
 2026- 04- 09 12: 35: 42,655,0.528,15.0
 2026- 04- 09 12: 35: 43,661,0.533,16.0
 2026- 04- 09 12: 35: 43,647,0.521,15.0
 2026- 04- 09 12: 35: 44,657,0.529,16.0
 2026- 04- 09 12: 35: 44,671,0.541,16.0
 2026- 04- 09 12: 35: 45,641,0.517,15.0
 2026- 04- 09 12: 35: 45,650,0.524,15.0
 2026- 04- 09 12: 35: 46,656,0.529,16.0
 2026- 04- 09 12: 35: 46,669,0.539,16.0
 2026- 04- 09 12: 35: 47,637,0.513,15.0
 2026- 04- 09 12: 35: 47,673,0.542,16.0
 2026- 04- 09 12: 35: 48,659,0.531,16.0
 2026- 04- 09 12: 35: 48,673,0.542,16.0
 2026- 04- 09 12: 35: 49,649,0.523,15.0
 2026- 04- 09 12: 35: 49,673,0.542,16.0
 2026- 04- 09 12: 35: 50,644,0.519,15.0
 2026- 04- 09 12: 35: 50,688,0.554,16.0
 2026- 04- 09 12: 35: 51,680,0.548,16.0
 2026- 04- 09 12: 35: 51,637,0.513,15.0
 2026- 04- 09 12: 35: 52,663,0.534,16.0
 2026- 04- 09 12: 35: 52,673,0.542,16.0
 2026- 04- 09 12: 35: 53,656,0.529,16.0
 2026- 04- 09 12: 35: 53,648,0.522,15.0
 2026- 04- 09 12: 35: 54,681,0.549,16.0
 2026- 04- 09 12: 35: 54,615,0.496,15.0
 2026- 04- 09 12: 35: 55,669,0.539,16.0
 2026- 04- 09 12: 35: 55,662,0.533,16.0
 2026- 04- 09 12: 35: 56,660,0.532,16.0
 2026- 04- 09 12: 35: 56,655,0.528,15.0
 2026- 04- 09 12: 35: 57,653,0.526,15.0
 2026- 04- 09 12: 35: 57,644,0.519,15.0
 2026- 04- 09 12: 35: 58,641,0.517,15.0
 2026- 04- 09 12: 35: 58,687,0.554,16.0
 2026- 04- 09 12: 35: 59,652,0.525,15.0
 2026- 04- 09 12: 35: 59,672,0.542,16.0
 2026- 04- 09 12: 36: 00,630,0.508,15.0
 2026- 04- 09 12: 36: 00,665,0.536,16.0
 2026- 04- 09 12: 36: 01,659,0.531,16.0
 2026- 04- 09 12: 36: 01,670,0.54,16.0
 2026- 04- 09 12: 36: 02,663,0.534,16.0
 2026- 04- 09 12: 36: 02,657,0.529,16.0
 2026- 04- 09 12: 36: 03,615,0.496,15.0
 2026- 04- 09 12: 36: 03,669,0.539,16.0
 2026- 04- 09 12: 36: 04,638,0.514,15.0
 2026- 04- 09 12: 36: 04,640,0.516,15.0
 2026- 04- 09 12: 36: 05,656,0.529,16.0
 2026- 04- 09 12: 36: 05,631,0.508,15.0
 2026- 04- 09 12: 36: 06,640,0.516,15.0
 2026- 04- 09 12: 36: 06,647,0.521,15.0
 2026- 04- 09 12: 36: 07,646,0.521,15.0
 2026- 04- 09 12: 36: 07,640,0.516,15.0
 2026- 04- 09 12: 36: 08,639,0.515,15.0
 2026- 04- 09 12: 36: 08,667,0.538,16.0
 2026- 04- 09 12: 36: 09,650,0.524,15.0
 2026- 04- 09 12: 36: 09,665,0.536,16.0
 2026- 04- 09 12: 36: 10,652,0.525,15.0
 2026- 04- 09 12: 36: 10,658,0.53,16.0
 2026- 04- 09 12: 36: 11,647,0.521,15.0
 2026- 04- 09 12: 36: 11,669,0.539,16.0
 2026- 04- 09 12: 36: 12,649,0.523,15.0
 2026- 04- 09 12: 36: 12,666,0.537,16.0
 2026- 04- 09 12: 36: 13,671,0.541,16.0
 2026- 04- 09 12: 36: 13,670,0.54,16.0
 2026- 04- 09 12: 36: 14,656,0.529,16.0
 2026- 04- 09 12: 36: 14,645,0.52,15.0
 2026- 04- 09 12: 36: 15,650,0.524,15.0
 2026- 04- 09 12: 36: 15,663,0.534,16.0
 2026- 04- 09 12: 36: 16,618,0.498,15.0
 2026- 04- 09 12: 36: 16,671,0.541,16.0
 2026- 04- 09 12: 36: 17,663,0.534,16.0
 2026- 04- 09 12: 36: 17,686,0.553,16.0
 2026- 04- 09 12: 36: 18,655,0.528,15.0
 2026- 04- 09 12: 36: 18,655,0.528,15.0
 2026- 04- 09 12: 36: 19,661,0.533,16.0
 2026- 04- 09 12: 36: 19,645,0.52,15.0
 2026- 04- 09 12: 36: 20,673,0.542,16.0
 2026- 04- 09 12: 36: 20,629,0.507,15.0
 2026- 04- 09 12: 36: 21,667,0.538,16.0
 2026- 04- 09 12: 36: 21,640,0.516,15.0
 2026- 04- 09 12: 36: 22,658,0.53,16.0
 2026- 04- 09 12: 36: 22,652,0.525,15.0
 2026- 04- 09 12: 36: 23,631,0.508,15.0
 2026- 04- 09 12: 36: 23,656,0.529,16.0
 2026- 04- 09 12: 36: 24,670,0.54,16.0
 2026- 04- 09 12: 36: 24,672,0.542,16.0
 2026- 04- 09 12: 36: 25,653,0.526,15.0
 2026- 04- 09 12: 36: 25,685,0.552,16.0
 2026- 04- 09 12: 36: 26,641,0.517,15.0
 2026- 04- 09 12: 36: 26,677,0.546,16.0
 2026- 04- 09 12: 36: 27,641,0.517,15.0
 2026- 04- 09 12: 36: 27,635,0.512,15.0
 2026- 04- 09 12: 36: 28,669,0.539,16.0
 2026- 04- 09 12: 36: 28,659,0.531,16.0
 2026- 04- 09 12: 36: 29,656,0.529,16.0
 2026- 04- 09 12: 36: 29,651,0.525,15.0
 2026- 04- 09 12: 36: 30,650,0.524,15.0
 2026- 04- 09 12: 36: 30,663,0.534,16.0
 2026- 04- 09 12: 36: 31,669,0.539,16.0
 2026- 04- 09 12: 36: 31,625,0.504,15.0
 2026- 04- 09 12: 36: 32,671,0.541,16.0
 2026- 04- 09 12: 36: 32,642,0.517,15.0
 2026- 04- 09 12: 36: 33,619,0.499,15.0
 2026- 04- 09 12: 36: 33,649,0.523,15.0
 2026- 04- 09 12: 36: 34,640,0.516,15.0
 2026- 04- 09 12: 36: 34,639,0.515,15.0
 2026- 04- 09 12: 36: 35,664,0.535,16.0
 2026- 04- 09 12: 36: 35,654,0.527,15.0
 2026- 04- 09 12: 36: 36,670,0.54,16.0
 2026- 04- 09 12: 36: 36,651,0.525,15.0
 2026- 04- 09 12: 36: 37,670,0.54,16.0
 2026- 04- 09 12: 36: 37,641,0.517,15.0
 2026- 04- 09 12: 36: 38,637,0.513,15.0
 2026- 04- 09 12: 36: 38,636,0.513,15.0
 2026- 04- 09 12: 36: 39,667,0.538,16.0
 2026- 04- 09 12: 36: 39,666,0.537,16.0
 2026- 04- 09 12: 36: 40,655,0.528,15.0
 2026- 04- 09 12: 36: 40,643,0.518,15.0
 2026- 04- 09 12: 36: 41,658,0.53,16.0
 2026- 04- 09 12: 36: 41,665,0.536,16.0
 2026- 04- 09 12: 36: 42,671,0.541,16.0
 2026- 04- 09 12: 36: 42,667,0.538,16.0
 2026- 04- 09 12: 36: 43,657,0.529,16.0
 2026- 04- 09 12: 36: 43,650,0.524,15.0
 2026- 04- 09 12: 36: 44,633,0.51,15.0
 2026- 04- 09 12: 36: 44,670,0.54,16.0
 2026- 04- 09 12: 36: 45,663,0.534,16.0
 2026- 04- 09 12: 36: 45,656,0.529,16.0
 2026- 04- 09 12: 36: 46,655,0.528,15.0
 2026- 04- 09 12: 36: 46,656,0.529,16.0
 2026- 04- 09 12: 36: 47,673,0.542,16.0
 2026- 04- 09 12: 36: 47,634,0.511,15.0
 2026- 04- 09 12: 36: 48,668,0.538,16.0
 2026- 04- 09 12: 36: 48,679,0.547,16.0
 2026- 04- 09 12: 36: 49,688,0.554,16.0
 2026- 04- 09 12: 36: 49,666,0.537,16.0
 2026- 04- 09 12: 36: 50,650,0.524,15.0
 2026- 04- 09 12: 36: 50,672,0.542,16.0
 2026- 04- 09 12: 36: 51,658,0.53,16.0
 2026- 04- 09 12: 36: 51,653,0.526,15.0
 2026- 04- 09 12: 36: 52,650,0.524,15.0
 2026- 04- 09 12: 36: 52,668,0.538,16.0
 2026- 04- 09 12: 36: 53,666,0.537,16.0
 2026- 04- 09 12: 36: 53,674,0.543,16.0
 2026- 04- 09 12: 36: 54,640,0.516,15.0
 2026- 04- 09 12: 36: 54,659,0.531,16.0
 2026- 04- 09 12: 36: 55,651,0.525,15.0
 2026- 04- 09 12: 36: 55,638,0.514,15.0
 2026- 04- 09 12: 36: 56,641,0.517,15.0
 2026- 04- 09 12: 36: 56,638,0.514,15.0
 2026- 04- 09 12: 36: 57,656,0.529,16.0
 2026- 04- 09 12: 36: 57,687,0.554,16.0
 2026- 04- 09 12: 36: 58,675,0.544,16.0
 2026- 04- 09 12: 36: 58,655,0.528,15.0
 2026- 04- 09 12: 36: 59,663,0.534,16.0
 2026- 04- 09 12: 36: 59,656,0.529,16.0
 2026- 04- 09 12: 37: 00,659,0.531,16.0
 2026- 04- 09 12: 37: 00,652,0.525,15.0
 2026- 04- 09 12: 37: 01,638,0.514,15.0
 2026- 04- 09 12: 37: 01,656,0.529,16.0
 2026- 04- 09 12: 37: 02,659,0.531,16.0
 2026- 04- 09 12: 37: 02,639,0.515,15.0
 2026- 04- 09 12: 37: 03,642,0.517,15.0
 2026- 04- 09 12: 37: 03,654,0.527,15.0
 2026- 04- 09 12: 37: 04,669,0.539,16.0
 2026- 04- 09 12: 37: 04,689,0.555,16.0
 2026- 04- 09 12: 37: 05,666,0.537,16.0
 2026- 04- 09 12: 37: 05,683,0.55,16.0
 2026- 04- 09 12: 37: 06,688,0.554,16.0
 2026- 04- 09 12: 37: 06,658,0.53,16.0
 2026- 04- 09 12: 37: 07,638,0.514,15.0
 2026- 04- 09 12: 37: 07,675,0.544,16.0
 2026- 04- 09 12: 37: 08,666,0.537,16.0
 2026- 04- 09 12: 37: 08,662,0.533,16.0
 2026- 04- 09 12: 37: 09,659,0.531,16.0
 2026- 04- 09 12: 37: 09,618,0.498,15.0
 2026- 04- 09 12: 37: 10,646,0.521,15.0
 2026- 04- 09 12: 37: 10,653,0.526,15.0
 2026- 04- 09 12: 37: 11,642,0.517,15.0
 2026- 04- 09 12: 37: 11,654,0.527,15.0
 2026- 04- 09 12: 37: 12,644,0.519,15.0
 2026- 04- 09 12: 37: 12,652,0.525,15.0
 2026- 04- 09 12: 37: 13,683,0.55,16.0
 2026- 04- 09 12: 37: 13,676,0.545,16.0
 2026- 04- 09 12: 37: 14,672,0.542,16.0
 2026- 04- 09 12: 37: 14,673,0.542,16.0
 2026- 04- 09 12: 37: 15,652,0.525,15.0
 2026- 04- 09 12: 37: 15,670,0.54,16.0
 2026- 04- 09 12: 37: 16,669,0.539,16.0
 2026- 04- 09 12: 37: 16,653,0.526,15.0
 2026- 04- 09 12: 37: 17,653,0.526,15.0
 2026- 04- 09 12: 37: 17,663,0.534,16.0
 2026- 04- 09 12: 37: 18,629,0.507,15.0
 2026- 04- 09 12: 37: 18,662,0.533,16.0
 2026- 04- 09 12: 37: 19,661,0.533,16.0
 2026- 04- 09 12: 37: 19,656,0.529,16.0
 2026- 04- 09 12: 37: 20,705,0.568,17.0
 2026- 04- 09 12: 37: 20,645,0.52,15.0
 2026- 04- 09 12: 37: 21,656,0.529,16.0
 2026- 04- 09 12: 37: 21,658,0.53,16.0
 2026- 04- 09 12: 37: 22,647,0.521,15.0
 2026- 04- 09 12: 37: 22,670,0.54,16.0
 2026- 04- 09 12: 37: 23,688,0.554,16.0
 2026- 04- 09 12: 37: 23,647,0.521,15.0
 2026- 04- 09 12: 37: 24,652,0.525,15.0
 2026- 04- 09 12: 37: 24,675,0.544,16.0
 2026- 04- 09 12: 37: 25,630,0.508,15.0
 2026- 04- 09 12: 37: 25,625,0.504,15.0
 2026- 04- 09 12: 37: 26,663,0.534,16.0
 2026- 04- 09 12: 37: 26,650,0.524,15.0
 2026- 04- 09 12: 37: 27,652,0.525,15.0
 2026- 04- 09 12: 37: 27,640,0.516,15.0
 2026- 04- 09 12: 37: 28,663,0.534,16.0
 2026- 04- 09 12: 37: 28,651,0.525,15.0
 2026- 04- 09 12: 37: 29,675,0.544,16.0
 2026- 04- 09 12: 37: 29,655,0.528,15.0
 2026- 04- 09 12: 37: 30,678,0.546,16.0
 2026- 04- 09 12: 37: 30,661,0.533,16.0
 2026- 04- 09 12: 37: 31,663,0.534,16.0
 2026- 04- 09 12: 37: 31,639,0.515,15.0
 2026- 04- 09 12: 37: 32,625,0.504,15.0
 2026- 04- 09 12: 37: 32,656,0.529,16.0
 2026- 04- 09 12: 37: 33,647,0.521,15.0
 2026- 04- 09 12: 37: 33,682,0.55,16.0
 2026- 04- 09 12: 37: 34,640,0.516,15.0
 2026- 04- 09 12: 37: 34,634,0.511,15.0
 2026- 04- 09 12: 37: 35,621,0.5,15.0
 2026- 04- 09 12: 37: 35,631,0.508,15.0
 2026- 04- 09 12: 37: 36,633,0.51,15.0
 2026- 04- 09 12: 37: 36,675,0.544,16.0
 2026- 04- 09 12: 37: 37,666,0.537,16.0
 2026- 04- 09 12: 37: 37,662,0.533,16.0
 2026- 04- 09 12: 37: 38,645,0.52,15.0
 2026- 04- 09 12: 37: 38,653,0.526,15.0
 2026- 04- 09 12: 37: 39,664,0.535,16.0
 2026- 04- 09 12: 37: 39,624,0.503,15.0
 2026- 04- 09 12: 37: 40,673,0.542,16.0
 2026- 04- 09 12: 37: 40,663,0.534,16.0
 2026- 04- 09 12: 37: 41,656,0.529,16.0
 2026- 04- 09 12: 37: 41,684,0.551,16.0
 2026- 04- 09 12: 37: 42,659,0.531,16.0
 2026- 04- 09 12: 37: 42,646,0.521,15.0
 2026- 04- 09 12: 37: 43,644,0.519,15.0
 2026- 04- 09 12: 37: 43,640,0.516,15.0
 2026- 04- 09 12: 37: 44,656,0.529,16.0
 2026- 04- 09 12: 37: 44,635,0.512,15.0
 2026- 04- 09 12: 37: 45,665,0.536,16.0
 2026- 04- 09 12: 37: 45,658,0.53,16.0
 2026- 04- 09 12: 37: 46,654,0.527,15.0
 2026- 04- 09 12: 37: 46,663,0.534,16.0
 2026- 04- 09 12: 37: 47,652,0.525,15.0
 2026- 04- 09 12: 37: 47,647,0.521,15.0
 2026- 04- 09 12: 37: 48,624,0.503,15.0
 2026- 04- 09 12: 37: 48,642,0.517,15.0
 2026- 04- 09 12: 37: 49,654,0.527,15.0
 2026- 04- 09 12: 37: 49,647,0.521,15.0
 2026- 04- 09 12: 37: 50,633,0.51,15.0
 2026- 04- 09 12: 37: 50,666,0.537,16.0
 2026- 04- 09 12: 37: 51,636,0.513,15.0
 2026- 04- 09 12: 37: 51,643,0.518,15.0
 2026- 04- 09 12: 37: 52,650,0.524,15.0
 2026- 04- 09 12: 37: 52,689,0.555,16.0
 2026- 04- 09 12: 37: 53,638,0.514,15.0
 2026- 04- 09 12: 37: 53,651,0.525,15.0
 2026- 04- 09 12: 37: 54,663,0.534,16.0
 2026- 04- 09 12: 37: 54,638,0.514,15.0
 2026- 04- 09 12: 37: 55,668,0.538,16.0
 2026- 04- 09 12: 37: 55,640,0.516,15.0
 2026- 04- 09 12: 37: 56,651,0.525,15.0
 2026- 04- 09 12: 37: 56,640,0.516,15.0
 2026- 04- 09 12: 37: 57,671,0.541,16.0
 2026- 04- 09 12: 37: 57,661,0.533,16.0
 2026- 04- 09 12: 37: 58,624,0.503,15.0
 2026- 04- 09 12: 37: 58,691,0.557,16.0
 2026- 04- 09 12: 37: 59,651,0.525,15.0
 2026- 04- 09 12: 37: 59,658,0.53,16.0
 2026- 04- 09 12: 38: 00,626,0.504,15.0
 2026- 04- 09 12: 38: 00,650,0.524,15.0
 2026- 04- 09 12: 38: 01,646,0.521,15.0
 2026- 04- 09 12: 38: 01,650,0.524,15.0
 2026- 04- 09 12: 38: 02,650,0.524,15.0
 2026- 04- 09 12: 38: 02,670,0.54,16.0
 2026- 04- 09 12: 38: 03,657,0.529,16.0
 2026- 04- 09 12: 38: 03,650,0.524,15.0
 2026- 04- 09 12: 38: 04,668,0.538,16.0
 2026- 04- 09 12: 38: 04,683,0.55,16.0
 2026- 04- 09 12: 38: 05,640,0.516,15.0
 2026- 04- 09 12: 38: 05,628,0.506,15.0
 2026- 04- 09 12: 38: 06,656,0.529,16.0
 2026- 04- 09 12: 38: 06,636,0.513,15.0
 2026- 04- 09 12: 38: 07,673,0.542,16.0
 2026- 04- 09 12: 38: 07,678,0.546,16.0
 2026- 04- 09 12: 38: 08,654,0.527,15.0
 2026- 04- 09 12: 38: 08,626,0.504,15.0
 2026- 04- 09 12: 38: 09,656,0.529,16.0
 2026- 04- 09 12: 38: 09,656,0.529,16.0
 2026- 04- 09 12: 38: 10,622,0.501,15.0
 2026- 04- 09 12: 38: 10,688,0.554,16.0
 2026- 04- 09 12: 38: 11,656,0.529,16.0
 2026- 04- 09 12: 38: 11,656,0.529,16.0
 2026- 04- 09 12: 38: 12,641,0.517,15.0
 2026- 04- 09 12: 38: 12,638,0.514,15.0
 2026- 04- 09 12: 38: 13,666,0.537,16.0
 2026- 04- 09 12: 38: 13,656,0.529,16.0
 2026- 04- 09 12: 38: 14,652,0.525,15.0
 2026- 04- 09 12: 38: 14,633,0.51,15.0
 2026- 04- 09 12: 38: 15,662,0.533,16.0
 2026- 04- 09 12: 38: 15,624,0.503,15.0
 2026- 04- 09 12: 38: 16,656,0.529,16.0
 2026- 04- 09 12: 38: 16,640,0.516,15.0
 2026- 04- 09 12: 38: 17,678,0.546,16.0
 2026- 04- 09 12: 38: 17,657,0.529,16.0
 2026- 04- 09 12: 38: 18,638,0.514,15.0
 2026- 04- 09 12: 38: 18,661,0.533,16.0
 2026- 04- 09 12: 38: 19,651,0.525,15.0
 2026- 04- 09 12: 38: 19,679,0.547,16.0
 2026- 04- 09 12: 38: 20,656,0.529,16.0
 2026- 04- 09 12: 38: 20,654,0.527,15.0
 2026- 04- 09 12: 38: 21,671,0.541,16.0
 2026- 04- 09 12: 38: 21,670,0.54,16.0
 2026- 04- 09 12: 38: 22,673,0.542,16.0
 2026- 04- 09 12: 38: 22,661,0.533,16.0
 2026- 04- 09 12: 38: 23,659,0.531,16.0
 2026- 04- 09 12: 38: 23,669,0.539,16.0
 2026- 04- 09 12: 38: 24,644,0.519,15.0
 2026- 04- 09 12: 38: 24,656,0.529,16.0
 2026- 04- 09 12: 38: 25,653,0.526,15.0
 2026- 04- 09 12: 38: 25,655,0.528,15.0
 2026- 04- 09 12: 38: 26,649,0.523,15.0
 2026- 04- 09 12: 38: 26,663,0.534,16.0
 2026- 04- 09 12: 38: 27,671,0.541,16.0
 2026- 04- 09 12: 38: 27,653,0.526,15.0
 2026- 04- 09 12: 38: 28,675,0.544,16.0
 2026- 04- 09 12: 38: 28,654,0.527,15.0
 2026- 04- 09 12: 38: 29,657,0.529,16.0
 2026- 04- 09 12: 38: 29,650,0.524,15.0
 2026- 04- 09 12: 38: 30,666,0.537,16.0
 2026- 04- 09 12: 38: 30,671,0.541,16.0
 2026- 04- 09 12: 38: 31,686,0.553,16.0
 2026- 04- 09 12: 38: 31,663,0.534,16.0
 2026- 04- 09 12: 38: 32,647,0.521,15.0
 2026- 04- 09 12: 38: 32,664,0.535,16.0
 2026- 04- 09 12: 38: 33,646,0.521,15.0
 2026- 04- 09 12: 38: 33,638,0.514,15.0
 2026- 04- 09 12: 38: 34,656,0.529,16.0
 2026- 04- 09 12: 38: 34,684,0.551,16.0
 2026- 04- 09 12: 38: 35,650,0.524,15.0
 2026- 04- 09 12: 38: 35,677,0.546,16.0
 2026- 04- 09 12: 38: 36,675,0.544,16.0
 2026- 04- 09 12: 38: 36,656,0.529,16.0
 2026- 04- 09 12: 38: 37,642,0.517,15.0
 2026- 04- 09 12: 38: 37,646,0.521,15.0
 2026- 04- 09 12: 38: 38,677,0.546,16.0
 2026- 04- 09 12: 38: 38,650,0.524,15.0
 2026- 04- 09 12: 38: 39,686,0.553,16.0
 2026- 04- 09 12: 38: 39,678,0.546,16.0
 2026- 04- 09 12: 38: 40,655,0.528,15.0
 2026- 04- 09 12: 38: 40,663,0.534,16.0
 2026- 04- 09 12: 38: 41,670,0.54,16.0
 2026- 04- 09 12: 38: 41,659,0.531,16.0
 2026- 04- 09 12: 38: 42,647,0.521,15.0
 2026- 04- 09 12: 38: 42,662,0.533,16.0
 2026- 04- 09 12: 38: 43,656,0.529,16.0
 2026- 04- 09 12: 38: 43,672,0.542,16.0
 2026- 04- 09 12: 38: 44,645,0.52,15.0
 2026- 04- 09 12: 38: 44,655,0.528,15.0
 2026- 04- 09 12: 38: 45,658,0.53,16.0
 2026- 04- 09 12: 38: 45,643,0.518,15.0
 2026- 04- 09 12: 38: 46,653,0.526,15.0
 2026- 04- 09 12: 38: 46,658,0.53,16.0
 2026- 04- 09 12: 38: 47,655,0.528,15.0
 2026- 04- 09 12: 38: 47,642,0.517,15.0
 2026- 04- 09 12: 38: 48,666,0.537,16.0
 2026- 04- 09 12: 38: 48,656,0.529,16.0
 2026- 04- 09 12: 38: 49,659,0.531,16.0
 2026- 04- 09 12: 38: 49,657,0.529,16.0
 2026- 04- 09 12: 38: 50,655,0.528,15.0
 2026- 04- 09 12: 38: 50,654,0.527,15.0
 2026- 04- 09 12: 38: 51,645,0.52,15.0
 2026- 04- 09 12: 38: 51,665,0.536,16.0
 2026- 04- 09 12: 38: 52,662,0.533,16.0
 2026- 04- 09 12: 38: 52,683,0.55,16.0
 2026- 04- 09 12: 38: 53,649,0.523,15.0
 2026- 04- 09 12: 38: 53,656,0.529,16.0
 2026- 04- 09 12: 38: 54,652,0.525,15.0
 2026- 04- 09 12: 38: 54,643,0.518,15.0
 2026- 04- 09 12: 38: 55,672,0.542,16.0
 2026- 04- 09 12: 38: 55,651,0.525,15.0
 2026- 04- 09 12: 38: 56,665,0.536,16.0
 2026- 04- 09 12: 38: 56,648,0.522,15.0
 2026- 04- 09 12: 38: 57,673,0.542,16.0
 2026- 04- 09 12: 38: 57,640,0.516,15.0
 2026- 04- 09 12: 38: 58,657,0.529,16.0
 2026- 04- 09 12: 38: 58,689,0.555,16.0
 2026- 04- 09 12: 38: 59,673,0.542,16.0
 2026- 04- 09 12: 38: 59,635,0.512,15.0
 2026- 04- 09 12: 39: 00,642,0.517,15.0
 2026- 04- 09 12: 39: 00,656,0.529,16.0
 2026- 04- 09 12: 39: 01,653,0.526,15.0
 2026- 04- 09 12: 39: 01,638,0.514,15.0
 2026- 04- 09 12: 39: 02,647,0.521,15.0
 2026- 04- 09 12: 39: 02,660,0.532,16.0
 2026- 04- 09 12: 39: 03,629,0.507,15.0
 2026- 04- 09 12: 39: 03,670,0.54,16.0
 2026- 04- 09 12: 39: 04,638,0.514,15.0
 2026- 04- 09 12: 39: 04,656,0.529,16.0
 2026- 04- 09 12: 39: 05,677,0.546,16.0
 2026- 04- 09 12: 39: 05,646,0.521,15.0
 2026- 04- 09 12: 39: 06,663,0.534,16.0
 2026- 04- 09 12: 39: 06,667,0.538,16.0
 2026- 04- 09 12: 39: 07,679,0.547,16.0
 2026- 04- 09 12: 39: 07,665,0.536,16.0
 2026- 04- 09 12: 39: 08,649,0.523,15.0
 2026- 04- 09 12: 39: 08,687,0.554,16.0
 2026- 04- 09 12: 39: 09,656,0.529,16.0
 2026- 04- 09 12: 39: 09,663,0.534,16.0
 2026- 04- 09 12: 39: 10,670,0.54,16.0
 2026- 04- 09 12: 39: 10,651,0.525,15.0
 2026- 04- 09 12: 39: 11,642,0.517,15.0
 2026- 04- 09 12: 39: 11,676,0.545,16.0
 2026- 04- 09 12: 39: 12,653,0.526,15.0
 2026- 04- 09 12: 39: 12,675,0.544,16.0
 2026- 04- 09 12: 39: 13,656,0.529,16.0
 2026- 04- 09 12: 39: 13,661,0.533,16.0
 2026- 04- 09 12: 39: 14,677,0.546,16.0
 2026- 04- 09 12: 39: 14,663,0.534,16.0
 2026- 04- 09 12: 39: 15,659,0.531,16.0
 2026- 04- 09 12: 39: 15,672,0.542,16.0
 2026- 04- 09 12: 39: 16,636,0.513,15.0
 2026- 04- 09 12: 39: 16,662,0.533,16.0
 2026- 04- 09 12: 39: 17,671,0.541,16.0
 2026- 04- 09 12: 39: 17,659,0.531,16.0
 2026- 04- 09 12: 39: 18,650,0.524,15.0
 2026- 04- 09 12: 39: 18,624,0.503,15.0
 2026- 04- 09 12: 39: 19,681,0.549,16.0
 2026- 04- 09 12: 39: 19,656,0.529,16.0
 2026- 04- 09 12: 39: 20,687,0.554,16.0
 2026- 04- 09 12: 39: 20,645,0.52,15.0
 2026- 04- 09 12: 39: 21,644,0.519,15.0
 2026- 04- 09 12: 39: 21,687,0.554,16.0
 2026- 04- 09 12: 39: 22,655,0.528,15.0
 2026- 04- 09 12: 39: 22,634,0.511,15.0
 2026- 04- 09 12: 39: 23,655,0.528,15.0
 2026- 04- 09 12: 39: 23,653,0.526,15.0
 2026- 04- 09 12: 39: 24,641,0.517,15.0
 2026- 04- 09 12: 39: 24,656,0.529,16.0
 2026- 04- 09 12: 39: 25,645,0.52,15.0
 2026- 04- 09 12: 39: 25,633,0.51,15.0
 2026- 04- 09 12: 39: 26,650,0.524,15.0
 2026- 04- 09 12: 39: 26,675,0.544,16.0
 2026- 04- 09 12: 39: 27,656,0.529,16.0
 2026- 04- 09 12: 39: 27,655,0.528,15.0
 2026- 04- 09 12: 39: 28,656,0.529,16.0
 2026- 04- 09 12: 39: 28,663,0.534,16.0
 2026- 04- 09 12: 39: 29,667,0.538,16.0
 2026- 04- 09 12: 39: 29,640,0.516,15.0
 2026- 04- 09 12: 39: 30,644,0.519,15.0
 2026- 04- 09 12: 39: 30,647,0.521,15.0
 2026- 04- 09 12: 39: 31,656,0.529,16.0
 2026- 04- 09 12: 39: 31,646,0.521,15.0
 2026- 04- 09 12: 39: 32,652,0.525,15.0
 2026- 04- 09 12: 39: 32,670,0.54,16.0
 2026- 04- 09 12: 39: 33,642,0.517,15.0
 2026- 04- 09 12: 39: 33,650,0.524,15.0
 2026- 04- 09 12: 39: 34,654,0.527,15.0
 2026- 04- 09 12: 39: 34,653,0.526,15.0
 2026- 04- 09 12: 39: 35,657,0.529,16.0
 2026- 04- 09 12: 39: 35,657,0.529,16.0
 2026- 04- 09 12: 39: 36,662,0.533,16.0
 2026- 04- 09 12: 39: 36,660,0.532,16.0
 2026- 04- 09 12: 39: 37,685,0.552,16.0
 2026- 04- 09 12: 39: 37,667,0.538,16.0
 2026- 04- 09 12: 39: 38,657,0.529,16.0
 2026- 04- 09 12: 39: 38,655,0.528,15.0
 2026- 04- 09 12: 39: 39,672,0.542,16.0
 2026- 04- 09 12: 39: 39,656,0.529,16.0
 2026- 04- 09 12: 39: 40,656,0.529,16.0
 2026- 04- 09 12: 39: 40,646,0.521,15.0
 2026- 04- 09 12: 39: 41,659,0.531,16.0
 2026- 04- 09 12: 39: 41,670,0.54,16.0
 2026- 04- 09 12: 39: 42,646,0.521,15.0
 2026- 04- 09 12: 39: 42,656,0.529,16.0
 2026- 04- 09 12: 39: 43,662,0.533,16.0
 2026- 04- 09 12: 39: 43,673,0.542,16.0
 2026- 04- 09 12: 39: 44,640,0.516,15.0
 2026- 04- 09 12: 39: 44,650,0.524,15.0
 2026- 04- 09 12: 39: 45,667,0.538,16.0
 2026- 04- 09 12: 39: 45,664,0.535,16.0
 2026- 04- 09 12: 39: 46,655,0.528,15.0
 2026- 04- 09 12: 39: 46,647,0.521,15.0
 2026- 04- 09 12: 39: 47,653,0.526,15.0
 2026- 04- 09 12: 39: 47,661,0.533,16.0
 2026- 04- 09 12: 39: 48,683,0.55,16.0
 2026- 04- 09 12: 39: 48,640,0.516,15.0
 2026- 04- 09 12: 39: 49,644,0.519,15.0
 2026- 04- 09 12: 39: 49,642,0.517,15.0
 2026- 04- 09 12: 39: 50,677,0.546,16.0
 2026- 04- 09 12: 39: 50,644,0.519,15.0
 2026- 04- 09 12: 39: 51,672,0.542,16.0
 2026- 04- 09 12: 39: 51,669,0.539,16.0
 2026- 04- 09 12: 39: 52,677,0.546,16.0
 2026- 04- 09 12: 39: 52,667,0.538,16.0
 2026- 04- 09 12: 39: 53,662,0.533,16.0
 2026- 04- 09 12: 39: 53,646,0.521,15.0
 2026- 04- 09 12: 39: 54,655,0.528,15.0
 2026- 04- 09 12: 39: 54,638,0.514,15.0
 2026- 04- 09 12: 39: 55,647,0.521,15.0
 2026- 04- 09 12: 39: 55,675,0.544,16.0
 2026- 04- 09 12: 39: 56,674,0.543,16.0
 2026- 04- 09 12: 39: 56,674,0.543,16.0
 2026- 04- 09 12: 39: 57,645,0.52,15.0
 2026- 04- 09 12: 39: 57,652,0.525,15.0
 2026- 04- 09 12: 39: 58,656,0.529,16.0
 2026- 04- 09 12: 39: 58,649,0.523,15.0
 2026- 04- 09 12: 39: 59,659,0.531,16.0
 2026- 04- 09 12: 39: 59,635,0.512,15.0
 2026- 04- 09 12: 40: 00,670,0.54,16.0
 2026- 04- 09 12: 40: 00,663,0.534,16.0
 2026- 04- 09 12: 40: 01,640,0.516,15.0
 2026- 04- 09 12: 40: 01,659,0.531,16.0
 2026- 04- 09 12: 40: 02,640,0.516,15.0
 2026- 04- 09 12: 40: 02,667,0.538,16.0
 2026- 04- 09 12: 40: 03,683,0.55,16.0
 2026- 04- 09 12: 40: 03,656,0.529,16.0
 2026- 04- 09 12: 40: 04,654,0.527,15.0
 2026- 04- 09 12: 40: 04,660,0.532,16.0
 2026- 04- 09 12: 40: 05,677,0.546,16.0
 2026- 04- 09 12: 40: 05,624,0.503,15.0
 2026- 04- 09 12: 40: 06,658,0.53,16.0
 2026- 04- 09 12: 40: 06,656,0.529,16.0
 2026- 04- 09 12: 40: 07,671,0.541,16.0
 2026- 04- 09 12: 40: 07,656,0.529,16.0
 2026- 04- 09 12: 40: 08,663,0.534,16.0
 2026- 04- 09 12: 40: 08,672,0.542,16.0
 2026- 04- 09 12: 40: 09,640,0.516,15.0
 2026- 04- 09 12: 40: 09,679,0.547,16.0
 2026- 04- 09 12: 40: 10,630,0.508,15.0
 2026- 04- 09 12: 40: 10,650,0.524,15.0
 2026- 04- 09 12: 40: 11,629,0.507,15.0
 2026- 04- 09 12: 40: 11,681,0.549,16.0
 2026- 04- 09 12: 40: 12,683,0.55,16.0
 2026- 04- 09 12: 40: 12,640,0.516,15.0
 2026- 04- 09 12: 40: 13,631,0.508,15.0
 2026- 04- 09 12: 40: 13,678,0.546,16.0
 2026- 04- 09 12: 40: 14,676,0.545,16.0
 2026- 04- 09 12: 40: 14,647,0.521,15.0
 2026- 04- 09 12: 40: 15,674,0.543,16.0
 2026- 04- 09 12: 40: 15,647,0.521,15.0
 2026- 04- 09 12: 40: 16,650,0.524,15.0
 2026- 04- 09 12: 40: 16,658,0.53,16.0
 2026- 04- 09 12: 40: 17,685,0.552,16.0
 2026- 04- 09 12: 40: 17,635,0.512,15.0
 2026- 04- 09 12: 40: 18,638,0.514,15.0
 2026- 04- 09 12: 40: 18,654,0.527,15.0
 2026- 04- 09 12: 40: 19,663,0.534,16.0
 2026- 04- 09 12: 40: 19,656,0.529,16.0
 2026- 04- 09 12: 40: 20,649,0.523,15.0
 2026- 04- 09 12: 40: 20,654,0.527,15.0
 2026- 04- 09 12: 40: 21,671,0.541,16.0
 2026- 04- 09 12: 40: 21,688,0.554,16.0
 2026- 04- 09 12: 40: 22,655,0.528,15.0
 2026- 04- 09 12: 40: 22,657,0.529,16.0
 2026- 04- 09 12: 40: 23,652,0.525,15.0
 2026- 04- 09 12: 40: 23,635,0.512,15.0
 2026- 04- 09 12: 40: 24,654,0.527,15.0
 2026- 04- 09 12: 40: 24,627,0.505,15.0
 2026- 04- 09 12: 40: 25,687,0.554,16.0
 2026- 04- 09 12: 40: 25,639,0.515,15.0
 2026- 04- 09 12: 40: 26,654,0.527,15.0
 2026- 04- 09 12: 40: 26,640,0.516,15.0
 2026- 04- 09 12: 40: 27,667,0.538,16.0
 2026- 04- 09 12: 40: 27,625,0.504,15.0
 2026- 04- 09 12: 40: 28,656,0.529,16.0
 2026- 04- 09 12: 40: 28,639,0.515,15.0
 2026- 04- 09 12: 40: 29,635,0.512,15.0
 2026- 04- 09 12: 40: 29,666,0.537,16.0
 2026- 04- 09 12: 40: 30,651,0.525,15.0
 2026- 04- 09 12: 40: 30,663,0.534,16.0
 2026- 04- 09 12: 40: 31,651,0.525,15.0
 2026- 04- 09 12: 40: 31,672,0.542,16.0
 2026- 04- 09 12: 40: 32,643,0.518,15.0
 2026- 04- 09 12: 40: 32,659,0.531,16.0
 2026- 04- 09 12: 40: 33,652,0.525,15.0
 2026- 04- 09 12: 40: 33,640,0.516,15.0
 2026- 04- 09 12: 40: 34,651,0.525,15.0
 2026- 04- 09 12: 40: 34,652,0.525,15.0
 2026- 04- 09 12: 40: 35,641,0.517,15.0
 2026- 04- 09 12: 40: 35,674,0.543,16.0
 2026- 04- 09 12: 40: 36,651,0.525,15.0
 2026- 04- 09 12: 40: 36,665,0.536,16.0
 2026- 04- 09 12: 40: 37,682,0.55,16.0
 2026- 04- 09 12: 40: 37,663,0.534,16.0
 2026- 04- 09 12: 40: 38,631,0.508,15.0
 2026- 04- 09 12: 40: 38,659,0.531,16.0
 2026- 04- 09 12: 40: 39,665,0.536,16.0
 2026- 04- 09 12: 40: 39,643,0.518,15.0
 2026- 04- 09 12: 40: 40,656,0.529,16.0
 2026- 04- 09 12: 40: 40,640,0.516,15.0
 2026- 04- 09 12: 40: 41,631,0.508,15.0
 2026- 04- 09 12: 40: 41,663,0.534,16.0
 2026- 04- 09 12: 40: 42,655,0.528,15.0
 2026- 04- 09 12: 40: 42,637,0.513,15.0
 2026- 04- 09 12: 40: 43,644,0.519,15.0
 2026- 04- 09 12: 40: 43,673,0.542,16.0
 2026- 04- 09 12: 40: 44,666,0.537,16.0
 2026- 04- 09 12: 40: 44,638,0.514,15.0
 2026- 04- 09 12: 40: 45,646,0.521,15.0
 2026- 04- 09 12: 40: 45,669,0.539,16.0
 2026- 04- 09 12: 40: 46,667,0.538,16.0
 2026- 04- 09 12: 40: 46,641,0.517,15.0
 2026- 04- 09 12: 40: 47,657,0.529,16.0
 2026- 04- 09 12: 40: 47,664,0.535,16.0
 2026- 04- 09 12: 40: 48,639,0.515,15.0
 2026- 04- 09 12: 40: 48,651,0.525,15.0
 2026- 04- 09 12: 40: 49,667,0.538,16.0
 2026- 04- 09 12: 40: 49,656,0.529,16.0
 2026- 04- 09 12: 40: 50,656,0.529,16.0
 2026- 04- 09 12: 40: 50,646,0.521,15.0
 2026- 04- 09 12: 40: 51,672,0.542,16.0
 2026- 04- 09 12: 40: 51,640,0.516,15.0
 2026- 04- 09 12: 40: 52,652,0.525,15.0
 2026- 04- 09 12: 40: 52,630,0.508,15.0
 2026- 04- 09 12: 40: 53,650,0.524,15.0
 2026- 04- 09 12: 40: 53,654,0.527,15.0
 2026- 04- 09 12: 40: 54,653,0.526,15.0
 2026- 04- 09 12: 40: 54,656,0.529,16.0
 2026- 04- 09 12: 40: 55,663,0.534,16.0
 2026- 04- 09 12: 40: 55,656,0.529,16.0
 2026- 04- 09 12: 40: 56,649,0.523,15.0
 2026- 04- 09 12: 40: 56,645,0.52,15.0
 2026- 04- 09 12: 40: 57,640,0.516,15.0
 2026- 04- 09 12: 40: 57,677,0.546,16.0
 2026- 04- 09 12: 40: 58,630,0.508,15.0
 2026- 04- 09 12: 40: 58,640,0.516,15.0
 2026- 04- 09 12: 40: 59,654,0.527,15.0
 2026- 04- 09 12: 40: 59,671,0.541,16.0
 2026- 04- 09 12: 41: 00,637,0.513,15.0
 2026- 04- 09 12: 41: 00,672,0.542,16.0
 2026- 04- 09 12: 41: 01,643,0.518,15.0
 2026- 04- 09 12: 41: 01,659,0.531,16.0
 2026- 04- 09 12: 41: 02,688,0.554,16.0
 2026- 04- 09 12: 41: 02,661,0.533,16.0
 2026- 04- 09 12: 41: 03,673,0.542,16.0
 2026- 04- 09 12: 41: 03,643,0.518,15.0
 2026- 04- 09 12: 41: 04,674,0.543,16.0
 2026- 04- 09 12: 41: 04,654,0.527,15.0
 2026- 04- 09 12: 41: 05,656,0.529,16.0
 2026- 04- 09 12: 41: 05,675,0.544,16.0
 2026- 04- 09 12: 41: 06,665,0.536,16.0
 2026- 04- 09 12: 41: 06,670,0.54,16.0
 2026- 04- 09 12: 41: 07,666,0.537,16.0
 2026- 04- 09 12: 41: 07,640,0.516,15.0
 2026- 04- 09 12: 41: 08,641,0.517,15.0
 2026- 04- 09 12: 41: 08,655,0.528,15.0
 2026- 04- 09 12: 41: 09,678,0.546,16.0
 2026- 04- 09 12: 41: 09,643,0.518,15.0
 2026- 04- 09 12: 41: 10,665,0.536,16.0
 2026- 04- 09 12: 41: 10,656,0.529,16.0
 2026- 04- 09 12: 41: 11,640,0.516,15.0
 2026- 04- 09 12: 41: 11,677,0.546,16.0
 2026- 04- 09 12: 41: 12,657,0.529,16.0
 2026- 04- 09 12: 41: 12,664,0.535,16.0
 2026- 04- 09 12: 41: 13,662,0.533,16.0
 2026- 04- 09 12: 41: 13,662,0.533,16.0
 2026- 04- 09 12: 41: 14,648,0.522,15.0
 2026- 04- 09 12: 41: 14,656,0.529,16.0
 2026- 04- 09 12: 41: 15,656,0.529,16.0
 2026- 04- 09 12: 41: 15,649,0.523,15.0
 2026- 04- 09 12: 41: 16,620,0.5,15.0
 2026- 04- 09 12: 41: 16,650,0.524,15.0
 2026- 04- 09 12: 41: 17,678,0.546,16.0
 2026- 04- 09 12: 41: 17,662,0.533,16.0
 2026- 04- 09 12: 41: 18,635,0.512,15.0
 2026- 04- 09 12: 41: 18,635,0.512,15.0
 2026- 04- 09 12: 41: 19,672,0.542,16.0
 2026- 04- 09 12: 41: 19,634,0.511,15.0
 2026- 04- 09 12: 41: 20,626,0.504,15.0
 2026- 04- 09 12: 41: 20,653,0.526,15.0
 2026- 04- 09 12: 41: 21,640,0.516,15.0
 2026- 04- 09 12: 41: 21,622,0.501,15.0
 2026- 04- 09 12: 41: 22,661,0.533,16.0
 2026- 04- 09 12: 41: 22,639,0.515,15.0
 2026- 04- 09 12: 41: 23,631,0.508,15.0
 2026- 04- 09 12: 41: 23,667,0.538,16.0
 2026- 04- 09 12: 41: 24,650,0.524,15.0
 2026- 04- 09 12: 41: 24,640,0.516,15.0
 2026- 04- 09 12: 41: 25,655,0.528,15.0
 2026- 04- 09 12: 41: 25,640,0.516,15.0
 2026- 04- 09 12: 41: 26,640,0.516,15.0
 2026- 04- 09 12: 41: 26,636,0.513,15.0
 2026- 04- 09 12: 41: 27,624,0.503,15.0
 2026- 04- 09 12: 41: 27,657,0.529,16.0
 2026- 04- 09 12: 41: 28,635,0.512,15.0
 2026- 04- 09 12: 41: 28,677,0.546,16.0
 2026- 04- 09 12: 41: 29,672,0.542,16.0
 2026- 04- 09 12: 41: 29,657,0.529,16.0
 2026- 04- 09 12: 41: 30,649,0.523,15.0
 2026- 04- 09 12: 41: 30,668,0.538,16.0
 2026- 04- 09 12: 41: 31,639,0.515,15.0
 2026- 04- 09 12: 41: 31,646,0.521,15.0
 2026- 04- 09 12: 41: 32,636,0.513,15.0
 2026- 04- 09 12: 41: 32,657,0.529,16.0
 2026- 04- 09 12: 41: 33,678,0.546,16.0
 2026- 04- 09 12: 41: 33,656,0.529,16.0
 2026- 04- 09 12: 41: 34,641,0.517,15.0
 2026- 04- 09 12: 41: 34,637,0.513,15.0
 2026- 04- 09 12: 41: 35,656,0.529,16.0
 2026- 04- 09 12: 41: 35,646,0.521,15.0
 2026- 04- 09 12: 41: 36,643,0.518,15.0
 2026- 04- 09 12: 41: 36,654,0.527,15.0
 2026- 04- 09 12: 41: 37,667,0.538,16.0
 2026- 04- 09 12: 41: 37,646,0.521,15.0
 2026- 04- 09 12: 41: 38,631,0.508,15.0
 2026- 04- 09 12: 41: 38,659,0.531,16.0
 2026- 04- 09 12: 41: 39,672,0.542,16.0
 2026- 04- 09 12: 41: 39,657,0.529,16.0
 2026- 04- 09 12: 41: 40,671,0.541,16.0
 2026- 04- 09 12: 41: 40,702,0.566,17.0
 2026- 04- 09 12: 41: 41,639,0.515,15.0
 2026- 04- 09 12: 41: 41,670,0.54,16.0
 2026- 04- 09 12: 41: 42,661,0.533,16.0
 2026- 04- 09 12: 41: 42,657,0.529,16.0
 2026- 04- 09 12: 41: 43,671,0.541,16.0
 2026- 04- 09 12: 41: 43,656,0.529,16.0
 2026- 04- 09 12: 41: 44,653,0.526,15.0
 2026- 04- 09 12: 41: 44,669,0.539,16.0
 2026- 04- 09 12: 41: 45,656,0.529,16.0
 2026- 04- 09 12: 41: 45,658,0.53,16.0
 2026- 04- 09 12: 41: 46,694,0.559,16.0
 2026- 04- 09 12: 41: 46,640,0.516,15.0
 2026- 04- 09 12: 41: 47,650,0.524,15.0
 2026- 04- 09 12: 41: 47,646,0.521,15.0
 2026- 04- 09 12: 41: 48,647,0.521,15.0
 2026- 04- 09 12: 41: 48,660,0.532,16.0
 2026- 04- 09 12: 41: 49,643,0.518,15.0
 2026- 04- 09 12: 41: 49,682,0.55,16.0
 2026- 04- 09 12: 41: 50,630,0.508,15.0
 2026- 04- 09 12: 41: 50,655,0.528,15.0
 2026- 04- 09 12: 41: 51,640,0.516,15.0
 2026- 04- 09 12: 41: 51,653,0.526,15.0
 2026- 04- 09 12: 41: 52,656,0.529,16.0
 2026- 04- 09 12: 41: 52,655,0.528,15.0
 2026- 04- 09 12: 41: 53,640,0.516,15.0
 2026- 04- 09 12: 41: 53,640,0.516,15.0
 2026- 04- 09 12: 41: 54,675,0.544,16.0
 2026- 04- 09 12: 41: 54,675,0.544,16.0
 2026- 04- 09 12: 41: 55,649,0.523,15.0
 2026- 04- 09 12: 41: 55,656,0.529,16.0
 2026- 04- 09 12: 41: 56,656,0.529,16.0
 2026- 04- 09 12: 41: 56,681,0.549,16.0
 2026- 04- 09 12: 41: 57,672,0.542,16.0
 2026- 04- 09 12: 41: 57,642,0.517,15.0
 2026- 04- 09 12: 41: 58,643,0.518,15.0
 2026- 04- 09 12: 41: 58,636,0.513,15.0
 2026- 04- 09 12: 41: 59,655,0.528,15.0
 2026- 04- 09 12: 41: 59,637,0.513,15.0
 2026- 04- 09 12: 42: 00,663,0.534,16.0
 2026- 04- 09 12: 42: 00,652,0.525,15.0
 2026- 04- 09 12: 42: 01,659,0.531,16.0
 2026- 04- 09 12: 42: 01,660,0.532,16.0
 2026- 04- 09 12: 42: 02,647,0.521,15.0
 2026- 04- 09 12: 42: 02,651,0.525,15.0
 2026- 04- 09 12: 42: 03,667,0.538,16.0
 2026- 04- 09 12: 42: 03,667,0.538,16.0
 2026- 04- 09 12: 42: 04,654,0.527,15.0
 2026- 04- 09 12: 42: 04,673,0.542,16.0
 2026- 04- 09 12: 42: 05,666,0.537,16.0
 2026- 04- 09 12: 42: 05,653,0.526,15.0
 2026- 04- 09 12: 42: 06,647,0.521,15.0
 2026- 04- 09 12: 42: 06,657,0.529,16.0
 2026- 04- 09 12: 42: 07,655,0.528,15.0
 2026- 04- 09 12: 42: 07,629,0.507,15.0
 2026- 04- 09 12: 42: 08,666,0.537,16.0
 2026- 04- 09 12: 42: 08,635,0.512,15.0
 2026- 04- 09 12: 42: 09,662,0.533,16.0
 2026- 04- 09 12: 42: 09,672,0.542,16.0
 2026- 04- 09 12: 42: 10,660,0.532,16.0
 2026- 04- 09 12: 42: 10,651,0.525,15.0
 2026- 04- 09 12: 42: 11,635,0.512,15.0
 2026- 04- 09 12: 42: 11,653,0.526,15.0
 2026- 04- 09 12: 42: 12,663,0.534,16.0
 2026- 04- 09 12: 42: 12,650,0.524,15.0
 2026- 04- 09 12: 42: 13,661,0.533,16.0
 2026- 04- 09 12: 42: 13,686,0.553,16.0
 2026- 04- 09 12: 42: 14,656,0.529,16.0
 2026- 04- 09 12: 42: 14,671,0.541,16.0
 2026- 04- 09 12: 42: 15,681,0.549,16.0
 2026- 04- 09 12: 42: 15,652,0.525,15.0
 2026- 04- 09 12: 42: 16,663,0.534,16.0
 2026- 04- 09 12: 42: 16,650,0.524,15.0
 2026- 04- 09 12: 42: 17,656,0.529,16.0
 2026- 04- 09 12: 42: 17,686,0.553,16.0
 2026- 04- 09 12: 42: 18,656,0.529,16.0
 2026- 04- 09 12: 42: 18,669,0.539,16.0
 2026- 04- 09 12: 42: 19,656,0.529,16.0
 2026- 04- 09 12: 42: 19,671,0.541,16.0
 2026- 04- 09 12: 42: 20,656,0.529,16.0
 2026- 04- 09 12: 42: 20,654,0.527,15.0
 2026- 04- 09 12: 42: 21,619,0.499,15.0
 2026- 04- 09 12: 42: 21,656,0.529,16.0
 2026- 04- 09 12: 42: 22,661,0.533,16.0
 2026- 04- 09 12: 42: 22,624,0.503,15.0
 2026- 04- 09 12: 42: 23,653,0.526,15.0
 2026- 04- 09 12: 42: 23,661,0.533,16.0
 2026- 04- 09 12: 42: 24,656,0.529,16.0
 2026- 04- 09 12: 42: 24,639,0.515,15.0
 2026- 04- 09 12: 42: 25,662,0.533,16.0
 2026- 04- 09 12: 42: 25,649,0.523,15.0
 2026- 04- 09 12: 42: 26,671,0.541,16.0
 2026- 04- 09 12: 42: 26,656,0.529,16.0
 2026- 04- 09 12: 42: 27,649,0.523,15.0
 2026- 04- 09 12: 42: 27,640,0.516,15.0
 2026- 04- 09 12: 42: 28,653,0.526,15.0
 2026- 04- 09 12: 42: 28,653,0.526,15.0
 2026- 04- 09 12: 42: 29,651,0.525,15.0
 2026- 04- 09 12: 42: 29,667,0.538,16.0
 2026- 04- 09 12: 42: 30,640,0.516,15.0
 2026- 04- 09 12: 42: 30,662,0.533,16.0
 2026- 04- 09 12: 42: 31,656,0.529,16.0
 2026- 04- 09 12: 42: 31,661,0.533,16.0
 2026- 04- 09 12: 42: 32,666,0.537,16.0
 2026- 04- 09 12: 42: 32,624,0.503,15.0
 2026- 04- 09 12: 42: 33,640,0.516,15.0
 2026- 04- 09 12: 42: 33,634,0.511,15.0
 2026- 04- 09 12: 42: 34,665,0.536,16.0
 2026- 04- 09 12: 42: 34,656,0.529,16.0
 2026- 04- 09 12: 42: 35,659,0.531,16.0
 2026- 04- 09 12: 42: 35,636,0.513,15.0
 2026- 04- 09 12: 42: 36,665,0.536,16.0
 2026- 04- 09 12: 42: 36,650,0.524,15.0
 2026- 04- 09 12: 42: 37,677,0.546,16.0
 2026- 04- 09 12: 42: 37,656,0.529,16.0
 2026- 04- 09 12: 42: 38,663,0.534,16.0
 2026- 04- 09 12: 42: 38,683,0.55,16.0
 2026- 04- 09 12: 42: 39,656,0.529,16.0
 2026- 04- 09 12: 42: 39,657,0.529,16.0
 2026- 04- 09 12: 42: 40,642,0.517,15.0
 2026- 04- 09 12: 42: 40,669,0.539,16.0
 2026- 04- 09 12: 42: 41,679,0.547,16.0
 2026- 04- 09 12: 42: 41,671,0.541,16.0
 2026- 04- 09 12: 42: 42,673,0.542,16.0
 2026- 04- 09 12: 42: 42,643,0.518,15.0
 2026- 04- 09 12: 42: 43,688,0.554,16.0
 2026- 04- 09 12: 42: 43,665,0.536,16.0
 2026- 04- 09 12: 42: 44,651,0.525,15.0
 2026- 04- 09 12: 42: 44,683,0.55,16.0
 2026- 04- 09 12: 42: 45,684,0.551,16.0
 2026- 04- 09 12: 42: 45,656,0.529,16.0
 2026- 04- 09 12: 42: 46,663,0.534,16.0
 2026- 04- 09 12: 42: 46,646,0.521,15.0
 2026- 04- 09 12: 42: 47,666,0.537,16.0
 2026- 04- 09 12: 42: 47,645,0.52,15.0
 2026- 04- 09 12: 42: 48,675,0.544,16.0
 2026- 04- 09 12: 42: 48,657,0.529,16.0
 2026- 04- 09 12: 42: 49,681,0.549,16.0
 2026- 04- 09 12: 42: 49,653,0.526,15.0
 2026- 04- 09 12: 42: 50,684,0.551,16.0
 2026- 04- 09 12: 42: 50,665,0.536,16.0
 2026- 04- 09 12: 42: 51,646,0.521,15.0
 2026- 04- 09 12: 42: 51,671,0.541,16.0
 2026- 04- 09 12: 42: 52,667,0.538,16.0
 2026- 04- 09 12: 42: 52,624,0.503,15.0
 2026- 04- 09 12: 42: 53,649,0.523,15.0
 2026- 04- 09 12: 42: 53,658,0.53,16.0
 2026- 04- 09 12: 42: 54,658,0.53,16.0
 2026- 04- 09 12: 42: 54,631,0.508,15.0
 2026- 04- 09 12: 42: 55,650,0.524,15.0
 2026- 04- 09 12: 42: 55,629,0.507,15.0
 2026- 04- 09 12: 42: 56,635,0.512,15.0
 2026- 04- 09 12: 42: 56,647,0.521,15.0
 2026- 04- 09 12: 42: 57,659,0.531,16.0
 2026- 04- 09 12: 42: 57,645,0.52,15.0
 2026- 04- 09 12: 42: 58,642,0.517,15.0
 2026- 04- 09 12: 42: 58,641,0.517,15.0
 2026- 04- 09 12: 42: 59,654,0.527,15.0
 2026- 04- 09 12: 42: 59,650,0.524,15.0
 2026- 04- 09 12: 43: 00,649,0.523,15.0
 2026- 04- 09 12: 43: 00,688,0.554,16.0
 2026- 04- 09 12: 43: 01,653,0.526,15.0
 2026- 04- 09 12: 43: 01,659,0.531,16.0
 2026- 04- 09 12: 43: 02,645,0.52,15.0
 2026- 04- 09 12: 43: 02,647,0.521,15.0
 2026- 04- 09 12: 43: 03,627,0.505,15.0
 2026- 04- 09 12: 43: 03,656,0.529,16.0
 2026- 04- 09 12: 43: 04,658,0.53,16.0
 2026- 04- 09 12: 43: 04,679,0.547,16.0
 2026- 04- 09 12: 43: 05,651,0.525,15.0
 2026- 04- 09 12: 43: 05,665,0.536,16.0
 2026- 04- 09 12: 43: 06,655,0.528,15.0
 2026- 04- 09 12: 43: 06,645,0.52,15.0
 2026- 04- 09 12: 43: 07,659,0.531,16.0
 2026- 04- 09 12: 43: 07,666,0.537,16.0
 2026- 04- 09 12: 43: 08,656,0.529,16.0
 2026- 04- 09 12: 43: 08,675,0.544,16.0
 2026- 04- 09 12: 43: 09,656,0.529,16.0
 2026- 04- 09 12: 43: 09,654,0.527,15.0
 2026- 04- 09 12: 43: 10,657,0.529,16.0
 2026- 04- 09 12: 43: 10,673,0.542,16.0
 2026- 04- 09 12: 43: 11,663,0.534,16.0
 2026- 04- 09 12: 43: 11,675,0.544,16.0
 2026- 04- 09 12: 43: 12,658,0.53,16.0
 2026- 04- 09 12: 43: 12,642,0.517,15.0
 2026- 04- 09 12: 43: 13,659,0.531,16.0
 2026- 04- 09 12: 43: 13,663,0.534,16.0
 2026- 04- 09 12: 43: 14,656,0.529,16.0
 2026- 04- 09 12: 43: 14,656,0.529,16.0
 2026- 04- 09 12: 43: 15,657,0.529,16.0
 2026- 04- 09 12: 43: 15,654,0.527,15.0
 2026- 04- 09 12: 43: 16,643,0.518,15.0
 2026- 04- 09 12: 43: 16,640,0.516,15.0
 2026- 04- 09 12: 43: 17,670,0.54,16.0
 2026- 04- 09 12: 43: 17,634,0.511,15.0
 2026- 04- 09 12: 43: 18,656,0.529,16.0
 2026- 04- 09 12: 43: 18,634,0.511,15.0
 2026- 04- 09 12: 43: 19,639,0.515,15.0
 2026- 04- 09 12: 43: 19,656,0.529,16.0
 2026- 04- 09 12: 43: 20,661,0.533,16.0
 2026- 04- 09 12: 43: 20,648,0.522,15.0
 2026- 04- 09 12: 43: 21,655,0.528,15.0
 2026- 04- 09 12: 43: 21,640,0.516,15.0
 2026- 04- 09 12: 43: 22,663,0.534,16.0
 2026- 04- 09 12: 43: 22,660,0.532,16.0
 2026- 04- 09 12: 43: 23,653,0.526,15.0
 2026- 04- 09 12: 43: 23,660,0.532,16.0
 2026- 04- 09 12: 43: 24,645,0.52,15.0
 2026- 04- 09 12: 43: 24,671,0.541,16.0
 2026- 04- 09 12: 43: 25,655,0.528,15.0
 2026- 04- 09 12: 43: 25,656,0.529,16.0
 2026- 04- 09 12: 43: 26,638,0.514,15.0
 2026- 04- 09 12: 43: 26,635,0.512,15.0
 2026- 04- 09 12: 43: 27,642,0.517,15.0
 2026- 04- 09 12: 43: 27,668,0.538,16.0
 2026- 04- 09 12: 43: 28,641,0.517,15.0
 2026- 04- 09 12: 43: 28,680,0.548,16.0
 2026- 04- 09 12: 43: 29,662,0.533,16.0
 2026- 04- 09 12: 43: 29,645,0.52,15.0
 2026- 04- 09 12: 43: 30,655,0.528,15.0
 2026- 04- 09 12: 43: 30,635,0.512,15.0
 2026- 04- 09 12: 43: 31,652,0.525,15.0
 2026- 04- 09 12: 43: 31,648,0.522,15.0
 2026- 04- 09 12: 43: 32,678,0.546,16.0
 2026- 04- 09 12: 43: 32,650,0.524,15.0
 2026- 04- 09 12: 43: 33,636,0.513,15.0
 2026- 04- 09 12: 43: 33,651,0.525,15.0
 2026- 04- 09 12: 43: 34,641,0.517,15.0
 2026- 04- 09 12: 43: 34,640,0.516,15.0
 2026- 04- 09 12: 43: 35,635,0.512,15.0
 2026- 04- 09 12: 43: 35,667,0.538,16.0
 2026- 04- 09 12: 43: 36,647,0.521,15.0
 2026- 04- 09 12: 43: 36,648,0.522,15.0
 2026- 04- 09 12: 43: 37,640,0.516,15.0
 2026- 04- 09 12: 43: 37,640,0.516,15.0
 2026- 04- 09 12: 43: 38,624,0.503,15.0
 2026- 04- 09 12: 43: 38,640,0.516,15.0
 2026- 04- 09 12: 43: 39,668,0.538,16.0
 2026- 04- 09 12: 43: 39,653,0.526,15.0
 2026- 04- 09 12: 43: 40,651,0.525,15.0
 2026- 04- 09 12: 43: 40,633,0.51,15.0
 2026- 04- 09 12: 43: 41,655,0.528,15.0
 2026- 04- 09 12: 43: 41,654,0.527,15.0
 2026- 04- 09 12: 43: 42,672,0.542,16.0
 2026- 04- 09 12: 43: 42,663,0.534,16.0
 2026- 04- 09 12: 43: 43,656,0.529,16.0
 2026- 04- 09 12: 43: 43,656,0.529,16.0
 2026- 04- 09 12: 43: 44,649,0.523,15.0
 2026- 04- 09 12: 43: 44,656,0.529,16.0
 2026- 04- 09 12: 43: 45,671,0.541,16.0
 2026- 04- 09 12: 43: 45,674,0.543,16.0
 2026- 04- 09 12: 43: 46,684,0.551,16.0
 2026- 04- 09 12: 43: 46,624,0.503,15.0
 2026- 04- 09 12: 43: 47,646,0.521,15.0
 2026- 04- 09 12: 43: 47,677,0.546,16.0
 2026- 04- 09 12: 43: 48,645,0.52,15.0
 2026- 04- 09 12: 43: 48,655,0.528,15.0
 2026- 04- 09 12: 43: 49,675,0.544,16.0
 2026- 04- 09 12: 43: 49,652,0.525,15.0
 2026- 04- 09 12: 43: 50,670,0.54,16.0
 2026- 04- 09 12: 43: 50,669,0.539,16.0
 2026- 04- 09 12: 43: 51,635,0.512,15.0
 2026- 04- 09 12: 43: 51,641,0.517,15.0
 2026- 04- 09 12: 43: 52,634,0.511,15.0
 2026- 04- 09 12: 43: 52,649,0.523,15.0
 2026- 04- 09 12: 43: 53,655,0.528,15.0
 2026- 04- 09 12: 43: 53,653,0.526,15.0
 2026- 04- 09 12: 43: 54,669,0.539,16.0
 2026- 04- 09 12: 43: 54,671,0.541,16.0
 2026- 04- 09 12: 43: 55,662,0.533,16.0
 2026- 04- 09 12: 43: 55,646,0.521,15.0
 2026- 04- 09 12: 43: 56,659,0.531,16.0
 2026- 04- 09 12: 43: 56,641,0.517,15.0
 2026- 04- 09 12: 43: 57,656,0.529,16.0
 2026- 04- 09 12: 43: 57,634,0.511,15.0
 2026- 04- 09 12: 43: 58,637,0.513,15.0
 2026- 04- 09 12: 43: 58,646,0.521,15.0
 2026- 04- 09 12: 43: 59,664,0.535,16.0
 2026- 04- 09 12: 43: 59,654,0.527,15.0
 2026- 04- 09 12: 44: 00,649,0.523,15.0
 2026- 04- 09 12: 44: 00,657,0.529,16.0
 2026- 04- 09 12: 44: 01,651,0.525,15.0
 2026- 04- 09 12: 44: 01,637,0.513,15.0
 2026- 04- 09 12: 44: 02,672,0.542,16.0
 2026- 04- 09 12: 44: 02,653,0.526,15.0
 2026- 04- 09 12: 44: 03,637,0.513,15.0
 2026- 04- 09 12: 44: 03,667,0.538,16.0
 2026- 04- 09 12: 44: 04,654,0.527,15.0
 2026- 04- 09 12: 44: 04,667,0.538,16.0
 2026- 04- 09 12: 44: 05,645,0.52,15.0
 2026- 04- 09 12: 44: 05,650,0.524,15.0
 2026- 04- 09 12: 44: 06,659,0.531,16.0
 2026- 04- 09 12: 44: 06,651,0.525,15.0
 2026- 04- 09 12: 44: 07,660,0.532,16.0
 2026- 04- 09 12: 44: 07,673,0.542,16.0
 2026- 04- 09 12: 44: 08,649,0.523,15.0
 2026- 04- 09 12: 44: 08,688,0.554,16.0
 2026- 04- 09 12: 44: 09,657,0.529,16.0
 2026- 04- 09 12: 44: 09,676,0.545,16.0
 2026- 04- 09 12: 44: 10,669,0.539,16.0
 2026- 04- 09 12: 44: 10,670,0.54,16.0
 2026- 04- 09 12: 44: 11,667,0.538,16.0
 2026- 04- 09 12: 44: 11,674,0.543,16.0
 2026- 04- 09 12: 44: 12,649,0.523,15.0
 2026- 04- 09 12: 44: 12,685,0.552,16.0
 2026- 04- 09 12: 44: 13,640,0.516,15.0
 2026- 04- 09 12: 44: 13,657,0.529,16.0
 2026- 04- 09 12: 44: 14,651,0.525,15.0
 2026- 04- 09 12: 44: 14,631,0.508,15.0
 2026- 04- 09 12: 44: 15,641,0.517,15.0
 2026- 04- 09 12: 44: 15,656,0.529,16.0
 2026- 04- 09 12: 44: 16,638,0.514,15.0
 2026- 04- 09 12: 44: 16,641,0.517,15.0
 2026- 04- 09 12: 44: 17,656,0.529,16.0
 2026- 04- 09 12: 44: 17,666,0.537,16.0
 2026- 04- 09 12: 44: 18,665,0.536,16.0
 2026- 04- 09 12: 44: 18,669,0.539,16.0
 2026- 04- 09 12: 44: 19,665,0.536,16.0
 2026- 04- 09 12: 44: 19,679,0.547,16.0
 2026- 04- 09 12: 44: 20,669,0.539,16.0
 2026- 04- 09 12: 44: 20,658,0.53,16.0
 2026- 04- 09 12: 44: 21,653,0.526,15.0
 2026- 04- 09 12: 44: 21,675,0.544,16.0
 2026- 04- 09 12: 44: 22,653,0.526,15.0
 2026- 04- 09 12: 44: 22,666,0.537,16.0
 2026- 04- 09 12: 44: 23,634,0.511,15.0
 2026- 04- 09 12: 44: 23,670,0.54,16.0
 2026- 04- 09 12: 44: 24,651,0.525,15.0
 2026- 04- 09 12: 44: 24,659,0.531,16.0
 2026- 04- 09 12: 44: 25,640,0.516,15.0
 2026- 04- 09 12: 44: 25,658,0.53,16.0
 2026- 04- 09 12: 44: 26,629,0.507,15.0
 2026- 04- 09 12: 44: 26,669,0.539,16.0
 2026- 04- 09 12: 44: 27,660,0.532,16.0
 2026- 04- 09 12: 44: 27,667,0.538,16.0
 2026- 04- 09 12: 44: 28,667,0.538,16.0
 2026- 04- 09 12: 44: 28,664,0.535,16.0
 2026- 04- 09 12: 44: 29,671,0.541,16.0
 2026- 04- 09 12: 44: 29,634,0.511,15.0
 2026- 04- 09 12: 44: 30,657,0.529,16.0
 2026- 04- 09 12: 44: 30,693,0.558,16.0
 2026- 04- 09 12: 44: 31,649,0.523,15.0
 2026- 04- 09 12: 44: 31,650,0.524,15.0
 2026- 04- 09 12: 44: 32,660,0.532,16.0
 2026- 04- 09 12: 44: 32,655,0.528,15.0
 2026- 04- 09 12: 44: 33,683,0.55,16.0
 2026- 04- 09 12: 44: 33,653,0.526,15.0
 2026- 04- 09 12: 44: 34,651,0.525,15.0
 2026- 04- 09 12: 44: 34,669,0.539,16.0
 2026- 04- 09 12: 44: 35,640,0.516,15.0
 2026- 04- 09 12: 44: 35,642,0.517,15.0
 2026- 04- 09 12: 44: 36,648,0.522,15.0
 2026- 04- 09 12: 44: 36,647,0.521,15.0
 2026- 04- 09 12: 44: 37,637,0.513,15.0
 2026- 04- 09 12: 44: 37,669,0.539,16.0
 2026- 04- 09 12: 44: 38,657,0.529,16.0
 2026- 04- 09 12: 44: 38,640,0.516,15.0
 2026- 04- 09 12: 44: 39,647,0.521,15.0
 2026- 04- 09 12: 44: 39,649,0.523,15.0
 2026- 04- 09 12: 44: 40,651,0.525,15.0
 2026- 04- 09 12: 44: 40,656,0.529,16.0
 2026- 04- 09 12: 44: 41,650,0.524,15.0
 2026- 04- 09 12: 44: 41,637,0.513,15.0
 2026- 04- 09 12: 44: 42,663,0.534,16.0
 2026- 04- 09 12: 44: 42,675,0.544,16.0
 2026- 04- 09 12: 44: 43,652,0.525,15.0
 2026- 04- 09 12: 44: 43,661,0.533,16.0
 2026- 04- 09 12: 44: 44,644,0.519,15.0
 2026- 04- 09 12: 44: 44,657,0.529,16.0
 2026- 04- 09 12: 44: 45,672,0.542,16.0
 2026- 04- 09 12: 44: 45,635,0.512,15.0
 2026- 04- 09 12: 44: 46,698,0.562,17.0
 2026- 04- 09 12: 44: 46,642,0.517,15.0
 2026- 04- 09 12: 44: 47,651,0.525,15.0
 2026- 04- 09 12: 44: 47,656,0.529,16.0
 2026- 04- 09 12: 44: 48,661,0.533,16.0
 2026- 04- 09 12: 44: 48,625,0.504,15.0
 2026- 04- 09 12: 44: 49,666,0.537,16.0
 2026- 04- 09 12: 44: 49,641,0.517,15.0
 2026- 04- 09 12: 44: 50,640,0.516,15.0
 2026- 04- 09 12: 44: 50,628,0.506,15.0
 2026- 04- 09 12: 44: 51,656,0.529,16.0
 2026- 04- 09 12: 44: 51,688,0.554,16.0
 2026- 04- 09 12: 44: 52,641,0.517,15.0
 2026- 04- 09 12: 44: 52,675,0.544,16.0
 2026- 04- 09 12: 44: 53,685,0.552,16.0
 2026- 04- 09 12: 44: 53,662,0.533,16.0
 2026- 04- 09 12: 44: 54,673,0.542,16.0
 2026- 04- 09 12: 44: 54,652,0.525,15.0
 2026- 04- 09 12: 44: 55,646,0.521,15.0
 2026- 04- 09 12: 44: 55,658,0.53,16.0
 2026- 04- 09 12: 44: 56,670,0.54,16.0
 2026- 04- 09 12: 44: 56,672,0.542,16.0
 2026- 04- 09 12: 44: 57,651,0.525,15.0
 2026- 04- 09 12: 44: 57,658,0.53,16.0
 2026- 04- 09 12: 44: 58,642,0.517,15.0
 2026- 04- 09 12: 44: 58,642,0.517,15.0
 2026- 04- 09 12: 44: 59,658,0.53,16.0
 2026- 04- 09 12: 44: 59,663,0.534,16.0
 2026- 04- 09 12: 45: 00,649,0.523,15.0
 2026- 04- 09 12: 45: 00,628,0.506,15.0
 2026- 04- 09 12: 45: 01,677,0.546,16.0
 2026- 04- 09 12: 45: 01,639,0.515,15.0
 2026- 04- 09 12: 45: 02,637,0.513,15.0
 2026- 04- 09 12: 45: 02,647,0.521,15.0
 2026- 04- 09 12: 45: 03,620,0.5,15.0
 2026- 04- 09 12: 45: 03,671,0.541,16.0
 2026- 04- 09 12: 45: 04,643,0.518,15.0
 2026- 04- 09 12: 45: 04,656,0.529,16.0
 2026- 04- 09 12: 45: 05,659,0.531,16.0
 2026- 04- 09 12: 45: 05,688,0.554,16.0
 2026- 04- 09 12: 45: 06,650,0.524,15.0
 2026- 04- 09 12: 45: 06,640,0.516,15.0
 2026- 04- 09 12: 45: 07,661,0.533,16.0
 2026- 04- 09 12: 45: 07,676,0.545,16.0
 2026- 04- 09 12: 45: 08,647,0.521,15.0
 2026- 04- 09 12: 45: 08,661,0.533,16.0
 2026- 04- 09 12: 45: 09,642,0.517,15.0
 2026- 04- 09 12: 45: 09,659,0.531,16.0
 2026- 04- 09 12: 45: 10,640,0.516,15.0
 2026- 04- 09 12: 45: 10,677,0.546,16.0
 2026- 04- 09 12: 45: 11,624,0.503,15.0
 2026- 04- 09 12: 45: 11,654,0.527,15.0
 2026- 04- 09 12: 45: 12,633,0.51,15.0
 2026- 04- 09 12: 45: 12,651,0.525,15.0
 2026- 04- 09 12: 45: 13,640,0.516,15.0
 2026- 04- 09 12: 45: 13,656,0.529,16.0
 2026- 04- 09 12: 45: 14,637,0.513,15.0
 2026- 04- 09 12: 45: 14,655,0.528,15.0
 2026- 04- 09 12: 45: 15,640,0.516,15.0
 2026- 04- 09 12: 45: 15,657,0.529,16.0
 2026- 04- 09 12: 45: 16,633,0.51,15.0
 2026- 04- 09 12: 45: 16,677,0.546,16.0
 2026- 04- 09 12: 45: 17,674,0.543,16.0
 2026- 04- 09 12: 45: 17,650,0.524,15.0
 2026- 04- 09 12: 45: 18,640,0.516,15.0
 2026- 04- 09 12: 45: 18,688,0.554,16.0
 2026- 04- 09 12: 45: 19,658,0.53,16.0
 2026- 04- 09 12: 45: 19,628,0.506,15.0
 2026- 04- 09 12: 45: 20,659,0.531,16.0
 2026- 04- 09 12: 45: 20,659,0.531,16.0
 2026- 04- 09 12: 45: 21,624,0.503,15.0
 2026- 04- 09 12: 45: 21,629,0.507,15.0
 2026- 04- 09 12: 45: 22,645,0.52,15.0
 2026- 04- 09 12: 45: 22,671,0.541,16.0
 2026- 04- 09 12: 45: 23,685,0.552,16.0
 2026- 04- 09 12: 45: 23,647,0.521,15.0
 2026- 04- 09 12: 45: 24,653,0.526,15.0
 2026- 04- 09 12: 45: 24,639,0.515,15.0
 2026- 04- 09 12: 45: 25,645,0.52,15.0
 2026- 04- 09 12: 45: 25,675,0.544,16.0
 2026- 04- 09 12: 45: 26,666,0.537,16.0
 2026- 04- 09 12: 45: 26,654,0.527,15.0
 2026- 04- 09 12: 45: 27,663,0.534,16.0
 2026- 04- 09 12: 45: 27,659,0.531,16.0
 2026- 04- 09 12: 45: 28,670,0.54,16.0
 2026- 04- 09 12: 45: 28,643,0.518,15.0
 2026- 04- 09 12: 45: 29,666,0.537,16.0
 2026- 04- 09 12: 45: 29,654,0.527,15.0
 2026- 04- 09 12: 45: 30,651,0.525,15.0
 2026- 04- 09 12: 45: 30,671,0.541,16.0
 2026- 04- 09 12: 45: 31,682,0.55,16.0
 2026- 04- 09 12: 45: 31,658,0.53,16.0
 2026- 04- 09 12: 45: 32,647,0.521,15.0
 2026- 04- 09 12: 45: 32,649,0.523,15.0
 2026- 04- 09 12: 45: 33,671,0.541,16.0
 2026- 04- 09 12: 45: 33,640,0.516,15.0
 2026- 04- 09 12: 45: 34,647,0.521,15.0
 2026- 04- 09 12: 45: 34,686,0.553,16.0
 2026- 04- 09 12: 45: 35,639,0.515,15.0
 2026- 04- 09 12: 45: 35,677,0.546,16.0
 2026- 04- 09 12: 45: 36,641,0.517,15.0
 2026- 04- 09 12: 45: 36,674,0.543,16.0
 2026- 04- 09 12: 45: 37,623,0.502,15.0
 2026- 04- 09 12: 45: 37,677,0.546,16.0
 2026- 04- 09 12: 45: 38,639,0.515,15.0
 2026- 04- 09 12: 45: 38,625,0.504,15.0
 2026- 04- 09 12: 45: 39,655,0.528,15.0
 2026- 04- 09 12: 45: 39,663,0.534,16.0
 2026- 04- 09 12: 45: 40,651,0.525,15.0
 2026- 04- 09 12: 45: 40,650,0.524,15.0
 2026- 04- 09 12: 45: 41,626,0.504,15.0
 2026- 04- 09 12: 45: 41,636,0.513,15.0
 2026- 04- 09 12: 45: 42,675,0.544,16.0
 2026- 04- 09 12: 45: 42,633,0.51,15.0
 2026- 04- 09 12: 45: 43,656,0.529,16.0
 2026- 04- 09 12: 45: 43,673,0.542,16.0
 2026- 04- 09 12: 45: 44,643,0.518,15.0
 2026- 04- 09 12: 45: 44,635,0.512,15.0
 2026- 04- 09 12: 45: 45,674,0.543,16.0
 2026- 04- 09 12: 45: 45,657,0.529,16.0
 2026- 04- 09 12: 45: 46,643,0.518,15.0
 2026- 04- 09 12: 45: 46,657,0.529,16.0
 2026- 04- 09 12: 45: 47,646,0.521,15.0
 2026- 04- 09 12: 45: 47,671,0.541,16.0
 2026- 04- 09 12: 45: 48,634,0.511,15.0
 2026- 04- 09 12: 45: 48,643,0.518,15.0
 2026- 04- 09 12: 45: 49,643,0.518,15.0
 2026- 04- 09 12: 45: 49,635,0.512,15.0
 2026- 04- 09 12: 45: 50,678,0.546,16.0
 2026- 04- 09 12: 45: 50,626,0.504,15.0
 2026- 04- 09 12: 45: 51,650,0.524,15.0
 2026- 04- 09 12: 45: 51,646,0.521,15.0
 2026- 04- 09 12: 45: 52,655,0.528,15.0
 2026- 04- 09 12: 45: 52,655,0.528,15.0
 2026- 04- 09 12: 45: 53,651,0.525,15.0
 2026- 04- 09 12: 45: 53,647,0.521,15.0
 2026- 04- 09 12: 45: 54,671,0.541,16.0
 2026- 04- 09 12: 45: 54,656,0.529,16.0
 2026- 04- 09 12: 45: 55,663,0.534,16.0
 2026- 04- 09 12: 45: 55,651,0.525,15.0
 2026- 04- 09 12: 45: 56,676,0.545,16.0
 2026- 04- 09 12: 45: 56,667,0.538,16.0
 2026- 04- 09 12: 45: 57,640,0.516,15.0
 2026- 04- 09 12: 45: 57,671,0.541,16.0
 2026- 04- 09 12: 45: 58,677,0.546,16.0
 2026- 04- 09 12: 45: 58,635,0.512,15.0
 2026- 04- 09 12: 45: 59,635,0.512,15.0
 2026- 04- 09 12: 45: 59,666,0.537,16.0
 2026- 04- 09 12: 46: 00,640,0.516,15.0
 2026- 04- 09 12: 46: 00,654,0.527,15.0
 2026- 04- 09 12: 46: 01,651,0.525,15.0
 2026- 04- 09 12: 46: 01,644,0.519,15.0
 2026- 04- 09 12: 46: 02,662,0.533,16.0
 2026- 04- 09 12: 46: 02,642,0.517,15.0
 2026- 04- 09 12: 46: 03,639,0.515,15.0
 2026- 04- 09 12: 46: 03,656,0.529,16.0
 2026- 04- 09 12: 46: 04,656,0.529,16.0
 2026- 04- 09 12: 46: 04,625,0.504,15.0
 2026- 04- 09 12: 46: 05,656,0.529,16.0
 2026- 04- 09 12: 46: 05,670,0.54,16.0
 2026- 04- 09 12: 46: 06,662,0.533,16.0
 2026- 04- 09 12: 46: 06,659,0.531,16.0
 2026- 04- 09 12: 46: 07,650,0.524,15.0
 2026- 04- 09 12: 46: 07,673,0.542,16.0
 2026- 04- 09 12: 46: 08,654,0.527,15.0
 2026- 04- 09 12: 46: 08,661,0.533,16.0
 2026- 04- 09 12: 46: 09,635,0.512,15.0
 2026- 04- 09 12: 46: 09,661,0.533,16.0
 2026- 04- 09 12: 46: 10,688,0.554,16.0
 2026- 04- 09 12: 46: 10,657,0.529,16.0
 2026- 04- 09 12: 46: 11,636,0.513,15.0
 2026- 04- 09 12: 46: 11,638,0.514,15.0
 2026- 04- 09 12: 46: 12,670,0.54,16.0
 2026- 04- 09 12: 46: 12,634,0.511,15.0
 2026- 04- 09 12: 46: 13,656,0.529,16.0
 2026- 04- 09 12: 46: 13,693,0.558,16.0
 2026- 04- 09 12: 46: 14,634,0.511,15.0
 2026- 04- 09 12: 46: 14,678,0.546,16.0
 2026- 04- 09 12: 46: 15,633,0.51,15.0
 2026- 04- 09 12: 46: 15,652,0.525,15.0
 2026- 04- 09 12: 46: 16,655,0.528,15.0
 2026- 04- 09 12: 46: 16,639,0.515,15.0
 2026- 04- 09 12: 46: 17,640,0.516,15.0
 2026- 04- 09 12: 46: 17,657,0.529,16.0
 2026- 04- 09 12: 46: 18,639,0.515,15.0
 2026- 04- 09 12: 46: 18,650,0.524,15.0
 2026- 04- 09 12: 46: 19,656,0.529,16.0
 2026- 04- 09 12: 46: 19,656,0.529,16.0
 2026- 04- 09 12: 46: 20,663,0.534,16.0
 2026- 04- 09 12: 46: 20,656,0.529,16.0
 2026- 04- 09 12: 46: 21,626,0.504,15.0
 2026- 04- 09 12: 46: 21,665,0.536,16.0
 2026- 04- 09 12: 46: 22,646,0.521,15.0
 2026- 04- 09 12: 46: 22,671,0.541,16.0
 2026- 04- 09 12: 46: 23,629,0.507,15.0
 2026- 04- 09 12: 46: 23,673,0.542,16.0
 2026- 04- 09 12: 46: 24,656,0.529,16.0
 2026- 04- 09 12: 46: 24,657,0.529,16.0
 2026- 04- 09 12: 46: 25,623,0.502,15.0
 2026- 04- 09 12: 46: 25,666,0.537,16.0
 2026- 04- 09 12: 46: 26,657,0.529,16.0
 2026- 04- 09 12: 46: 26,640,0.516,15.0
 2026- 04- 09 12: 46: 27,660,0.532,16.0
 2026- 04- 09 12: 46: 27,647,0.521,15.0
 2026- 04- 09 12: 46: 28,656,0.529,16.0
 2026- 04- 09 12: 46: 28,662,0.533,16.0
 2026- 04- 09 12: 46: 29,639,0.515,15.0
 2026- 04- 09 12: 46: 29,671,0.541,16.0
 2026- 04- 09 12: 46: 30,655,0.528,15.0
 2026- 04- 09 12: 46: 30,656,0.529,16.0
 2026- 04- 09 12: 46: 31,663,0.534,16.0
 2026- 04- 09 12: 46: 31,600,0.484,14.0
 2026- 04- 09 12: 46: 32,689,0.555,16.0
 2026- 04- 09 12: 46: 32,673,0.542,16.0
 2026- 04- 09 12: 46: 33,672,0.542,16.0
 2026- 04- 09 12: 46: 33,657,0.529,16.0
 2026- 04- 09 12: 46: 34,640,0.516,15.0
 2026- 04- 09 12: 46: 34,640,0.516,15.0
 2026- 04- 09 12: 46: 35,672,0.542,16.0
 2026- 04- 09 12: 46: 35,670,0.54,16.0
 2026- 04- 09 12: 46: 36,667,0.538,16.0
 2026- 04- 09 12: 46: 36,659,0.531,16.0
 2026- 04- 09 12: 46: 37,641,0.517,15.0
 2026- 04- 09 12: 46: 37,667,0.538,16.0
 2026- 04- 09 12: 46: 38,671,0.541,16.0
 2026- 04- 09 12: 46: 38,631,0.508,15.0
 2026- 04- 09 12: 46: 39,659,0.531,16.0
 2026- 04- 09 12: 46: 39,655,0.528,15.0
 2026- 04- 09 12: 46: 40,659,0.531,16.0
 2026- 04- 09 12: 46: 40,640,0.516,15.0
 2026- 04- 09 12: 46: 41,666,0.537,16.0
 2026- 04- 09 12: 46: 41,644,0.519,15.0
 2026- 04- 09 12: 46: 42,663,0.534,16.0
 2026- 04- 09 12: 46: 42,657,0.529,16.0
 2026- 04- 09 12: 46: 43,640,0.516,15.0
 2026- 04- 09 12: 46: 43,656,0.529,16.0
 2026- 04- 09 12: 46: 44,688,0.554,16.0
 2026- 04- 09 12: 46: 44,654,0.527,15.0
 2026- 04- 09 12: 46: 45,659,0.531,16.0
 2026- 04- 09 12: 46: 45,653,0.526,15.0
 2026- 04- 09 12: 46: 46,658,0.53,16.0
 2026- 04- 09 12: 46: 46,650,0.524,15.0
 2026- 04- 09 12: 46: 47,645,0.52,15.0
 2026- 04- 09 12: 46: 47,661,0.533,16.0
 2026- 04- 09 12: 46: 48,649,0.523,15.0
 2026- 04- 09 12: 46: 48,671,0.541,16.0
 2026- 04- 09 12: 46: 49,656,0.529,16.0
 2026- 04- 09 12: 46: 49,661,0.533,16.0
 2026- 04- 09 12: 46: 50,631,0.508,15.0
 2026- 04- 09 12: 46: 50,671,0.541,16.0
 2026- 04- 09 12: 46: 51,669,0.539,16.0
 2026- 04- 09 12: 46: 51,657,0.529,16.0
 2026- 04- 09 12: 46: 52,658,0.53,16.0
 2026- 04- 09 12: 46: 52,672,0.542,16.0
 2026- 04- 09 12: 46: 53,660,0.532,16.0
 2026- 04- 09 12: 46: 53,679,0.547,16.0
 2026- 04- 09 12: 46: 54,671,0.541,16.0
 2026- 04- 09 12: 46: 54,667,0.538,16.0
 2026- 04- 09 12: 46: 55,646,0.521,15.0
 2026- 04- 09 12: 46: 55,655,0.528,15.0
 2026- 04- 09 12: 46: 56,673,0.542,16.0
 2026- 04- 09 12: 46: 56,656,0.529,16.0
 2026- 04- 09 12: 46: 57,657,0.529,16.0
 2026- 04- 09 12: 46: 57,657,0.529,16.0
 2026- 04- 09 12: 46: 58,671,0.541,16.0
 2026- 04- 09 12: 46: 58,677,0.546,16.0
 2026- 04- 09 12: 46: 59,638,0.514,15.0
 2026- 04- 09 12: 46: 59,633,0.51,15.0
 2026- 04- 09 12: 47: 00,643,0.518,15.0
 2026- 04- 09 12: 47: 00,662,0.533,16.0
 2026- 04- 09 12: 47: 01,655,0.528,15.0
 2026- 04- 09 12: 47: 01,667,0.538,16.0
 2026- 04- 09 12: 47: 02,624,0.503,15.0
 2026- 04- 09 12: 47: 02,691,0.557,16.0
 2026- 04- 09 12: 47: 03,681,0.549,16.0
 2026- 04- 09 12: 47: 03,672,0.542,16.0
 2026- 04- 09 12: 47: 04,644,0.519,15.0
 2026- 04- 09 12: 47: 04,659,0.531,16.0
 2026- 04- 09 12: 47: 05,695,0.56,16.0
 2026- 04- 09 12: 47: 05,674,0.543,16.0
 2026- 04- 09 12: 47: 06,652,0.525,15.0
 2026- 04- 09 12: 47: 06,647,0.521,15.0
 2026- 04- 09 12: 47: 07,661,0.533,16.0
 2026- 04- 09 12: 47: 07,645,0.52,15.0
 2026- 04- 09 12: 47: 08,670,0.54,16.0
 2026- 04- 09 12: 47: 08,641,0.517,15.0
 2026- 04- 09 12: 47: 09,661,0.533,16.0
 2026- 04- 09 12: 47: 09,642,0.517,15.0
 2026- 04- 09 12: 47: 10,671,0.541,16.0
 2026- 04- 09 12: 47: 10,656,0.529,16.0
 2026- 04- 09 12: 47: 11,642,0.517,15.0
 2026- 04- 09 12: 47: 11,625,0.504,15.0
 2026- 04- 09 12: 47: 12,656,0.529,16.0
 2026- 04- 09 12: 47: 12,622,0.501,15.0
 2026- 04- 09 12: 47: 13,631,0.508,15.0
 2026- 04- 09 12: 47: 13,675,0.544,16.0
 2026- 04- 09 12: 47: 14,658,0.53,16.0
 2026- 04- 09 12: 47: 14,682,0.55,16.0
 2026- 04- 09 12: 47: 15,644,0.519,15.0
 2026- 04- 09 12: 47: 15,677,0.546,16.0
 2026- 04- 09 12: 47: 16,652,0.525,15.0
 2026- 04- 09 12: 47: 16,656,0.529,16.0
 2026- 04- 09 12: 47: 17,645,0.52,15.0
 2026- 04- 09 12: 47: 17,667,0.538,16.0
 2026- 04- 09 12: 47: 18,659,0.531,16.0
 2026- 04- 09 12: 47: 18,660,0.532,16.0
 2026- 04- 09 12: 47: 19,671,0.541,16.0
 2026- 04- 09 12: 47: 19,663,0.534,16.0
 2026- 04- 09 12: 47: 20,659,0.531,16.0
 2026- 04- 09 12: 47: 20,652,0.525,15.0
 2026- 04- 09 12: 47: 21,661,0.533,16.0
 2026- 04- 09 12: 47: 21,673,0.542,16.0
 2026- 04- 09 12: 47: 22,658,0.53,16.0
 2026- 04- 09 12: 47: 22,644,0.519,15.0
 2026- 04- 09 12: 47: 23,641,0.517,15.0
 2026- 04- 09 12: 47: 23,656,0.529,16.0
 2026- 04- 09 12: 47: 24,634,0.511,15.0
 2026- 04- 09 12: 47: 24,638,0.514,15.0
 2026- 04- 09 12: 47: 25,669,0.539,16.0
 2026- 04- 09 12: 47: 25,663,0.534,16.0
 2026- 04- 09 12: 47: 26,656,0.529,16.0
 2026- 04- 09 12: 47: 26,663,0.534,16.0
 2026- 04- 09 12: 47: 27,666,0.537,16.0
 2026- 04- 09 12: 47: 27,649,0.523,15.0
 2026- 04- 09 12: 47: 28,659,0.531,16.0
 2026- 04- 09 12: 47: 28,634,0.511,15.0
 2026- 04- 09 12: 47: 29,629,0.507,15.0
 2026- 04- 09 12: 47: 29,639,0.515,15.0
 2026- 04- 09 12: 47: 30,645,0.52,15.0
 2026- 04- 09 12: 47: 30,643,0.518,15.0
 2026- 04- 09 12: 47: 31,634,0.511,15.0
 2026- 04- 09 12: 47: 31,660,0.532,16.0
 2026- 04- 09 12: 47: 32,624,0.503,15.0
 2026- 04- 09 12: 47: 32,632,0.509,15.0
 2026- 04- 09 12: 47: 33,672,0.542,16.0
 2026- 04- 09 12: 47: 33,677,0.546,16.0
 2026- 04- 09 12: 47: 34,687,0.554,16.0
 2026- 04- 09 12: 47: 34,643,0.518,15.0
 2026- 04- 09 12: 47: 35,637,0.513,15.0
 2026- 04- 09 12: 47: 35,653,0.526,15.0
 2026- 04- 09 12: 47: 36,656,0.529,16.0
 2026- 04- 09 12: 47: 36,652,0.525,15.0
 2026- 04- 09 12: 47: 37,650,0.524,15.0
 2026- 04- 09 12: 47: 37,688,0.554,16.0
 2026- 04- 09 12: 47: 38,663,0.534,16.0
 2026- 04- 09 12: 47: 38,675,0.544,16.0
 2026- 04- 09 12: 47: 39,645,0.52,15.0
 2026- 04- 09 12: 47: 39,638,0.514,15.0
 2026- 04- 09 12: 47: 40,644,0.519,15.0
 2026- 04- 09 12: 47: 40,661,0.533,16.0
 2026- 04- 09 12: 47: 41,662,0.533,16.0
 2026- 04- 09 12: 47: 41,672,0.542,16.0
 2026- 04- 09 12: 47: 42,661,0.533,16.0
 2026- 04- 09 12: 47: 42,642,0.517,15.0
 2026- 04- 09 12: 47: 43,642,0.517,15.0
 2026- 04- 09 12: 47: 43,655,0.528,15.0
 2026- 04- 09 12: 47: 44,659,0.531,16.0
 2026- 04- 09 12: 47: 44,633,0.51,15.0
 2026- 04- 09 12: 47: 45,656,0.529,16.0
 2026- 04- 09 12: 47: 45,655,0.528,15.0
 2026- 04- 09 12: 47: 46,656,0.529,16.0
 2026- 04- 09 12: 47: 46,654,0.527,15.0
 2026- 04- 09 12: 47: 47,656,0.529,16.0
 2026- 04- 09 12: 47: 47,663,0.534,16.0
 2026- 04- 09 12: 47: 48,641,0.517,15.0
 2026- 04- 09 12: 47: 48,661,0.533,16.0
 2026- 04- 09 12: 47: 49,654,0.527,15.0
 2026- 04- 09 12: 47: 49,640,0.516,15.0
 2026- 04- 09 12: 47: 50,624,0.503,15.0
 2026- 04- 09 12: 47: 50,683,0.55,16.0
 2026- 04- 09 12: 47: 51,675,0.544,16.0
 2026- 04- 09 12: 47: 51,657,0.529,16.0
 2026- 04- 09 12: 47: 52,646,0.521,15.0
 2026- 04- 09 12: 47: 52,662,0.533,16.0
 2026- 04- 09 12: 47: 53,668,0.538,16.0
 2026- 04- 09 12: 47: 53,661,0.533,16.0
 2026- 04- 09 12: 47: 54,663,0.534,16.0
 2026- 04- 09 12: 47: 54,635,0.512,15.0
 2026- 04- 09 12: 47: 55,662,0.533,16.0
 2026- 04- 09 12: 47: 55,637,0.513,15.0
 2026- 04- 09 12: 47: 56,653,0.526,15.0
 2026- 04- 09 12: 47: 56,653,0.526,15.0
 2026- 04- 09 12: 47: 57,645,0.52,15.0
 2026- 04- 09 12: 47: 57,654,0.527,15.0
 2026- 04- 09 12: 47: 58,641,0.517,15.0
 2026- 04- 09 12: 47: 58,663,0.534,16.0
 2026- 04- 09 12: 47: 59,663,0.534,16.0
 2026- 04- 09 12: 47: 59,685,0.552,16.0
 2026- 04- 09 12: 48: 00,671,0.541,16.0
 2026- 04- 09 12: 48: 00,651,0.525,15.0
 2026- 04- 09 12: 48: 01,649,0.523,15.0
 2026- 04- 09 12: 48: 01,655,0.528,15.0
 2026- 04- 09 12: 48: 02,667,0.538,16.0
 2026- 04- 09 12: 48: 02,656,0.529,16.0
 2026- 04- 09 12: 48: 03,658,0.53,16.0
 2026- 04- 09 12: 48: 03,641,0.517,15.0
 2026- 04- 09 12: 48: 04,619,0.499,15.0
 2026- 04- 09 12: 48: 04,667,0.538,16.0
 2026- 04- 09 12: 48: 05,649,0.523,15.0
 2026- 04- 09 12: 48: 05,666,0.537,16.0
 2026- 04- 09 12: 48: 06,653,0.526,15.0
 2026- 04- 09 12: 48: 06,654,0.527,15.0
 2026- 04- 09 12: 48: 07,642,0.517,15.0
 2026- 04- 09 12: 48: 07,669,0.539,16.0
 2026- 04- 09 12: 48: 08,666,0.537,16.0
 2026- 04- 09 12: 48: 08,666,0.537,16.0
 2026- 04- 09 12: 48: 09,608,0.49,14.0
 2026- 04- 09 12: 48: 09,629,0.507,15.0
 2026- 04- 09 12: 48: 10,651,0.525,15.0
 2026- 04- 09 12: 48: 10,650,0.524,15.0
 2026- 04- 09 12: 48: 11,652,0.525,15.0
 2026- 04- 09 12: 48: 11,637,0.513,15.0
 2026- 04- 09 12: 48: 12,650,0.524,15.0
 2026- 04- 09 12: 48: 12,665,0.536,16.0
 2026- 04- 09 12: 48: 13,643,0.518,15.0
 2026- 04- 09 12: 48: 13,663,0.534,16.0
 2026- 04- 09 12: 48: 14,642,0.517,15.0
 2026- 04- 09 12: 48: 14,640,0.516,15.0
 2026- 04- 09 12: 48: 15,656,0.529,16.0
 2026- 04- 09 12: 48: 15,660,0.532,16.0
 2026- 04- 09 12: 48: 16,655,0.528,15.0
 2026- 04- 09 12: 48: 16,688,0.554,16.0
 2026- 04- 09 12: 48: 17,645,0.52,15.0
 2026- 04- 09 12: 48: 17,665,0.536,16.0
 2026- 04- 09 12: 48: 18,630,0.508,15.0
 2026- 04- 09 12: 48: 18,688,0.554,16.0
 2026- 04- 09 12: 48: 19,643,0.518,15.0
 2026- 04- 09 12: 48: 19,656,0.529,16.0
 2026- 04- 09 12: 48: 20,649,0.523,15.0
 2026- 04- 09 12: 48: 20,650,0.524,15.0
 2026- 04- 09 12: 48: 21,656,0.529,16.0
 2026- 04- 09 12: 48: 21,659,0.531,16.0
 2026- 04- 09 12: 48: 22,656,0.529,16.0
 2026- 04- 09 12: 48: 22,631,0.508,15.0
 2026- 04- 09 12: 48: 23,657,0.529,16.0
 2026- 04- 09 12: 48: 23,651,0.525,15.0
 2026- 04- 09 12: 48: 24,637,0.513,15.0
 2026- 04- 09 12: 48: 24,656,0.529,16.0
 2026- 04- 09 12: 48: 25,657,0.529,16.0
 2026- 04- 09 12: 48: 25,671,0.541,16.0
 2026- 04- 09 12: 48: 26,652,0.525,15.0
 2026- 04- 09 12: 48: 26,653,0.526,15.0
 2026- 04- 09 12: 48: 27,646,0.521,15.0
 2026- 04- 09 12: 48: 27,658,0.53,16.0
 2026- 04- 09 12: 48: 28,657,0.529,16.0
 2026- 04- 09 12: 48: 28,686,0.553,16.0
 2026- 04- 09 12: 48: 29,644,0.519,15.0
 2026- 04- 09 12: 48: 29,641,0.517,15.0
 2026- 04- 09 12: 48: 30,643,0.518,15.0
 2026- 04- 09 12: 48: 30,633,0.51,15.0
 2026- 04- 09 12: 48: 31,665,0.536,16.0
 2026- 04- 09 12: 48: 31,675,0.544,16.0
 2026- 04- 09 12: 48: 32,627,0.505,15.0
 2026- 04- 09 12: 48: 32,641,0.517,15.0
 2026- 04- 09 12: 48: 33,656,0.529,16.0
 2026- 04- 09 12: 48: 33,641,0.517,15.0
 2026- 04- 09 12: 48: 34,688,0.554,16.0
 2026- 04- 09 12: 48: 34,673,0.542,16.0
 2026- 04- 09 12: 48: 35,672,0.542,16.0
 2026- 04- 09 12: 48: 35,670,0.54,16.0
 2026- 04- 09 12: 48: 36,655,0.528,15.0
 2026- 04- 09 12: 48: 36,677,0.546,16.0
 2026- 04- 09 12: 48: 37,656,0.529,16.0
 2026- 04- 09 12: 48: 37,672,0.542,16.0
 2026- 04- 09 12: 48: 38,657,0.529,16.0
 2026- 04- 09 12: 48: 38,673,0.542,16.0
 2026- 04- 09 12: 48: 39,638,0.514,15.0
 2026- 04- 09 12: 48: 39,633,0.51,15.0
 2026- 04- 09 12: 48: 40,656,0.529,16.0
 2026- 04- 09 12: 48: 40,641,0.517,15.0
 2026- 04- 09 12: 48: 41,654,0.527,15.0
 2026- 04- 09 12: 48: 41,656,0.529,16.0
 2026- 04- 09 12: 48: 42,646,0.521,15.0
 2026- 04- 09 12: 48: 42,642,0.517,15.0
 2026- 04- 09 12: 48: 43,658,0.53,16.0
 2026- 04- 09 12: 48: 43,657,0.529,16.0
 2026- 04- 09 12: 48: 44,640,0.516,15.0
 2026- 04- 09 12: 48: 44,654,0.527,15.0
 2026- 04- 09 12: 48: 45,672,0.542,16.0
 2026- 04- 09 12: 48: 45,654,0.527,15.0
 2026- 04- 09 12: 48: 46,654,0.527,15.0
 2026- 04- 09 12: 48: 46,656,0.529,16.0
 2026- 04- 09 12: 48: 47,656,0.529,16.0
 2026- 04- 09 12: 48: 47,662,0.533,16.0
 2026- 04- 09 12: 48: 48,656,0.529,16.0
 2026- 04- 09 12: 48: 48,658,0.53,16.0
 2026- 04- 09 12: 48: 49,673,0.542,16.0
 2026- 04- 09 12: 48: 49,642,0.517,15.0
 2026- 04- 09 12: 48: 50,671,0.541,16.0
 2026- 04- 09 12: 48: 50,652,0.525,15.0
 2026- 04- 09 12: 48: 51,666,0.537,16.0
 2026- 04- 09 12: 48: 51,678,0.546,16.0
 2026- 04- 09 12: 48: 52,642,0.517,15.0
 2026- 04- 09 12: 48: 52,661,0.533,16.0
 2026- 04- 09 12: 48: 53,656,0.529,16.0
 2026- 04- 09 12: 48: 53,646,0.521,15.0
 2026- 04- 09 12: 48: 54,678,0.546,16.0
 2026- 04- 09 12: 48: 54,655,0.528,15.0
 2026- 04- 09 12: 48: 55,694,0.559,16.0
 2026- 04- 09 12: 48: 55,649,0.523,15.0
 2026- 04- 09 12: 48: 56,656,0.529,16.0
 2026- 04- 09 12: 48: 56,671,0.541,16.0
 2026- 04- 09 12: 48: 57,645,0.52,15.0
 2026- 04- 09 12: 48: 57,651,0.525,15.0
 2026- 04- 09 12: 48: 58,669,0.539,16.0
 2026- 04- 09 12: 48: 58,627,0.505,15.0
 2026- 04- 09 12: 48: 59,656,0.529,16.0
 2026- 04- 09 12: 48: 59,690,0.556,16.0
 2026- 04- 09 12: 49: 00,673,0.542,16.0
 2026- 04- 09 12: 49: 00,657,0.529,16.0
 2026- 04- 09 12: 49: 01,666,0.537,16.0
 2026- 04- 09 12: 49: 01,635,0.512,15.0
 2026- 04- 09 12: 49: 02,665,0.536,16.0
 2026- 04- 09 12: 49: 02,666,0.537,16.0
 2026- 04- 09 12: 49: 03,658,0.53,16.0
 2026- 04- 09 12: 49: 03,640,0.516,15.0
 2026- 04- 09 12: 49: 04,658,0.53,16.0
 2026- 04- 09 12: 49: 04,667,0.538,16.0
 2026- 04- 09 12: 49: 05,678,0.546,16.0
 2026- 04- 09 12: 49: 05,653,0.526,15.0
 2026- 04- 09 12: 49: 06,664,0.535,16.0
 2026- 04- 09 12: 49: 06,640,0.516,15.0
 2026- 04- 09 12: 49: 07,624,0.503,15.0
 2026- 04- 09 12: 49: 07,662,0.533,16.0
 2026- 04- 09 12: 49: 08,674,0.543,16.0
 2026- 04- 09 12: 49: 08,675,0.544,16.0
 2026- 04- 09 12: 49: 09,631,0.508,15.0
 2026- 04- 09 12: 49: 09,642,0.517,15.0
 2026- 04- 09 12: 49: 10,635,0.512,15.0
 2026- 04- 09 12: 49: 10,656,0.529,16.0
 2026- 04- 09 12: 49: 11,666,0.537,16.0
 2026- 04- 09 12: 49: 11,662,0.533,16.0
 2026- 04- 09 12: 49: 12,634,0.511,15.0
 2026- 04- 09 12: 49: 12,624,0.503,15.0
 2026- 04- 09 12: 49: 13,634,0.511,15.0
 2026- 04- 09 12: 49: 13,636,0.513,15.0
 2026- 04- 09 12: 49: 14,667,0.538,16.0
 2026- 04- 09 12: 49: 14,666,0.537,16.0
 2026- 04- 09 12: 49: 15,644,0.519,15.0
 2026- 04- 09 12: 49: 15,661,0.533,16.0
 2026- 04- 09 12: 49: 16,675,0.544,16.0
 2026- 04- 09 12: 49: 16,660,0.532,16.0
 2026- 04- 09 12: 49: 17,624,0.503,15.0
 2026- 04- 09 12: 49: 17,659,0.531,16.0
 2026- 04- 09 12: 49: 18,673,0.542,16.0
 2026- 04- 09 12: 49: 18,671,0.541,16.0
 2026- 04- 09 12: 49: 19,663,0.534,16.0
 2026- 04- 09 12: 49: 19,653,0.526,15.0
 2026- 04- 09 12: 49: 20,677,0.546,16.0
 2026- 04- 09 12: 49: 20,649,0.523,15.0
 2026- 04- 09 12: 49: 21,658,0.53,16.0
 2026- 04- 09 12: 49: 21,669,0.539,16.0
 2026- 04- 09 12: 49: 22,674,0.543,16.0
 2026- 04- 09 12: 49: 22,633,0.51,15.0
 2026- 04- 09 12: 49: 23,657,0.529,16.0
 2026- 04- 09 12: 49: 23,647,0.521,15.0
 2026- 04- 09 12: 49: 24,662,0.533,16.0
 2026- 04- 09 12: 49: 24,663,0.534,16.0
 2026- 04- 09 12: 49: 25,631,0.508,15.0
 2026- 04- 09 12: 49: 25,656,0.529,16.0
 2026- 04- 09 12: 49: 26,639,0.515,15.0
 2026- 04- 09 12: 49: 26,672,0.542,16.0
 2026- 04- 09 12: 49: 27,662,0.533,16.0
 2026- 04- 09 12: 49: 27,672,0.542,16.0
 2026- 04- 09 12: 49: 28,659,0.531,16.0
 2026- 04- 09 12: 49: 28,686,0.553,16.0
 2026- 04- 09 12: 49: 29,650,0.524,15.0
 2026- 04- 09 12: 49: 29,661,0.533,16.0
 2026- 04- 09 12: 49: 30,669,0.539,16.0
 2026- 04- 09 12: 49: 30,672,0.542,16.0
 2026- 04- 09 12: 49: 31,650,0.524,15.0
 2026- 04- 09 12: 49: 31,642,0.517,15.0
 2026- 04- 09 12: 49: 32,662,0.533,16.0
 2026- 04- 09 12: 49: 32,653,0.526,15.0
 2026- 04- 09 12: 49: 33,640,0.516,15.0
 2026- 04- 09 12: 49: 33,647,0.521,15.0
 2026- 04- 09 12: 49: 34,659,0.531,16.0
 2026- 04- 09 12: 49: 34,653,0.526,15.0
 2026- 04- 09 12: 49: 35,656,0.529,16.0
 2026- 04- 09 12: 49: 35,642,0.517,15.0
 2026- 04- 09 12: 49: 36,633,0.51,15.0
 2026- 04- 09 12: 49: 36,645,0.52,15.0
 2026- 04- 09 12: 49: 37,649,0.523,15.0
 2026- 04- 09 12: 49: 37,673,0.542,16.0
 2026- 04- 09 12: 49: 38,666,0.537,16.0
 2026- 04- 09 12: 49: 38,643,0.518,15.0
 2026- 04- 09 12: 49: 39,643,0.518,15.0
 2026- 04- 09 12: 49: 39,643,0.518,15.0
 2026- 04- 09 12: 49: 40,657,0.529,16.0
 2026- 04- 09 12: 49: 40,657,0.529,16.0
 2026- 04- 09 12: 49: 41,662,0.533,16.0
 2026- 04- 09 12: 49: 41,639,0.515,15.0
 2026- 04- 09 12: 49: 42,641,0.517,15.0
 2026- 04- 09 12: 49: 42,632,0.509,15.0
 2026- 04- 09 12: 49: 43,625,0.504,15.0
 2026- 04- 09 12: 49: 43,652,0.525,15.0
 2026- 04- 09 12: 49: 44,639,0.515,15.0
 2026- 04- 09 12: 49: 44,650,0.524,15.0
 2026- 04- 09 12: 49: 45,663,0.534,16.0
 2026- 04- 09 12: 49: 45,630,0.508,15.0
 2026- 04- 09 12: 49: 46,651,0.525,15.0
 2026- 04- 09 12: 49: 46,658,0.53,16.0
 2026- 04- 09 12: 49: 47,643,0.518,15.0
 2026- 04- 09 12: 49: 47,634,0.511,15.0
 2026- 04- 09 12: 49: 48,656,0.529,16.0
 2026- 04- 09 12: 49: 48,634,0.511,15.0
 2026- 04- 09 12: 49: 49,655,0.528,15.0
 2026- 04- 09 12: 49: 49,641,0.517,15.0
 2026- 04- 09 12: 49: 50,684,0.551,16.0
 2026- 04- 09 12: 49: 50,654,0.527,15.0
 2026- 04- 09 12: 49: 51,656,0.529,16.0
 2026- 04- 09 12: 49: 51,673,0.542,16.0
 2026- 04- 09 12: 49: 52,639,0.515,15.0
 2026- 04- 09 12: 49: 52,657,0.529,16.0
 2026- 04- 09 12: 49: 53,682,0.55,16.0
 2026- 04- 09 12: 49: 53,645,0.52,15.0
 2026- 04- 09 12: 49: 54,659,0.531,16.0
 2026- 04- 09 12: 49: 54,663,0.534,16.0
 2026- 04- 09 12: 49: 55,661,0.533,16.0
 2026- 04- 09 12: 49: 55,686,0.553,16.0
 2026- 04- 09 12: 49: 56,649,0.523,15.0
 2026- 04- 09 12: 49: 56,657,0.529,16.0
 2026- 04- 09 12: 49: 57,618,0.498,15.0
 2026- 04- 09 12: 49: 57,643,0.518,15.0
 2026- 04- 09 12: 49: 58,663,0.534,16.0
 2026- 04- 09 12: 49: 58,645,0.52,15.0
 2026- 04- 09 12: 49: 59,669,0.539,16.0
 2026- 04- 09 12: 49: 59,636,0.513,15.0
 2026- 04- 09 12: 50: 00,661,0.533,16.0
 2026- 04- 09 12: 50: 00,628,0.506,15.0
 2026- 04- 09 12: 50: 01,633,0.51,15.0
 2026- 04- 09 12: 50: 01,661,0.533,16.0
 2026- 04- 09 12: 50: 02,645,0.52,15.0
 2026- 04- 09 12: 50: 02,659,0.531,16.0
 2026- 04- 09 12: 50: 03,655,0.528,15.0
 2026- 04- 09 12: 50: 03,645,0.52,15.0
 2026- 04- 09 12: 50: 04,687,0.554,16.0
 2026- 04- 09 12: 50: 04,666,0.537,16.0
 2026- 04- 09 12: 50: 05,683,0.55,16.0
 2026- 04- 09 12: 50: 05,635,0.512,15.0
 2026- 04- 09 12: 50: 06,654,0.527,15.0
 2026- 04- 09 12: 50: 06,637,0.513,15.0
 2026- 04- 09 12: 50: 07,656,0.529,16.0
 2026- 04- 09 12: 50: 07,655,0.528,15.0
 2026- 04- 09 12: 50: 08,669,0.539,16.0
 2026- 04- 09 12: 50: 08,640,0.516,15.0
 2026- 04- 09 12: 50: 09,669,0.539,16.0
 2026- 04- 09 12: 50: 09,649,0.523,15.0
 2026- 04- 09 12: 50: 10,640,0.516,15.0
 2026- 04- 09 12: 50: 10,661,0.533,16.0
 2026- 04- 09 12: 50: 11,656,0.529,16.0
 2026- 04- 09 12: 50: 11,646,0.521,15.0
 2026- 04- 09 12: 50: 12,658,0.53,16.0
 2026- 04- 09 12: 50: 12,655,0.528,15.0
 2026- 04- 09 12: 50: 13,663,0.534,16.0
 2026- 04- 09 12: 50: 13,660,0.532,16.0
 2026- 04- 09 12: 50: 14,672,0.542,16.0
 2026- 04- 09 12: 50: 14,654,0.527,15.0
 2026- 04- 09 12: 50: 15,656,0.529,16.0
 2026- 04- 09 12: 50: 15,669,0.539,16.0
 2026- 04- 09 12: 50: 16,670,0.54,16.0
 2026- 04- 09 12: 50: 16,656,0.529,16.0
 2026- 04- 09 12: 50: 17,663,0.534,16.0
 2026- 04- 09 12: 50: 17,646,0.521,15.0
 2026- 04- 09 12: 50: 18,640,0.516,15.0
 2026- 04- 09 12: 50: 18,667,0.538,16.0
 2026- 04- 09 12: 50: 19,640,0.516,15.0
 2026- 04- 09 12: 50: 19,656,0.529,16.0
 2026- 04- 09 12: 50: 20,672,0.542,16.0
 2026- 04- 09 12: 50: 20,654,0.527,15.0
 2026- 04- 09 12: 50: 21,631,0.508,15.0
 2026- 04- 09 12: 50: 21,640,0.516,15.0
 2026- 04- 09 12: 50: 22,671,0.541,16.0
 2026- 04- 09 12: 50: 22,656,0.529,16.0
 2026- 04- 09 12: 50: 23,659,0.531,16.0
 2026- 04- 09 12: 50: 23,627,0.505,15.0
 2026- 04- 09 12: 50: 24,617,0.497,15.0
 2026- 04- 09 12: 50: 24,642,0.517,15.0
 2026- 04- 09 12: 50: 25,630,0.508,15.0
 2026- 04- 09 12: 50: 25,680,0.548,16.0
 2026- 04- 09 12: 50: 26,625,0.504,15.0
 2026- 04- 09 12: 50: 26,681,0.549,16.0
 2026- 04- 09 12: 50: 27,677,0.546,16.0
 2026- 04- 09 12: 50: 27,651,0.525,15.0
 2026- 04- 09 12: 50: 28,673,0.542,16.0
 2026- 04- 09 12: 50: 28,657,0.529,16.0
 2026- 04- 09 12: 50: 29,656,0.529,16.0
 2026- 04- 09 12: 50: 29,656,0.529,16.0
 2026- 04- 09 12: 50: 30,688,0.554,16.0
 2026- 04- 09 12: 50: 30,641,0.517,15.0
 2026- 04- 09 12: 50: 31,637,0.513,15.0
 2026- 04- 09 12: 50: 31,650,0.524,15.0
 2026- 04- 09 12: 50: 32,675,0.544,16.0
 2026- 04- 09 12: 50: 32,655,0.528,15.0
 2026- 04- 09 12: 50: 33,661,0.533,16.0
 2026- 04- 09 12: 50: 33,667,0.538,16.0
 2026- 04- 09 12: 50: 34,627,0.505,15.0
 2026- 04- 09 12: 50: 34,655,0.528,15.0
 2026- 04- 09 12: 50: 35,662,0.533,16.0
 2026- 04- 09 12: 50: 35,653,0.526,15.0
 2026- 04- 09 12: 50: 36,644,0.519,15.0
 2026- 04- 09 12: 50: 36,656,0.529,16.0
 2026- 04- 09 12: 50: 37,662,0.533,16.0
 2026- 04- 09 12: 50: 37,662,0.533,16.0
 2026- 04- 09 12: 50: 38,655,0.528,15.0
 2026- 04- 09 12: 50: 38,650,0.524,15.0
 2026- 04- 09 12: 50: 39,671,0.541,16.0
 2026- 04- 09 12: 50: 39,672,0.542,16.0
 2026- 04- 09 12: 50: 40,656,0.529,16.0
 2026- 04- 09 12: 50: 40,658,0.53,16.0
 2026- 04- 09 12: 50: 41,655,0.528,15.0
 2026- 04- 09 12: 50: 41,647,0.521,15.0
 2026- 04- 09 12: 50: 42,656,0.529,16.0
 2026- 04- 09 12: 50: 42,651,0.525,15.0
 2026- 04- 09 12: 50: 43,657,0.529,16.0
 2026- 04- 09 12: 50: 43,675,0.544,16.0
 2026- 04- 09 12: 50: 44,691,0.557,16.0
 2026- 04- 09 12: 50: 44,655,0.528,15.0
 2026- 04- 09 12: 50: 45,659,0.531,16.0
 2026- 04- 09 12: 50: 45,650,0.524,15.0
 2026- 04- 09 12: 50: 46,676,0.545,16.0
 2026- 04- 09 12: 50: 46,672,0.542,16.0
 2026- 04- 09 12: 50: 47,671,0.541,16.0
 2026- 04- 09 12: 50: 47,675,0.544,16.0
 2026- 04- 09 12: 50: 48,661,0.533,16.0
 2026- 04- 09 12: 50: 48,637,0.513,15.0
 2026- 04- 09 12: 50: 49,656,0.529,16.0
 2026- 04- 09 12: 50: 49,686,0.553,16.0
 2026- 04- 09 12: 50: 50,674,0.543,16.0
 2026- 04- 09 12: 50: 50,660,0.532,16.0
 2026- 04- 09 12: 50: 51,629,0.507,15.0
 2026- 04- 09 12: 50: 51,665,0.536,16.0
 2026- 04- 09 12: 50: 52,650,0.524,15.0
 2026- 04- 09 12: 50: 52,663,0.534,16.0
 2026- 04- 09 12: 50: 53,662,0.533,16.0
 2026- 04- 09 12: 50: 53,679,0.547,16.0
 2026- 04- 09 12: 50: 54,685,0.552,16.0
 2026- 04- 09 12: 50: 54,668,0.538,16.0
 2026- 04- 09 12: 50: 55,667,0.538,16.0
 2026- 04- 09 12: 50: 55,655,0.528,15.0
 2026- 04- 09 12: 50: 56,635,0.512,15.0
 2026- 04- 09 12: 50: 56,671,0.541,16.0
 2026- 04- 09 12: 50: 57,656,0.529,16.0
 2026- 04- 09 12: 50: 57,653,0.526,15.0
 2026- 04- 09 12: 50: 58,688,0.554,16.0
 2026- 04- 09 12: 50: 58,653,0.526,15.0
 2026- 04- 09 12: 50: 59,673,0.542,16.0
 2026- 04- 09 12: 50: 59,671,0.541,16.0
 2026- 04- 09 12: 51: 00,653,0.526,15.0
 2026- 04- 09 12: 51: 00,657,0.529,16.0
 2026- 04- 09 12: 51: 01,659,0.531,16.0
 2026- 04- 09 12: 51: 01,657,0.529,16.0
 2026- 04- 09 12: 51: 02,654,0.527,15.0
 2026- 04- 09 12: 51: 02,655,0.528,15.0
 2026- 04- 09 12: 51: 03,641,0.517,15.0
 2026- 04- 09 12: 51: 03,679,0.547,16.0
 2026- 04- 09 12: 51: 04,667,0.538,16.0
 2026- 04- 09 12: 51: 04,670,0.54,16.0
 2026- 04- 09 12: 51: 05,667,0.538,16.0
 2026- 04- 09 12: 51: 05,676,0.545,16.0
 2026- 04- 09 12: 51: 06,652,0.525,15.0
 2026- 04- 09 12: 51: 06,640,0.516,15.0
 2026- 04- 09 12: 51: 07,636,0.513,15.0
 2026- 04- 09 12: 51: 07,655,0.528,15.0
 2026- 04- 09 12: 51: 08,674,0.543,16.0
 2026- 04- 09 12: 51: 08,672,0.542,16.0
 2026- 04- 09 12: 51: 09,670,0.54,16.0
 2026- 04- 09 12: 51: 09,656,0.529,16.0
 2026- 04- 09 12: 51: 10,649,0.523,15.0
 2026- 04- 09 12: 51: 10,656,0.529,16.0
 2026- 04- 09 12: 51: 11,650,0.524,15.0
 2026- 04- 09 12: 51: 11,646,0.521,15.0
 2026- 04- 09 12: 51: 12,671,0.541,16.0
 2026- 04- 09 12: 51: 12,656,0.529,16.0
 2026- 04- 09 12: 51: 13,673,0.542,16.0
 2026- 04- 09 12: 51: 13,618,0.498,15.0
 2026- 04- 09 12: 51: 14,668,0.538,16.0
 2026- 04- 09 12: 51: 14,641,0.517,15.0
 2026- 04- 09 12: 51: 15,657,0.529,16.0
 2026- 04- 09 12: 51: 15,663,0.534,16.0
 2026- 04- 09 12: 51: 16,631,0.508,15.0
 2026- 04- 09 12: 51: 16,646,0.521,15.0
 2026- 04- 09 12: 51: 17,640,0.516,15.0
 2026- 04- 09 12: 51: 17,671,0.541,16.0
 2026- 04- 09 12: 51: 18,627,0.505,15.0
 2026- 04- 09 12: 51: 18,644,0.519,15.0
 2026- 04- 09 12: 51: 19,655,0.528,15.0
 2026- 04- 09 12: 51: 19,605,0.488,14.0
 2026- 04- 09 12: 51: 20,638,0.514,15.0
 2026- 04- 09 12: 51: 20,637,0.513,15.0
 2026- 04- 09 12: 51: 21,654,0.527,15.0
 2026- 04- 09 12: 51: 21,631,0.508,15.0
 2026- 04- 09 12: 51: 22,665,0.536,16.0
 2026- 04- 09 12: 51: 22,673,0.542,16.0
 2026- 04- 09 12: 51: 23,658,0.53,16.0
 2026- 04- 09 12: 51: 23,651,0.525,15.0
 2026- 04- 09 12: 51: 24,635,0.512,15.0
 2026- 04- 09 12: 51: 24,672,0.542,16.0
 2026- 04- 09 12: 51: 25,630,0.508,15.0
 2026- 04- 09 12: 51: 25,640,0.516,15.0
 2026- 04- 09 12: 51: 26,677,0.546,16.0
 2026- 04- 09 12: 51: 26,654,0.527,15.0
 2026- 04- 09 12: 51: 27,688,0.554,16.0
 2026- 04- 09 12: 51: 27,657,0.529,16.0
 2026- 04- 09 12: 51: 28,640,0.516,15.0
 2026- 04- 09 12: 51: 28,666,0.537,16.0
 2026- 04- 09 12: 51: 29,642,0.517,15.0
 2026- 04- 09 12: 51: 29,603,0.486,14.0
 2026- 04- 09 12: 51: 30,669,0.539,16.0
 2026- 04- 09 12: 51: 30,656,0.529,16.0
 2026- 04- 09 12: 51: 31,642,0.517,15.0
 2026- 04- 09 12: 51: 31,658,0.53,16.0
 2026- 04- 09 12: 51: 32,660,0.532,16.0
 2026- 04- 09 12: 51: 32,673,0.542,16.0
 2026- 04- 09 12: 51: 33,647,0.521,15.0
 2026- 04- 09 12: 51: 33,640,0.516,15.0
 2026- 04- 09 12: 51: 34,664,0.535,16.0
 2026- 04- 09 12: 51: 34,648,0.522,15.0
 2026- 04- 09 12: 51: 35,656,0.529,16.0
 2026- 04- 09 12: 51: 35,663,0.534,16.0
 2026- 04- 09 12: 51: 36,670,0.54,16.0
 2026- 04- 09 12: 51: 36,675,0.544,16.0
 2026- 04- 09 12: 51: 37,672,0.542,16.0
 2026- 04- 09 12: 51: 37,674,0.543,16.0
 2026- 04- 09 12: 51: 38,623,0.502,15.0
 2026- 04- 09 12: 51: 38,640,0.516,15.0
 2026- 04- 09 12: 51: 39,654,0.527,15.0
 2026- 04- 09 12: 51: 39,641,0.517,15.0
 2026- 04- 09 12: 51: 40,670,0.54,16.0
 2026- 04- 09 12: 51: 40,633,0.51,15.0
 2026- 04- 09 12: 51: 41,640,0.516,15.0
 2026- 04- 09 12: 51: 41,667,0.538,16.0
 2026- 04- 09 12: 51: 42,645,0.52,15.0
 2026- 04- 09 12: 51: 42,654,0.527,15.0
 2026- 04- 09 12: 51: 43,652,0.525,15.0
 2026- 04- 09 12: 51: 43,654,0.527,15.0
 2026- 04- 09 12: 51: 44,644,0.519,15.0
 2026- 04- 09 12: 51: 44,640,0.516,15.0
 2026- 04- 09 12: 51: 45,636,0.513,15.0
 2026- 04- 09 12: 51: 45,695,0.56,16.0
 2026- 04- 09 12: 51: 46,652,0.525,15.0
 2026- 04- 09 12: 51: 46,645,0.52,15.0
 2026- 04- 09 12: 51: 47,640,0.516,15.0
 2026- 04- 09 12: 51: 47,679,0.547,16.0
 2026- 04- 09 12: 51: 48,656,0.529,16.0
 2026- 04- 09 12: 51: 48,657,0.529,16.0
 2026- 04- 09 12: 51: 49,641,0.517,15.0
 2026- 04- 09 12: 51: 49,673,0.542,16.0
 2026- 04- 09 12: 51: 50,677,0.546,16.0
 2026- 04- 09 12: 51: 50,656,0.529,16.0
 2026- 04- 09 12: 51: 51,638,0.514,15.0
 2026- 04- 09 12: 51: 51,674,0.543,16.0
 2026- 04- 09 12: 51: 52,660,0.532,16.0
 2026- 04- 09 12: 51: 52,652,0.525,15.0
 2026- 04- 09 12: 51: 53,637,0.513,15.0
 2026- 04- 09 12: 51: 53,656,0.529,16.0
 2026- 04- 09 12: 51: 54,679,0.547,16.0
 2026- 04- 09 12: 51: 54,651,0.525,15.0
 2026- 04- 09 12: 51: 55,655,0.528,15.0
 2026- 04- 09 12: 51: 55,666,0.537,16.0
 2026- 04- 09 12: 51: 56,665,0.536,16.0
 2026- 04- 09 12: 51: 56,618,0.498,15.0
 2026- 04- 09 12: 51: 57,668,0.538,16.0
 2026- 04- 09 12: 51: 57,666,0.537,16.0
 2026- 04- 09 12: 51: 58,646,0.521,15.0
 2026- 04- 09 12: 51: 58,646,0.521,15.0
 2026- 04- 09 12: 51: 59,679,0.547,16.0
 2026- 04- 09 12: 51: 59,640,0.516,15.0
 2026- 04- 09 12: 52: 00,673,0.542,16.0
 2026- 04- 09 12: 52: 00,649,0.523,15.0
 2026- 04- 09 12: 52: 01,630,0.508,15.0
 2026- 04- 09 12: 52: 01,667,0.538,16.0
 2026- 04- 09 12: 52: 02,669,0.539,16.0
 2026- 04- 09 12: 52: 02,628,0.506,15.0
 2026- 04- 09 12: 52: 03,689,0.555,16.0
 2026- 04- 09 12: 52: 03,662,0.533,16.0
 2026- 04- 09 12: 52: 04,624,0.503,15.0
 2026- 04- 09 12: 52: 04,645,0.52,15.0
 2026- 04- 09 12: 52: 05,662,0.533,16.0
 2026- 04- 09 12: 52: 05,630,0.508,15.0
 2026- 04- 09 12: 52: 06,642,0.517,15.0
 2026- 04- 09 12: 52: 06,680,0.548,16.0
 2026- 04- 09 12: 52: 07,653,0.526,15.0
 2026- 04- 09 12: 52: 07,667,0.538,16.0
 2026- 04- 09 12: 52: 08,651,0.525,15.0
 2026- 04- 09 12: 52: 08,664,0.535,16.0
 2026- 04- 09 12: 52: 09,640,0.516,15.0
 2026- 04- 09 12: 52: 09,678,0.546,16.0
 2026- 04- 09 12: 52: 10,663,0.534,16.0
 2026- 04- 09 12: 52: 10,656,0.529,16.0
 2026- 04- 09 12: 52: 11,658,0.53,16.0
 2026- 04- 09 12: 52: 11,659,0.531,16.0
 2026- 04- 09 12: 52: 12,641,0.517,15.0
 2026- 04- 09 12: 52: 12,641,0.517,15.0
 2026- 04- 09 12: 52: 13,656,0.529,16.0
 2026- 04- 09 12: 52: 13,644,0.519,15.0
 2026- 04- 09 12: 52: 14,666,0.537,16.0
 2026- 04- 09 12: 52: 14,642,0.517,15.0
 2026- 04- 09 12: 52: 15,654,0.527,15.0
 2026- 04- 09 12: 52: 15,656,0.529,16.0
 2026- 04- 09 12: 52: 16,661,0.533,16.0
 2026- 04- 09 12: 52: 16,704,0.567,17.0
 2026- 04- 09 12: 52: 17,656,0.529,16.0
 2026- 04- 09 12: 52: 17,679,0.547,16.0
 2026- 04- 09 12: 52: 18,671,0.541,16.0
 2026- 04- 09 12: 52: 18,644,0.519,15.0
 2026- 04- 09 12: 52: 19,644,0.519,15.0
 2026- 04- 09 12: 52: 19,665,0.536,16.0
 2026- 04- 09 12: 52: 20,656,0.529,16.0
 2026- 04- 09 12: 52: 20,656,0.529,16.0
 2026- 04- 09 12: 52: 21,662,0.533,16.0
 2026- 04- 09 12: 52: 21,662,0.533,16.0
 2026- 04- 09 12: 52: 22,668,0.538,16.0
 2026- 04- 09 12: 52: 22,660,0.532,16.0
 2026- 04- 09 12: 52: 23,681,0.549,16.0
 2026- 04- 09 12: 52: 23,658,0.53,16.0
 2026- 04- 09 12: 52: 24,685,0.552,16.0
 2026- 04- 09 12: 52: 24,638,0.514,15.0
 2026- 04- 09 12: 52: 25,667,0.538,16.0
 2026- 04- 09 12: 52: 25,667,0.538,16.0
 2026- 04- 09 12: 52: 26,643,0.518,15.0
 2026- 04- 09 12: 52: 26,643,0.518,15.0
 2026- 04- 09 12: 52: 27,650,0.524,15.0
 2026- 04- 09 12: 52: 27,638,0.514,15.0
 2026- 04- 09 12: 52: 28,647,0.521,15.0
 2026- 04- 09 12: 52: 28,666,0.537,16.0
 2026- 04- 09 12: 52: 29,687,0.554,16.0
 2026- 04- 09 12: 52: 29,676,0.545,16.0
 2026- 04- 09 12: 52: 30,661,0.533,16.0
 2026- 04- 09 12: 52: 30,667,0.538,16.0
 2026- 04- 09 12: 52: 31,650,0.524,15.0
 2026- 04- 09 12: 52: 31,649,0.523,15.0
 2026- 04- 09 12: 52: 32,668,0.538,16.0
 2026- 04- 09 12: 52: 32,673,0.542,16.0
 2026- 04- 09 12: 52: 33,639,0.515,15.0
 2026- 04- 09 12: 52: 33,648,0.522,15.0
 2026- 04- 09 12: 52: 34,663,0.534,16.0
 2026- 04- 09 12: 52: 34,650,0.524,15.0
 2026- 04- 09 12: 52: 35,629,0.507,15.0
 2026- 04- 09 12: 52: 35,646,0.521,15.0
 2026- 04- 09 12: 52: 36,679,0.547,16.0
 2026- 04- 09 12: 52: 36,661,0.533,16.0
 2026- 04- 09 12: 52: 37,672,0.542,16.0
 2026- 04- 09 12: 52: 37,627,0.505,15.0
 2026- 04- 09 12: 52: 38,669,0.539,16.0
 2026- 04- 09 12: 52: 38,659,0.531,16.0
 2026- 04- 09 12: 52: 39,644,0.519,15.0
 2026- 04- 09 12: 52: 39,673,0.542,16.0
 2026- 04- 09 12: 52: 40,676,0.545,16.0
 2026- 04- 09 12: 52: 40,624,0.503,15.0
 2026- 04- 09 12: 52: 41,665,0.536,16.0
 2026- 04- 09 12: 52: 41,641,0.517,15.0
 2026- 04- 09 12: 52: 42,650,0.524,15.0
 2026- 04- 09 12: 52: 42,659,0.531,16.0
 2026- 04- 09 12: 52: 43,649,0.523,15.0
 2026- 04- 09 12: 52: 43,645,0.52,15.0
 2026- 04- 09 12: 52: 44,674,0.543,16.0
 2026- 04- 09 12: 52: 44,648,0.522,15.0
 2026- 04- 09 12: 52: 45,671,0.541,16.0
 2026- 04- 09 12: 52: 45,639,0.515,15.0
 2026- 04- 09 12: 52: 46,642,0.517,15.0
 2026- 04- 09 12: 52: 46,667,0.538,16.0
 2026- 04- 09 12: 52: 47,643,0.518,15.0
 2026- 04- 09 12: 52: 47,656,0.529,16.0
 2026- 04- 09 12: 52: 48,663,0.534,16.0
 2026- 04- 09 12: 52: 48,652,0.525,15.0
 2026- 04- 09 12: 52: 49,647,0.521,15.0
 2026- 04- 09 12: 52: 49,664,0.535,16.0
 2026- 04- 09 12: 52: 50,653,0.526,15.0
 2026- 04- 09 12: 52: 50,663,0.534,16.0
 2026- 04- 09 12: 52: 51,663,0.534,16.0
 2026- 04- 09 12: 52: 51,651,0.525,15.0
 2026- 04- 09 12: 52: 52,654,0.527,15.0
 2026- 04- 09 12: 52: 52,658,0.53,16.0
 2026- 04- 09 12: 52: 53,656,0.529,16.0
 2026- 04- 09 12: 52: 53,656,0.529,16.0
 2026- 04- 09 12: 52: 54,657,0.529,16.0
 2026- 04- 09 12: 52: 54,659,0.531,16.0
 2026- 04- 09 12: 52: 55,659,0.531,16.0
 2026- 04- 09 12: 52: 55,653,0.526,15.0
 2026- 04- 09 12: 52: 56,656,0.529,16.0
 2026- 04- 09 12: 52: 56,671,0.541,16.0
 2026- 04- 09 12: 52: 57,650,0.524,15.0
 2026- 04- 09 12: 52: 57,656,0.529,16.0
 2026- 04- 09 12: 52: 58,650,0.524,15.0
 2026- 04- 09 12: 52: 58,652,0.525,15.0
 2026- 04- 09 12: 52: 59,647,0.521,15.0
 2026- 04- 09 12: 52: 59,678,0.546,16.0
 2026- 04- 09 12: 53: 00,636,0.513,15.0
 2026- 04- 09 12: 53: 00,657,0.529,16.0
 2026- 04- 09 12: 53: 01,653,0.526,15.0
 2026- 04- 09 12: 53: 01,681,0.549,16.0
 2026- 04- 09 12: 53: 02,639,0.515,15.0
 2026- 04- 09 12: 53: 02,657,0.529,16.0
 2026- 04- 09 12: 53: 03,644,0.519,15.0
 2026- 04- 09 12: 53: 03,660,0.532,16.0
 2026- 04- 09 12: 53: 04,650,0.524,15.0
 2026- 04- 09 12: 53: 04,666,0.537,16.0
 2026- 04- 09 12: 53: 05,673,0.542,16.0
 2026- 04- 09 12: 53: 05,675,0.544,16.0
 2026- 04- 09 12: 53: 06,663,0.534,16.0
 2026- 04- 09 12: 53: 06,647,0.521,15.0
 2026- 04- 09 12: 53: 07,671,0.541,16.0
 2026- 04- 09 12: 53: 07,656,0.529,16.0
 2026- 04- 09 12: 53: 08,701,0.565,17.0
 2026- 04- 09 12: 53: 08,657,0.529,16.0
 2026- 04- 09 12: 53: 09,652,0.525,15.0
 2026- 04- 09 12: 53: 09,678,0.546,16.0
 2026- 04- 09 12: 53: 10,678,0.546,16.0
 2026- 04- 09 12: 53: 10,669,0.539,16.0
 2026- 04- 09 12: 53: 11,674,0.543,16.0
 2026- 04- 09 12: 53: 11,661,0.533,16.0
 2026- 04- 09 12: 53: 12,653,0.526,15.0
 2026- 04- 09 12: 53: 12,669,0.539,16.0
 2026- 04- 09 12: 53: 13,645,0.52,15.0
 2026- 04- 09 12: 53: 13,640,0.516,15.0
 2026- 04- 09 12: 53: 14,640,0.516,15.0
 2026- 04- 09 12: 53: 14,681,0.549,16.0
 2026- 04- 09 12: 53: 15,646,0.521,15.0
 2026- 04- 09 12: 53: 15,674,0.543,16.0
 2026- 04- 09 12: 53: 16,663,0.534,16.0
 2026- 04- 09 12: 53: 16,658,0.53,16.0
 2026- 04- 09 12: 53: 17,645,0.52,15.0
 2026- 04- 09 12: 53: 17,675,0.544,16.0
 2026- 04- 09 12: 53: 18,654,0.527,15.0
 2026- 04- 09 12: 53: 18,678,0.546,16.0
 2026- 04- 09 12: 53: 19,655,0.528,15.0
 2026- 04- 09 12: 53: 19,644,0.519,15.0
 2026- 04- 09 12: 53: 20,658,0.53,16.0
 2026- 04- 09 12: 53: 20,637,0.513,15.0
 2026- 04- 09 12: 53: 21,668,0.538,16.0
 2026- 04- 09 12: 53: 21,662,0.533,16.0
 2026- 04- 09 12: 53: 22,659,0.531,16.0
 2026- 04- 09 12: 53: 22,663,0.534,16.0
 2026- 04- 09 12: 53: 23,631,0.508,15.0
 2026- 04- 09 12: 53: 23,666,0.537,16.0
 2026- 04- 09 12: 53: 24,640,0.516,15.0
 2026- 04- 09 12: 53: 24,673,0.542,16.0
 2026- 04- 09 12: 53: 25,663,0.534,16.0
 2026- 04- 09 12: 53: 25,681,0.549,16.0
 2026- 04- 09 12: 53: 26,655,0.528,15.0
 2026- 04- 09 12: 53: 26,656,0.529,16.0
 2026- 04- 09 12: 53: 27,646,0.521,15.0
 2026- 04- 09 12: 53: 27,633,0.51,15.0
 2026- 04- 09 12: 53: 28,656,0.529,16.0
 2026- 04- 09 12: 53: 28,663,0.534,16.0
 2026- 04- 09 12: 53: 29,644,0.519,15.0
 2026- 04- 09 12: 53: 29,688,0.554,16.0
 2026- 04- 09 12: 53: 30,658,0.53,16.0
 2026- 04- 09 12: 53: 30,630,0.508,15.0
 2026- 04- 09 12: 53: 31,657,0.529,16.0
 2026- 04- 09 12: 53: 31,662,0.533,16.0
 2026- 04- 09 12: 53: 32,683,0.55,16.0
 2026- 04- 09 12: 53: 32,681,0.549,16.0
 2026- 04- 09 12: 53: 33,656,0.529,16.0
 2026- 04- 09 12: 53: 33,640,0.516,15.0
 2026- 04- 09 12: 53: 34,656,0.529,16.0
 2026- 04- 09 12: 53: 34,640,0.516,15.0
 2026- 04- 09 12: 53: 35,657,0.529,16.0
 2026- 04- 09 12: 53: 35,685,0.552,16.0
 2026- 04- 09 12: 53: 36,640,0.516,15.0
 2026- 04- 09 12: 53: 36,615,0.496,15.0
 2026- 04- 09 12: 53: 37,656,0.529,16.0
 2026- 04- 09 12: 53: 37,654,0.527,15.0
 2026- 04- 09 12: 53: 38,667,0.538,16.0
 2026- 04- 09 12: 53: 38,669,0.539,16.0
 2026- 04- 09 12: 53: 39,656,0.529,16.0
 2026- 04- 09 12: 53: 39,651,0.525,15.0
 2026- 04- 09 12: 53: 40,656,0.529,16.0
 2026- 04- 09 12: 53: 40,672,0.542,16.0
 2026- 04- 09 12: 53: 41,659,0.531,16.0
 2026- 04- 09 12: 53: 41,644,0.519,15.0
 2026- 04- 09 12: 53: 42,663,0.534,16.0
 2026- 04- 09 12: 53: 42,670,0.54,16.0
 2026- 04- 09 12: 53: 43,631,0.508,15.0
 2026- 04- 09 12: 53: 43,650,0.524,15.0
 2026- 04- 09 12: 53: 44,659,0.531,16.0
 2026- 04- 09 12: 53: 44,626,0.504,15.0
 2026- 04- 09 12: 53: 45,641,0.517,15.0
 2026- 04- 09 12: 53: 45,674,0.543,16.0
 2026- 04- 09 12: 53: 46,653,0.526,15.0
 2026- 04- 09 12: 53: 46,655,0.528,15.0
 2026- 04- 09 12: 53: 47,654,0.527,15.0
 2026- 04- 09 12: 53: 47,660,0.532,16.0
 2026- 04- 09 12: 53: 48,685,0.552,16.0
 2026- 04- 09 12: 53: 48,653,0.526,15.0
 2026- 04- 09 12: 53: 49,637,0.513,15.0
 2026- 04- 09 12: 53: 49,667,0.538,16.0
 2026- 04- 09 12: 53: 50,640,0.516,15.0
 2026- 04- 09 12: 53: 50,640,0.516,15.0
 2026- 04- 09 12: 53: 51,647,0.521,15.0
 2026- 04- 09 12: 53: 51,673,0.542,16.0
 2026- 04- 09 12: 53: 52,667,0.538,16.0
 2026- 04- 09 12: 53: 52,688,0.554,16.0
 2026- 04- 09 12: 53: 53,661,0.533,16.0
 2026- 04- 09 12: 53: 53,663,0.534,16.0
 2026- 04- 09 12: 53: 54,639,0.515,15.0
 2026- 04- 09 12: 53: 54,678,0.546,16.0
 2026- 04- 09 12: 53: 55,649,0.523,15.0
 2026- 04- 09 12: 53: 55,647,0.521,15.0
 2026- 04- 09 12: 53: 56,653,0.526,15.0
 2026- 04- 09 12: 53: 56,669,0.539,16.0
 2026- 04- 09 12: 53: 57,634,0.511,15.0
 2026- 04- 09 12: 53: 57,677,0.546,16.0
 2026- 04- 09 12: 53: 58,642,0.517,15.0
 2026- 04- 09 12: 53: 58,674,0.543,16.0
 2026- 04- 09 12: 53: 59,663,0.534,16.0
 2026- 04- 09 12: 53: 59,671,0.541,16.0
 2026- 04- 09 12: 54: 00,656,0.529,16.0
 2026- 04- 09 12: 54: 00,639,0.515,15.0
 2026- 04- 09 12: 54: 01,653,0.526,15.0
 2026- 04- 09 12: 54: 01,629,0.507,15.0
 2026- 04- 09 12: 54: 02,654,0.527,15.0
 2026- 04- 09 12: 54: 02,636,0.513,15.0
 2026- 04- 09 12: 54: 03,656,0.529,16.0
 2026- 04- 09 12: 54: 03,692,0.558,16.0
 2026- 04- 09 12: 54: 04,655,0.528,15.0
 2026- 04- 09 12: 54: 04,684,0.551,16.0
 2026- 04- 09 12: 54: 05,615,0.496,15.0
 2026- 04- 09 12: 54: 05,660,0.532,16.0
 2026- 04- 09 12: 54: 06,657,0.529,16.0
 2026- 04- 09 12: 54: 06,653,0.526,15.0
 2026- 04- 09 12: 54: 07,672,0.542,16.0
 2026- 04- 09 12: 54: 07,647,0.521,15.0
 2026- 04- 09 12: 54: 08,679,0.547,16.0
 2026- 04- 09 12: 54: 08,654,0.527,15.0
 2026- 04- 09 12: 54: 09,655,0.528,15.0
 2026- 04- 09 12: 54: 09,615,0.496,15.0
 2026- 04- 09 12: 54: 10,643,0.518,15.0
 2026- 04- 09 12: 54: 10,638,0.514,15.0
 2026- 04- 09 12: 54: 11,655,0.528,15.0
 2026- 04- 09 12: 54: 11,656,0.529,16.0
 2026- 04- 09 12: 54: 12,661,0.533,16.0
 2026- 04- 09 12: 54: 12,663,0.534,16.0
 2026- 04- 09 12: 54: 13,667,0.538,16.0
 2026- 04- 09 12: 54: 13,634,0.511,15.0
 2026- 04- 09 12: 54: 14,662,0.533,16.0
 2026- 04- 09 12: 54: 14,667,0.538,16.0
 2026- 04- 09 12: 54: 15,644,0.519,15.0
 2026- 04- 09 12: 54: 15,648,0.522,15.0
 2026- 04- 09 12: 54: 16,669,0.539,16.0
 2026- 04- 09 12: 54: 16,651,0.525,15.0
 2026- 04- 09 12: 54: 17,657,0.529,16.0
 2026- 04- 09 12: 54: 17,661,0.533,16.0
 2026- 04- 09 12: 54: 18,677,0.546,16.0
 2026- 04- 09 12: 54: 18,654,0.527,15.0
 2026- 04- 09 12: 54: 19,642,0.517,15.0
 2026- 04- 09 12: 54: 19,678,0.546,16.0
 2026- 04- 09 12: 54: 20,653,0.526,15.0
 2026- 04- 09 12: 54: 20,669,0.539,16.0
 2026- 04- 09 12: 54: 21,671,0.541,16.0
 2026- 04- 09 12: 54: 21,677,0.546,16.0
 2026- 04- 09 12: 54: 22,655,0.528,15.0
 2026- 04- 09 12: 54: 22,653,0.526,15.0
 2026- 04- 09 12: 54: 23,645,0.52,15.0
 2026- 04- 09 12: 54: 23,651,0.525,15.0
 2026- 04- 09 12: 54: 24,675,0.544,16.0
 2026- 04- 09 12: 54: 24,692,0.558,16.0
 2026- 04- 09 12: 54: 25,693,0.558,16.0
 2026- 04- 09 12: 54: 25,677,0.546,16.0
 2026- 04- 09 12: 54: 26,650,0.524,15.0
 2026- 04- 09 12: 54: 26,669,0.539,16.0
 2026- 04- 09 12: 54: 27,662,0.533,16.0
 2026- 04- 09 12: 54: 27,662,0.533,16.0
 2026- 04- 09 12: 54: 28,656,0.529,16.0
 2026- 04- 09 12: 54: 28,654,0.527,15.0
 2026- 04- 09 12: 54: 29,669,0.539,16.0
 2026- 04- 09 12: 54: 29,657,0.529,16.0
 2026- 04- 09 12: 54: 30,647,0.521,15.0
 2026- 04- 09 12: 54: 30,634,0.511,15.0
 2026- 04- 09 12: 54: 31,675,0.544,16.0
 2026- 04- 09 12: 54: 31,642,0.517,15.0
 2026- 04- 09 12: 54: 32,681,0.549,16.0
 2026- 04- 09 12: 54: 32,637,0.513,15.0
 2026- 04- 09 12: 54: 33,648,0.522,15.0
 2026- 04- 09 12: 54: 33,647,0.521,15.0
 2026- 04- 09 12: 54: 34,667,0.538,16.0
 2026- 04- 09 12: 54: 34,656,0.529,16.0
 2026- 04- 09 12: 54: 35,688,0.554,16.0
 2026- 04- 09 12: 54: 35,670,0.54,16.0
 2026- 04- 09 12: 54: 36,671,0.541,16.0
 2026- 04- 09 12: 54: 36,656,0.529,16.0
 2026- 04- 09 12: 54: 37,644,0.519,15.0
 2026- 04- 09 12: 54: 37,656,0.529,16.0
 2026- 04- 09 12: 54: 38,650,0.524,15.0
 2026- 04- 09 12: 54: 38,677,0.546,16.0
 2026- 04- 09 12: 54: 39,671,0.541,16.0
 2026- 04- 09 12: 54: 39,662,0.533,16.0
 2026- 04- 09 12: 54: 40,651,0.525,15.0
 2026- 04- 09 12: 54: 40,678,0.546,16.0
 2026- 04- 09 12: 54: 41,683,0.55,16.0
 2026- 04- 09 12: 54: 41,677,0.546,16.0
 2026- 04- 09 12: 54: 42,655,0.528,15.0
 2026- 04- 09 12: 54: 42,683,0.55,16.0
 2026- 04- 09 12: 54: 43,610,0.492,14.0
 2026- 04- 09 12: 54: 43,654,0.527,15.0
 2026- 04- 09 12: 54: 44,665,0.536,16.0
 2026- 04- 09 12: 54: 44,650,0.524,15.0
 2026- 04- 09 12: 54: 45,638,0.514,15.0
 2026- 04- 09 12: 54: 45,631,0.508,15.0
 2026- 04- 09 12: 54: 46,673,0.542,16.0
 2026- 04- 09 12: 54: 46,642,0.517,15.0
 2026- 04- 09 12: 54: 47,650,0.524,15.0
 2026- 04- 09 12: 54: 47,686,0.553,16.0
 2026- 04- 09 12: 54: 48,662,0.533,16.0
 2026- 04- 09 12: 54: 48,655,0.528,15.0
 2026- 04- 09 12: 54: 49,656,0.529,16.0
 2026- 04- 09 12: 54: 49,656,0.529,16.0
 2026- 04- 09 12: 54: 50,624,0.503,15.0
 2026- 04- 09 12: 54: 50,640,0.516,15.0
 2026- 04- 09 12: 54: 51,674,0.543,16.0
 2026- 04- 09 12: 54: 51,637,0.513,15.0
 2026- 04- 09 12: 54: 52,656,0.529,16.0
 2026- 04- 09 12: 54: 52,656,0.529,16.0
 2026- 04- 09 12: 54: 53,661,0.533,16.0
 2026- 04- 09 12: 54: 53,635,0.512,15.0
 2026- 04- 09 12: 54: 54,645,0.52,15.0
 2026- 04- 09 12: 54: 54,670,0.54,16.0
 2026- 04- 09 12: 54: 55,656,0.529,16.0
 2026- 04- 09 12: 54: 55,671,0.541,16.0
 2026- 04- 09 12: 54: 56,669,0.539,16.0
 2026- 04- 09 12: 54: 56,648,0.522,15.0
 2026- 04- 09 12: 54: 57,643,0.518,15.0
 2026- 04- 09 12: 54: 57,677,0.546,16.0
 2026- 04- 09 12: 54: 58,646,0.521,15.0
 2026- 04- 09 12: 54: 58,624,0.503,15.0
 2026- 04- 09 12: 54: 59,667,0.538,16.0
 2026- 04- 09 12: 54: 59,673,0.542,16.0
 2026- 04- 09 12: 55: 00,637,0.513,15.0
 2026- 04- 09 12: 55: 00,662,0.533,16.0
 2026- 04- 09 12: 55: 01,652,0.525,15.0
 2026- 04- 09 12: 55: 01,657,0.529,16.0
 2026- 04- 09 12: 55: 02,631,0.508,15.0
 2026- 04- 09 12: 55: 02,659,0.531,16.0
 2026- 04- 09 12: 55: 03,619,0.499,15.0
 2026- 04- 09 12: 55: 03,624,0.503,15.0
 2026- 04- 09 12: 55: 04,672,0.542,16.0
 2026- 04- 09 12: 55: 04,639,0.515,15.0
 2026- 04- 09 12: 55: 05,683,0.55,16.0
 2026- 04- 09 12: 55: 05,662,0.533,16.0
 2026- 04- 09 12: 55: 06,655,0.528,15.0
 2026- 04- 09 12: 55: 06,659,0.531,16.0
 2026- 04- 09 12: 55: 07,673,0.542,16.0
 2026- 04- 09 12: 55: 07,650,0.524,15.0
 2026- 04- 09 12: 55: 08,639,0.515,15.0
 2026- 04- 09 12: 55: 08,669,0.539,16.0
 2026- 04- 09 12: 55: 09,643,0.518,15.0
 2026- 04- 09 12: 55: 09,643,0.518,15.0
 2026- 04- 09 12: 55: 10,656,0.529,16.0
 2026- 04- 09 12: 55: 10,643,0.518,15.0
 2026- 04- 09 12: 55: 11,667,0.538,16.0
 2026- 04- 09 12: 55: 11,662,0.533,16.0
 2026- 04- 09 12: 55: 12,656,0.529,16.0
 2026- 04- 09 12: 55: 12,656,0.529,16.0
 2026- 04- 09 12: 55: 13,651,0.525,15.0
 2026- 04- 09 12: 55: 13,662,0.533,16.0
 2026- 04- 09 12: 55: 14,656,0.529,16.0
 2026- 04- 09 12: 55: 14,655,0.528,15.0
 2026- 04- 09 12: 55: 15,624,0.503,15.0
 2026- 04- 09 12: 55: 15,653,0.526,15.0
 2026- 04- 09 12: 55: 16,631,0.508,15.0
 2026- 04- 09 12: 55: 16,674,0.543,16.0
 2026- 04- 09 12: 55: 17,677,0.546,16.0
 2026- 04- 09 12: 55: 17,674,0.543,16.0
 2026- 04- 09 12: 55: 18,665,0.536,16.0
 2026- 04- 09 12: 55: 18,656,0.529,16.0
 2026- 04- 09 12: 55: 19,677,0.546,16.0
 2026- 04- 09 12: 55: 19,671,0.541,16.0
 2026- 04- 09 12: 55: 20,683,0.55,16.0
 2026- 04- 09 12: 55: 20,637,0.513,15.0
 2026- 04- 09 12: 55: 21,653,0.526,15.0
 2026- 04- 09 12: 55: 21,675,0.544,16.0
 2026- 04- 09 12: 55: 22,634,0.511,15.0
 2026- 04- 09 12: 55: 22,647,0.521,15.0
 2026- 04- 09 12: 55: 23,669,0.539,16.0
 2026- 04- 09 12: 55: 23,667,0.538,16.0
 2026- 04- 09 12: 55: 24,667,0.538,16.0
 2026- 04- 09 12: 55: 24,635,0.512,15.0
 2026- 04- 09 12: 55: 25,656,0.529,16.0
 2026- 04- 09 12: 55: 25,664,0.535,16.0
 2026- 04- 09 12: 55: 26,656,0.529,16.0
 2026- 04- 09 12: 55: 26,662,0.533,16.0
 2026- 04- 09 12: 55: 27,668,0.538,16.0
 2026- 04- 09 12: 55: 27,672,0.542,16.0
 2026- 04- 09 12: 55: 28,640,0.516,15.0
 2026- 04- 09 12: 55: 28,640,0.516,15.0
 2026- 04- 09 12: 55: 29,658,0.53,16.0
 2026- 04- 09 12: 55: 29,647,0.521,15.0
 2026- 04- 09 12: 55: 30,647,0.521,15.0
 2026- 04- 09 12: 55: 30,670,0.54,16.0
 2026- 04- 09 12: 55: 31,657,0.529,16.0
 2026- 04- 09 12: 55: 31,665,0.536,16.0
 2026- 04- 09 12: 55: 32,635,0.512,15.0
 2026- 04- 09 12: 55: 32,671,0.541,16.0
 2026- 04- 09 12: 55: 33,671,0.541,16.0
 2026- 04- 09 12: 55: 33,647,0.521,15.0
 2026- 04- 09 12: 55: 34,647,0.521,15.0
 2026- 04- 09 12: 55: 34,662,0.533,16.0
 2026- 04- 09 12: 55: 35,687,0.554,16.0
 2026- 04- 09 12: 55: 35,670,0.54,16.0
 2026- 04- 09 12: 55: 36,635,0.512,15.0
 2026- 04- 09 12: 55: 36,662,0.533,16.0
 2026- 04- 09 12: 55: 37,657,0.529,16.0
 2026- 04- 09 12: 55: 37,659,0.531,16.0
 2026- 04- 09 12: 55: 38,659,0.531,16.0
 2026- 04- 09 12: 55: 38,663,0.534,16.0
 2026- 04- 09 12: 55: 39,641,0.517,15.0
 2026- 04- 09 12: 55: 39,641,0.517,15.0
 2026- 04- 09 12: 55: 40,656,0.529,16.0
 2026- 04- 09 12: 55: 40,667,0.538,16.0
 2026- 04- 09 12: 55: 41,640,0.516,15.0
 2026- 04- 09 12: 55: 41,666,0.537,16.0
 2026- 04- 09 12: 55: 42,687,0.554,16.0
 2026- 04- 09 12: 55: 42,620,0.5,15.0
 2026- 04- 09 12: 55: 43,642,0.517,15.0
 2026- 04- 09 12: 55: 43,651,0.525,15.0
 2026- 04- 09 12: 55: 44,673,0.542,16.0
 2026- 04- 09 12: 55: 44,655,0.528,15.0
 2026- 04- 09 12: 55: 45,651,0.525,15.0
 2026- 04- 09 12: 55: 45,645,0.52,15.0
 2026- 04- 09 12: 55: 46,672,0.542,16.0
 2026- 04- 09 12: 55: 46,622,0.501,15.0
 2026- 04- 09 12: 55: 47,672,0.542,16.0
 2026- 04- 09 12: 55: 47,672,0.542,16.0
 2026- 04- 09 12: 55: 48,677,0.546,16.0
 2026- 04- 09 12: 55: 48,671,0.541,16.0
 2026- 04- 09 12: 55: 49,627,0.505,15.0
 2026- 04- 09 12: 55: 49,646,0.521,15.0
 2026- 04- 09 12: 55: 50,677,0.546,16.0
 2026- 04- 09 12: 55: 50,646,0.521,15.0
 2026- 04- 09 12: 55: 51,643,0.518,15.0
 2026- 04- 09 12: 55: 51,653,0.526,15.0
 2026- 04- 09 12: 55: 52,672,0.542,16.0
 2026- 04- 09 12: 55: 52,657,0.529,16.0
 2026- 04- 09 12: 55: 53,664,0.535,16.0
 2026- 04- 09 12: 55: 53,659,0.531,16.0
 2026- 04- 09 12: 55: 54,655,0.528,15.0
 2026- 04- 09 12: 55: 54,653,0.526,15.0
 2026- 04- 09 12: 55: 55,653,0.526,15.0
 2026- 04- 09 12: 55: 55,653,0.526,15.0
 2026- 04- 09 12: 55: 56,668,0.538,16.0
 2026- 04- 09 12: 55: 56,679,0.547,16.0
 2026- 04- 09 12: 55: 57,657,0.529,16.0
 2026- 04- 09 12: 55: 57,654,0.527,15.0
 2026- 04- 09 12: 55: 58,647,0.521,15.0
 2026- 04- 09 12: 55: 58,662,0.533,16.0
 2026- 04- 09 12: 55: 59,631,0.508,15.0
 2026- 04- 09 12: 55: 59,634,0.511,15.0
 2026- 04- 09 12: 56: 00,677,0.546,16.0
 2026- 04- 09 12: 56: 00,647,0.521,15.0
 2026- 04- 09 12: 56: 01,662,0.533,16.0
 2026- 04- 09 12: 56: 01,639,0.515,15.0
 2026- 04- 09 12: 56: 02,675,0.544,16.0
 2026- 04- 09 12: 56: 02,666,0.537,16.0
 2026- 04- 09 12: 56: 03,650,0.524,15.0
 2026- 04- 09 12: 56: 03,656,0.529,16.0
 2026- 04- 09 12: 56: 04,663,0.534,16.0
 2026- 04- 09 12: 56: 04,656,0.529,16.0
 2026- 04- 09 12: 56: 05,644,0.519,15.0
 2026- 04- 09 12: 56: 05,653,0.526,15.0
 2026- 04- 09 12: 56: 06,624,0.503,15.0
 2026- 04- 09 12: 56: 06,659,0.531,16.0
 2026- 04- 09 12: 56: 07,631,0.508,15.0
 2026- 04- 09 12: 56: 07,645,0.52,15.0
 2026- 04- 09 12: 56: 08,660,0.532,16.0
 2026- 04- 09 12: 56: 08,639,0.515,15.0
 2026- 04- 09 12: 56: 09,641,0.517,15.0
 2026- 04- 09 12: 56: 09,678,0.546,16.0
 2026- 04- 09 12: 56: 10,653,0.526,15.0
 2026- 04- 09 12: 56: 10,640,0.516,15.0
 2026- 04- 09 12: 56: 11,650,0.524,15.0
 2026- 04- 09 12: 56: 11,656,0.529,16.0
 2026- 04- 09 12: 56: 12,649,0.523,15.0
 2026- 04- 09 12: 56: 12,652,0.525,15.0
 2026- 04- 09 12: 56: 13,654,0.527,15.0
 2026- 04- 09 12: 56: 13,656,0.529,16.0
 2026- 04- 09 12: 56: 14,653,0.526,15.0
 2026- 04- 09 12: 56: 14,635,0.512,15.0
 2026- 04- 09 12: 56: 15,627,0.505,15.0
 2026- 04- 09 12: 56: 15,656,0.529,16.0
 2026- 04- 09 12: 56: 16,642,0.517,15.0
 2026- 04- 09 12: 56: 16,677,0.546,16.0
 2026- 04- 09 12: 56: 17,673,0.542,16.0
 2026- 04- 09 12: 56: 17,653,0.526,15.0
 2026- 04- 09 12: 56: 18,670,0.54,16.0
 2026- 04- 09 12: 56: 18,669,0.539,16.0
 2026- 04- 09 12: 56: 19,643,0.518,15.0
 2026- 04- 09 12: 56: 19,647,0.521,15.0
 2026- 04- 09 12: 56: 20,642,0.517,15.0
 2026- 04- 09 12: 56: 20,667,0.538,16.0
 2026- 04- 09 12: 56: 21,669,0.539,16.0
 2026- 04- 09 12: 56: 21,656,0.529,16.0
 2026- 04- 09 12: 56: 22,650,0.524,15.0
 2026- 04- 09 12: 56: 22,677,0.546,16.0
 2026- 04- 09 12: 56: 23,661,0.533,16.0
 2026- 04- 09 12: 56: 23,656,0.529,16.0
 2026- 04- 09 12: 56: 24,660,0.532,16.0
 2026- 04- 09 12: 56: 24,645,0.52,15.0
 2026- 04- 09 12: 56: 25,662,0.533,16.0
 2026- 04- 09 12: 56: 25,653,0.526,15.0
 2026- 04- 09 12: 56: 26,653,0.526,15.0
 2026- 04- 09 12: 56: 26,665,0.536,16.0
 2026- 04- 09 12: 56: 27,665,0.536,16.0
 2026- 04- 09 12: 56: 27,688,0.554,16.0
 2026- 04- 09 12: 56: 28,659,0.531,16.0
 2026- 04- 09 12: 56: 28,648,0.522,15.0
 2026- 04- 09 12: 56: 29,670,0.54,16.0
 2026- 04- 09 12: 56: 29,647,0.521,15.0
 2026- 04- 09 12: 56: 30,639,0.515,15.0
 2026- 04- 09 12: 56: 30,669,0.539,16.0
 2026- 04- 09 12: 56: 31,650,0.524,15.0
 2026- 04- 09 12: 56: 31,624,0.503,15.0
 2026- 04- 09 12: 56: 32,670,0.54,16.0
 2026- 04- 09 12: 56: 32,656,0.529,16.0
 2026- 04- 09 12: 56: 33,656,0.529,16.0
 2026- 04- 09 12: 56: 33,662,0.533,16.0
 2026- 04- 09 12: 56: 34,667,0.538,16.0
 2026- 04- 09 12: 56: 34,646,0.521,15.0
 2026- 04- 09 12: 56: 35,640,0.516,15.0
 2026- 04- 09 12: 56: 35,647,0.521,15.0
 2026- 04- 09 12: 56: 36,655,0.528,15.0
 2026- 04- 09 12: 56: 36,638,0.514,15.0
 2026- 04- 09 12: 56: 37,625,0.504,15.0
 2026- 04- 09 12: 56: 37,679,0.547,16.0
 2026- 04- 09 12: 56: 38,650,0.524,15.0
 2026- 04- 09 12: 56: 38,644,0.519,15.0
 2026- 04- 09 12: 56: 39,658,0.53,16.0
 2026- 04- 09 12: 56: 39,613,0.494,14.0
 2026- 04- 09 12: 56: 40,617,0.497,15.0
 2026- 04- 09 12: 56: 40,646,0.521,15.0
 2026- 04- 09 12: 56: 41,649,0.523,15.0
 2026- 04- 09 12: 56: 41,659,0.531,16.0
 2026- 04- 09 12: 56: 42,624,0.503,15.0
 2026- 04- 09 12: 56: 42,662,0.533,16.0
 2026- 04- 09 12: 56: 43,660,0.532,16.0
 2026- 04- 09 12: 56: 43,671,0.541,16.0
 2026- 04- 09 12: 56: 44,670,0.54,16.0
 2026- 04- 09 12: 56: 44,656,0.529,16.0
 2026- 04- 09 12: 56: 45,657,0.529,16.0
 2026- 04- 09 12: 56: 45,656,0.529,16.0
 2026- 04- 09 12: 56: 46,634,0.511,15.0
 2026- 04- 09 12: 56: 46,672,0.542,16.0
 2026- 04- 09 12: 56: 47,643,0.518,15.0
 2026- 04- 09 12: 56: 47,666,0.537,16.0
 2026- 04- 09 12: 56: 48,653,0.526,15.0
 2026- 04- 09 12: 56: 48,645,0.52,15.0
 2026- 04- 09 12: 56: 49,645,0.52,15.0
 2026- 04- 09 12: 56: 49,639,0.515,15.0
 2026- 04- 09 12: 56: 50,640,0.516,15.0
 2026- 04- 09 12: 56: 50,656,0.529,16.0
 2026- 04- 09 12: 56: 51,654,0.527,15.0
 2026- 04- 09 12: 56: 51,647,0.521,15.0
 2026- 04- 09 12: 56: 52,661,0.533,16.0
 2026- 04- 09 12: 56: 52,656,0.529,16.0
 2026- 04- 09 12: 56: 53,632,0.509,15.0
 2026- 04- 09 12: 56: 53,643,0.518,15.0
 2026- 04- 09 12: 56: 54,626,0.504,15.0
 2026- 04- 09 12: 56: 54,669,0.539,16.0
 2026- 04- 09 12: 56: 55,673,0.542,16.0
 2026- 04- 09 12: 56: 55,659,0.531,16.0
 2026- 04- 09 12: 56: 56,673,0.542,16.0
 2026- 04- 09 12: 56: 56,640,0.516,15.0
 2026- 04- 09 12: 56: 57,659,0.531,16.0
 2026- 04- 09 12: 56: 57,678,0.546,16.0
 2026- 04- 09 12: 56: 58,674,0.543,16.0
 2026- 04- 09 12: 56: 58,678,0.546,16.0
 2026- 04- 09 12: 56: 59,658,0.53,16.0
 2026- 04- 09 12: 56: 59,656,0.529,16.0
 2026- 04- 09 12: 57: 00,656,0.529,16.0
 2026- 04- 09 12: 57: 00,663,0.534,16.0
 2026- 04- 09 12: 57: 01,624,0.503,15.0
 2026- 04- 09 12: 57: 01,656,0.529,16.0
 2026- 04- 09 12: 57: 02,688,0.554,16.0
 2026- 04- 09 12: 57: 02,625,0.504,15.0
 2026- 04- 09 12: 57: 03,656,0.529,16.0
 2026- 04- 09 12: 57: 03,658,0.53,16.0
 2026- 04- 09 12: 57: 04,652,0.525,15.0
 2026- 04- 09 12: 57: 04,656,0.529,16.0
 2026- 04- 09 12: 57: 05,671,0.541,16.0
 2026- 04- 09 12: 57: 05,645,0.52,15.0
 2026- 04- 09 12: 57: 06,673,0.542,16.0
 2026- 04- 09 12: 57: 06,672,0.542,16.0
 2026- 04- 09 12: 57: 07,645,0.52,15.0
 2026- 04- 09 12: 57: 07,656,0.529,16.0
 2026- 04- 09 12: 57: 08,642,0.517,15.0
 2026- 04- 09 12: 57: 08,642,0.517,15.0
 2026- 04- 09 12: 57: 09,649,0.523,15.0
 2026- 04- 09 12: 57: 09,662,0.533,16.0
 2026- 04- 09 12: 57: 10,662,0.533,16.0
 2026- 04- 09 12: 57: 10,639,0.515,15.0
 2026- 04- 09 12: 57: 11,672,0.542,16.0
 2026- 04- 09 12: 57: 11,644,0.519,15.0
 2026- 04- 09 12: 57: 12,673,0.542,16.0
 2026- 04- 09 12: 57: 12,641,0.517,15.0
 2026- 04- 09 12: 57: 13,655,0.528,15.0
 2026- 04- 09 12: 57: 13,666,0.537,16.0
 2026- 04- 09 12: 57: 14,633,0.51,15.0
 2026- 04- 09 12: 57: 14,648,0.522,15.0
 2026- 04- 09 12: 57: 15,643,0.518,15.0
 2026- 04- 09 12: 57: 15,657,0.529,16.0
 2026- 04- 09 12: 57: 16,630,0.508,15.0
 2026- 04- 09 12: 57: 16,654,0.527,15.0
 2026- 04- 09 12: 57: 17,662,0.533,16.0
 2026- 04- 09 12: 57: 17,645,0.52,15.0
 2026- 04- 09 12: 57: 18,663,0.534,16.0
 2026- 04- 09 12: 57: 18,658,0.53,16.0
 2026- 04- 09 12: 57: 19,661,0.533,16.0
 2026- 04- 09 12: 57: 19,654,0.527,15.0
 2026- 04- 09 12: 57: 20,657,0.529,16.0
 2026- 04- 09 12: 57: 20,685,0.552,16.0
 2026- 04- 09 12: 57: 21,627,0.505,15.0
 2026- 04- 09 12: 57: 21,666,0.537,16.0
 2026- 04- 09 12: 57: 22,675,0.544,16.0
 2026- 04- 09 12: 57: 22,656,0.529,16.0
 2026- 04- 09 12: 57: 23,667,0.538,16.0
 2026- 04- 09 12: 57: 23,635,0.512,15.0
 2026- 04- 09 12: 57: 24,646,0.521,15.0
 2026- 04- 09 12: 57: 24,656,0.529,16.0
 2026- 04- 09 12: 57: 25,677,0.546,16.0
 2026- 04- 09 12: 57: 25,653,0.526,15.0
 2026- 04- 09 12: 57: 26,656,0.529,16.0
 2026- 04- 09 12: 57: 26,656,0.529,16.0
 2026- 04- 09 12: 57: 27,659,0.531,16.0
 2026- 04- 09 12: 57: 27,672,0.542,16.0
 2026- 04- 09 12: 57: 28,700,0.564,17.0
 2026- 04- 09 12: 57: 28,636,0.513,15.0
 2026- 04- 09 12: 57: 29,668,0.538,16.0
 2026- 04- 09 12: 57: 29,668,0.538,16.0
 2026- 04- 09 12: 57: 30,652,0.525,15.0
 2026- 04- 09 12: 57: 30,640,0.516,15.0
 2026- 04- 09 12: 57: 31,639,0.515,15.0
 2026- 04- 09 12: 57: 31,663,0.534,16.0
 2026- 04- 09 12: 57: 32,662,0.533,16.0
 2026- 04- 09 12: 57: 32,654,0.527,15.0
 2026- 04- 09 12: 57: 33,671,0.541,16.0
 2026- 04- 09 12: 57: 33,685,0.552,16.0
 2026- 04- 09 12: 57: 34,650,0.524,15.0
 2026- 04- 09 12: 57: 34,666,0.537,16.0
 2026- 04- 09 12: 57: 35,642,0.517,15.0
 2026- 04- 09 12: 57: 35,669,0.539,16.0
 2026- 04- 09 12: 57: 36,656,0.529,16.0
 2026- 04- 09 12: 57: 36,667,0.538,16.0
 2026- 04- 09 12: 57: 37,669,0.539,16.0
 2026- 04- 09 12: 57: 37,640,0.516,15.0
 2026- 04- 09 12: 57: 38,657,0.529,16.0
 2026- 04- 09 12: 57: 38,647,0.521,15.0
 2026- 04- 09 12: 57: 39,652,0.525,15.0
 2026- 04- 09 12: 57: 39,656,0.529,16.0
 2026- 04- 09 12: 57: 40,660,0.532,16.0
 2026- 04- 09 12: 57: 40,629,0.507,15.0
 2026- 04- 09 12: 57: 41,646,0.521,15.0
 2026- 04- 09 12: 57: 41,683,0.55,16.0
 2026- 04- 09 12: 57: 42,656,0.529,16.0
 2026- 04- 09 12: 57: 42,656,0.529,16.0
 2026- 04- 09 12: 57: 43,688,0.554,16.0
 2026- 04- 09 12: 57: 43,633,0.51,15.0
 2026- 04- 09 12: 57: 44,634,0.511,15.0
 2026- 04- 09 12: 57: 44,669,0.539,16.0
 2026- 04- 09 12: 57: 45,613,0.494,14.0
 2026- 04- 09 12: 57: 45,656,0.529,16.0
 2026- 04- 09 12: 57: 46,656,0.529,16.0
 2026- 04- 09 12: 57: 46,645,0.52,15.0
 2026- 04- 09 12: 57: 47,637,0.513,15.0
 2026- 04- 09 12: 57: 47,656,0.529,16.0
 2026- 04- 09 12: 57: 48,640,0.516,15.0
 2026- 04- 09 12: 57: 48,650,0.524,15.0
 2026- 04- 09 12: 57: 49,645,0.52,15.0
 2026- 04- 09 12: 57: 49,661,0.533,16.0
 2026- 04- 09 12: 57: 50,669,0.539,16.0
 2026- 04- 09 12: 57: 50,650,0.524,15.0
 2026- 04- 09 12: 57: 51,640,0.516,15.0
 2026- 04- 09 12: 57: 51,639,0.515,15.0
 2026- 04- 09 12: 57: 52,656,0.529,16.0
 2026- 04- 09 12: 57: 52,673,0.542,16.0
 2026- 04- 09 12: 57: 53,651,0.525,15.0
 2026- 04- 09 12: 57: 53,663,0.534,16.0
 2026- 04- 09 12: 57: 54,630,0.508,15.0
 2026- 04- 09 12: 57: 54,615,0.496,15.0
 2026- 04- 09 12: 57: 55,647,0.521,15.0
 2026- 04- 09 12: 57: 55,638,0.514,15.0
 2026- 04- 09 12: 57: 56,633,0.51,15.0
 2026- 04- 09 12: 57: 56,623,0.502,15.0
 2026- 04- 09 12: 57: 57,635,0.512,15.0
 2026- 04- 09 12: 57: 57,625,0.504,15.0
 2026- 04- 09 12: 57: 58,661,0.533,16.0
 2026- 04- 09 12: 57: 58,633,0.51,15.0
 2026- 04- 09 12: 57: 59,656,0.529,16.0
 2026- 04- 09 12: 57: 59,634,0.511,15.0
 2026- 04- 09 12: 58: 00,664,0.535,16.0
 2026- 04- 09 12: 58: 00,672,0.542,16.0
 2026- 04- 09 12: 58: 01,650,0.524,15.0
 2026- 04- 09 12: 58: 01,635,0.512,15.0
 2026- 04- 09 12: 58: 02,656,0.529,16.0
 2026- 04- 09 12: 58: 02,653,0.526,15.0
 2026- 04- 09 12: 58: 03,652,0.525,15.0
 2026- 04- 09 12: 58: 03,688,0.554,16.0
 2026- 04- 09 12: 58: 04,683,0.55,16.0
 2026- 04- 09 12: 58: 04,675,0.544,16.0
 2026- 04- 09 12: 58: 05,654,0.527,15.0
 2026- 04- 09 12: 58: 05,642,0.517,15.0
 2026- 04- 09 12: 58: 06,663,0.534,16.0
 2026- 04- 09 14: 34: 14,665,0.536,16.0
 2026- 04- 09 14: 34: 14,665,0.536,16.0
 2026- 04- 09 14: 34: 14,665,0.536,16.0
 2026- 04- 09 14: 34: 14,665,0.536,16.0
 2026- 04- 09 14: 34: 14,665,0.536,16.0
 2026- 04- 09 14: 34: 14,665,0.536,16.0
 2026- 04- 09 14: 34: 14,665,0.536,16.0
 2026- 04- 09 14: 34: 14,665,0.536,16.0
 2026- 04- 09 14: 34: 14,665,0.536,16.0
 2026- 04- 09 14: 34: 14,665,0.536,16.0
 2026- 04- 09 14: 34: 14,665,0.536,16.0
 2026- 04- 09 14: 34: 14,665,0.536,16.0
 2026- 04- 09 14: 34: 14,665,0.536,16.0
 2026- 04- 09 14: 34: 14,665,0.536,16.0
 2026- 04- 09 14: 34: 14,665,0.536,16.0
 2026- 04- 09 14: 34: 14,665,0.536,16.0
 2026- 04- 09 14: 34: 14,665,0.536,16.0
 2026- 04- 09 14: 34: 14,665,0.536,16.0
 2026- 04- 09 14: 34: 14,665,0.536,16.0
 2026- 04- 09 14: 34: 14,665,0.536,16.0
 2026- 04- 09 14: 34: 14,665,0.536,16.0
 2026- 04- 09 14: 34: 14,665,0.536,16.0
 2026- 04- 09 14: 34: 14,665,0.536,16.0
 2026- 04- 09 14: 34: 14,665,0.536,16.0
 2026- 04- 09 14: 34: 14,665,0.536,16.0
 2026- 04- 09 14: 34: 14,665,0.536,16.0
 2026- 04- 09 14: 34: 14,665,0.536,16.0
 2026- 04- 09 14: 34: 14,665,0.536,16.0
 2026- 04- 09 14: 34: 14,665,0.536,16.0
 2026- 04- 09 14: 34: 14,665,0.536,16.0
 2026- 04- 09 14: 34: 14,665,0.536,16.0
 2026- 04- 09 14: 34: 14,665,0.536,16.0
 2026- 04- 09 14: 34: 14,665,0.536,16.0
 2026- 04- 09 14: 34: 14,665,0.536,16.0
 2026- 04- 09 14: 34: 14,665,0.536,16.0
 2026- 04- 09 14: 34: 14,665,0.536,16.0
 2026- 04- 09 14: 34: 14,665,0.536,16.0
 2026- 04- 09 14: 34: 14,665,0.536,16.0
 2026- 04- 09 14: 34: 14,665,0.536,16.0
 2026- 04- 09 14: 34: 14,665,0.536,16.0
 2026- 04- 09 14: 34: 14,665,0.536,16.0
 2026- 04- 09 14: 34: 14,665,0.536,16.0
 2026- 04- 09 14: 34: 14,665,0.536,16.0
 2026- 04- 09 14: 34: 14,665,0.536,16.0
 2026- 04- 09 14: 34: 14,665,0.536,16.0
 2026- 04- 09 14: 34: 14,665,0.536,16.0
 2026- 04- 09 14: 34: 14,665,0.536,16.0
 2026- 04- 09 14: 34: 14,665,0.536,16.0
 2026- 04- 09 14: 34: 14,665,0.536,16.0
 2026- 04- 09 14: 34: 14,665,0.536,16.0
 2026- 04- 09 14: 34: 14,665,0.536,16.0
 2026- 04- 09 14: 34: 14,665,0.536,16.0
 2026- 04- 09 14: 34: 14,665,0.536,16.0
 2026- 04- 09 14: 34: 14,665,0.536,16.0
 2026- 04- 09 14: 34: 14,665,0.536,16.0
 2026- 04- 09 14: 34: 14,665,0.536,16.0
 2026- 04- 09 14: 34: 14,665,0.536,16.0
 2026- 04- 09 14: 34: 14,665,0.536,16.0
 2026- 04- 09 14: 34: 14,665,0.536,16.0
 2026- 04- 09 14: 34: 14,665,0.536,16.0
 2026- 04- 09 14: 34: 14,665,0.536,16.0
 2026- 04- 09 14: 34: 14,665,0.536,16.0
 2026- 04- 09 14: 34: 14,665,0.536,16.0
 2026- 04- 09 14: 34: 14,665,0.536,16.0
 2026- 04- 09 14: 34: 14,665,0.536,16.0
 2026- 04- 09 14: 34: 14,665,0.536,16.0
 2026- 04- 09 14: 34: 14,665,0.536,16.0
 2026- 04- 09 14: 34: 14,665,0.536,16.0
 2026- 04- 09 14: 34: 14,665,0.536,16.0
 2026- 04- 09 14: 34: 14,665,0.536,16.0
 2026- 04- 09 14: 34: 14,665,0.536,16.0
 2026- 04- 09 14: 34: 14,665,0.536,16.0
 2026- 04- 09 14: 34: 14,665,0.536,16.0
 2026- 04- 09 14: 34: 14,665,0.536,16.0
 2026- 04- 09 14: 34: 14,665,0.536,16.0
 2026- 04- 09 14: 34: 14,665,0.536,16.0
 2026- 04- 09 14: 34: 14,665,0.536,16.0
 2026- 04- 09 14: 34: 14,665,0.536,16.0
 2026- 04- 09 14: 34: 14,665,0.536,16.0
 2026- 04- 09 14: 34: 14,665,0.536,16.0
 2026- 04- 09 14: 34: 14,665,0.536,16.0
 2026- 04- 09 14: 34: 14,665,0.536,16.0
 2026- 04- 09 14: 34: 14,665,0.536,16.0
 2026- 04- 09 14: 34: 14,665,0.536,16.0
 2026- 04- 09 14: 34: 14,665,0.536,16.0
 2026- 04- 09 14: 34: 14,665,0.536,16.0
 2026- 04- 09 14: 34: 14,665,0.536,16.0
 2026- 04- 09 14: 34: 14,665,0.536,16.0
 2026- 04- 09 14: 34: 14,665,0.536,16.0
 2026- 04- 09 14: 34: 14,665,0.536,16.0
 2026- 04- 09 14: 34: 14,665,0.536,16.0
 2026- 04- 09 14: 34: 14,665,0.536,16.0
 2026- 04- 09 14: 34: 14,665,0.536,16.0
 2026- 04- 09 14: 34: 14,665,0.536,16.0
 2026- 04- 09 14: 34: 14,665,0.536,16.0
 2026- 04- 09 14: 34: 14,665,0.536,16.0
 2026- 04- 09 14: 34: 14,665,0.536,16.0
 2026- 04- 09 14: 34: 14,665,0.536,16.0
 2026- 04- 09 14: 34: 14,665,0.536,16.0
 2026- 04- 09 14: 34: 14,665,0.536,16.0
 2026- 04- 09 14: 34: 14,665,0.536,16.0
 2026- 04- 09 14: 34: 14,665,0.536,16.0
 2026- 04- 09 14: 34: 14,665,0.536,16.0
 2026- 04- 09 14: 34: 14,665,0.536,16.0
 2026- 04- 09 14: 34: 14,665,0.536,16.0
 2026- 04- 09 14: 34: 14,665,0.536,16.0
 2026- 04- 09 14: 34: 14,665,0.536,16.0
 2026- 04- 09 14: 34: 14,665,0.536,16.0
 2026- 04- 09 14: 34: 14,665,0.536,16.0
 2026- 04- 09 14: 34: 14,665,0.536,16.0
 2026- 04- 09 14: 34: 14,665,0.536,16.0
 2026- 04- 09 14: 34: 14,665,0.536,16.0
 2026- 04- 09 14: 34: 14,665,0.536,16.0
 2026- 04- 09 14: 34: 14,665,0.536,16.0
 2026- 04- 09 14: 34: 14,665,0.536,16.0
 2026- 04- 09 14: 34: 14,665,0.536,16.0
 2026- 04- 09 14: 34: 14,665,0.536,16.0
 2026- 04- 09 14: 34: 14,665,0.536,16.0
 2026- 04- 09 14: 34: 14,665,0.536,16.0
 2026- 04- 09 14: 34: 14,665,0.536,16.0
 2026- 04- 09 14: 34: 14,665,0.536,16.0
 2026- 04- 09 14: 34: 14,665,0.536,16.0
 2026- 04- 09 14: 34: 14,665,0.536,16.0
 2026- 04- 09 14: 34: 14,665,0.536,16.0
 2026- 04- 09 14: 34: 14,665,0.536,16.0
 2026- 04- 09 14: 34: 14,665,0.536,16.0
 2026- 04- 09 14: 34: 14,665,0.536,16.0
 2026- 04- 09 14: 34: 14,665,0.536,16.0
 2026- 04- 09 14: 34: 14,665,0.536,16.0
 2026- 04- 09 14: 34: 14,665,0.536,16.0
 2026- 04- 09 14: 34: 14,665,0.536,16.0
 2026- 04- 09 14: 34: 14,665,0.536,16.0
 2026- 04- 09 14: 34: 14,665,0.536,16.0
 2026- 04- 09 14: 34: 14,665,0.536,16.0
 2026- 04- 09 14: 34: 14,665,0.536,16.0
 2026- 04- 09 14: 34: 14,665,0.536,16.0
 2026- 04- 09 14: 34: 14,665,0.536,16.0
 2026- 04- 09 14: 34: 14,663,0.534,16.0
 2026- 04- 09 14: 34: 14,666,0.537,16.0
 2026- 04- 09 14: 34: 14,660,0.532,16.0
 2026- 04- 09 14: 34: 15,664,0.535,16.0
 2026- 04- 09 14: 34: 15,665,0.536,16.0
 2026- 04- 09 14: 34: 16,666,0.537,16.0
 2026- 04- 09 14: 34: 16,667,0.538,16.0
 2026- 04- 09 14: 34: 17,665,0.536,16.0
 2026- 04- 09 14: 34: 17,666,0.537,16.0
 2026- 04- 09 14: 34: 18,661,0.533,16.0
 2026- 04- 09 14: 34: 18,664,0.535,16.0
 2026- 04- 09 14: 34: 19,688,0.554,16.0
 2026- 04- 09 14: 34: 19,662,0.533,16.0
 2026- 04- 09 14: 34: 20,666,0.537,16.0
 2026- 04- 09 14: 34: 20,668,0.538,16.0
 2026- 04- 09 14: 34: 21,666,0.537,16.0
 2026- 04- 09 14: 34: 21,663,0.534,16.0
 2026- 04- 09 14: 34: 22,662,0.533,16.0
 2026- 04- 09 14: 34: 22,663,0.534,16.0
 2026- 04- 09 14: 34: 23,661,0.533,16.0
 2026- 04- 09 14: 34: 23,663,0.534,16.0
 2026- 04- 09 14: 34: 24,663,0.534,16.0
 2026- 04- 09 14: 34: 24,665,0.536,16.0
 2026- 04- 09 14: 34: 25,665,0.536,16.0
 2026- 04- 09 14: 34: 25,670,0.54,16.0
 2026- 04- 09 14: 34: 26,662,0.533,16.0
 2026- 04- 09 14: 34: 26,660,0.532,16.0
 2026- 04- 09 14: 34: 27,661,0.533,16.0
 2026- 04- 09 14: 34: 27,662,0.533,16.0
 2026- 04- 09 14: 34: 28,666,0.537,16.0
 2026- 04- 09 14: 34: 28,664,0.535,16.0
 2026- 04- 09 14: 34: 29,661,0.533,16.0
 2026- 04- 09 14: 34: 29,662,0.533,16.0
 2026- 04- 09 14: 34: 30,661,0.533,16.0
 2026- 04- 09 14: 34: 30,661,0.533,16.0
 2026- 04- 09 14: 34: 31,663,0.534,16.0
 2026- 04- 09 14: 34: 31,662,0.533,16.0
 2026- 04- 09 14: 34: 32,663,0.534,16.0
 2026- 04- 09 14: 34: 32,658,0.53,16.0
 2026- 04- 09 14: 34: 33,662,0.533,16.0
 2026- 04- 09 14: 34: 33,667,0.538,16.0
 2026- 04- 09 14: 34: 34,663,0.534,16.0
 2026- 04- 09 14: 34: 34,666,0.537,16.0
 2026- 04- 09 14: 34: 35,665,0.536,16.0
 2026- 04- 09 14: 34: 35,665,0.536,16.0
 2026- 04- 09 14: 34: 36,661,0.533,16.0
 2026- 04- 09 14: 34: 36,666,0.537,16.0
 2026- 04- 09 14: 34: 37,663,0.534,16.0
 2026- 04- 09 14: 34: 37,666,0.537,16.0
 2026- 04- 09 14: 34: 38,666,0.537,16.0
 2026- 04- 09 14: 34: 38,665,0.536,16.0
 2026- 04- 09 14: 34: 39,663,0.534,16.0
 2026- 04- 09 14: 34: 39,658,0.53,16.0
 2026- 04- 09 14: 34: 40,662,0.533,16.0
 2026- 04- 09 14: 34: 40,667,0.538,16.0
 2026- 04- 09 14: 34: 41,667,0.538,16.0
 2026- 04- 09 14: 34: 41,665,0.536,16.0
 2026- 04- 09 14: 34: 42,661,0.533,16.0
 2026- 04- 09 14: 34: 42,676,0.545,16.0
 2026- 04- 09 14: 34: 43,662,0.533,16.0
 2026- 04- 09 14: 34: 43,659,0.531,16.0
 2026- 04- 09 14: 34: 44,666,0.537,16.0
 2026- 04- 09 14: 34: 44,662,0.533,16.0
 2026- 04- 09 14: 34: 45,662,0.533,16.0
 2026- 04- 09 14: 34: 45,662,0.533,16.0
 2026- 04- 09 14: 34: 46,666,0.537,16.0
 2026- 04- 09 14: 34: 46,667,0.538,16.0
 2026- 04- 09 14: 34: 47,665,0.536,16.0
 2026- 04- 09 14: 34: 47,673,0.542,16.0
 2026- 04- 09 14: 34: 48,606,0.488,14.0
 2026- 04- 09 14: 34: 48,0,0.0,0.0
 2026- 04- 09 14: 34: 50,0,0.0,0.0
 2026- 04- 09 14: 34: 51,946,0.762,23.0
 2026- 04- 09 14: 34: 51,2033,1.638,49.0
 2026- 04- 09 14: 34: 51,2007,1.617,49.0
 2026- 04- 09 14: 34: 51,2035,1.64,49.0
 2026- 04- 09 14: 34: 51,2041,1.645,49.0
 2026- 04- 09 14: 34: 52,2039,1.643,49.0
 2026- 04- 09 14: 34: 52,2039,1.643,49.0
 2026- 04- 09 14: 34: 53,2039,1.643,49.0
 2026- 04- 09 14: 34: 53,2039,1.643,49.0
 2026- 04- 09 14: 34: 54,2038,1.642,49.0
 2026- 04- 09 14: 34: 54,2026,1.633,49.0
 2026- 04- 09 14: 34: 55,1535,1.237,37.0
 2026- 04- 09 14: 34: 55,1776,1.431,43.0
 2026- 04- 09 14: 34: 56,720,0.58,17.0
 2026- 04- 09 14: 34: 56,1246,1.004,30.0
 2026- 04- 09 14: 34: 57,2009,1.619,49.0
 2026- 04- 09 14: 34: 57,2003,1.614,48.0
 2026- 04- 09 14: 34: 58,2007,1.617,49.0
 2026- 04- 09 14: 34: 58,2009,1.619,49.0
 2026- 04- 09 14: 34: 59,2000,1.612,48.0
 2026- 04- 09 14: 34: 59,2003,1.614,48.0
 2026- 04- 09 14: 35: 00,2002,1.613,48.0
 2026- 04- 09 14: 35: 00,2003,1.614,48.0
 2026- 04- 09 14: 35: 01,2002,1.613,48.0
 2026- 04- 09 14: 35: 01,2002,1.613,48.0
 2026- 04- 09 14: 35: 02,2002,1.613,48.0
 2026- 04- 09 14: 35: 02,2001,1.613,48.0
 2026- 04- 09 14: 35: 03,2003,1.614,48.0
 2026- 04- 09 14: 35: 03,2002,1.613,48.0
 2026- 04- 09 14: 35: 04,2023,1.63,49.0
 2026- 04- 09 14: 35: 04,1997,1.609,48.0
 2026- 04- 09 14: 35: 05,1632,1.315,39.0
 2026- 04- 09 14: 35: 05,800,0.645,19.0
 2026- 04- 09 14: 35: 06,812,0.654,19.0
 2026- 04- 09 14: 35: 06,2482,2.0,60.0
 2026- 04- 09 14: 35: 07,566,0.456,13.0
 2026- 04- 09 14: 35: 07,1954,1.575,47.0
 2026- 04- 09 14: 35: 08,505,0.407,12.0
 2026- 04- 09 14: 35: 08,1821,1.467,44.0
 2026- 04- 09 14: 35: 09,1834,1.478,44.0
 2026- 04- 09 14: 35: 09,1830,1.475,44.0
 2026- 04- 09 14: 35: 10,1840,1.483,44.0
 2026- 04- 09 14: 35: 10,1831,1.476,44.0
 2026- 04- 09 14: 35: 11,1824,1.47,44.0
 2026- 04- 09 14: 35: 11,1829,1.474,44.0
 2026- 04- 09 14: 35: 12,1825,1.471,44.0
 2026- 04- 09 14: 35: 12,1829,1.474,44.0
 2026- 04- 09 14: 35: 13,1831,1.476,44.0
 2026- 04- 09 14: 35: 13,1825,1.471,44.0
 2026- 04- 09 14: 35: 14,1825,1.471,44.0
 2026- 04- 09 14: 35: 14,1827,1.472,44.0
 2026- 04- 09 14: 35: 15,1827,1.472,44.0
 2026- 04- 09 14: 35: 15,1826,1.472,44.0
 2026- 04- 09 14: 35: 16,1828,1.473,44.0
 2026- 04- 09 14: 35: 16,1825,1.471,44.0
 2026- 04- 09 14: 35: 17,1826,1.472,44.0
 2026- 04- 09 14: 35: 17,1811,1.459,44.0
 2026- 04- 09 14: 35: 18,1828,1.473,44.0
 2026- 04- 09 14: 35: 18,1825,1.471,44.0
 2026- 04- 09 14: 35: 19,1828,1.473,44.0
 2026- 04- 09 14: 35: 19,1823,1.469,44.0
 2026- 04- 09 14: 35: 20,1833,1.477,44.0
 2026- 04- 09 14: 35: 20,1839,1.482,44.0
 2026- 04- 09 14: 35: 21,1824,1.47,44.0
 2026- 04- 09 14: 35: 21,1824,1.47,44.0
 2026- 04- 09 14: 35: 22,1827,1.472,44.0
 2026- 04- 09 14: 35: 22,1824,1.47,44.0
 2026- 04- 09 14: 35: 23,1825,1.471,44.0
 2026- 04- 09 14: 35: 23,1826,1.472,44.0
 2026- 04- 09 14: 35: 24,1826,1.472,44.0
 2026- 04- 09 14: 35: 24,1857,1.496,45.0
 2026- 04- 09 14: 35: 25,1827,1.472,44.0
 2026- 04- 09 14: 35: 25,1828,1.473,44.0
 2026- 04- 09 14: 35: 26,1825,1.471,44.0
 2026- 04- 09 14: 35: 26,1826,1.472,44.0
 2026- 04- 09 14: 35: 27,1826,1.472,44.0
 2026- 04- 09 14: 35: 27,1828,1.473,44.0
 2026- 04- 09 14: 35: 28,1833,1.477,44.0
 2026- 04- 09 14: 35: 28,1826,1.472,44.0
 2026- 04- 09 14: 35: 29,1828,1.473,44.0
 2026- 04- 09 14: 35: 29,1830,1.475,44.0
 2026- 04- 09 14: 35: 30,1829,1.474,44.0
 2026- 04- 09 14: 35: 30,1824,1.47,44.0
 2026- 04- 09 14: 35: 31,1827,1.472,44.0
 2026- 04- 09 14: 35: 31,1829,1.474,44.0
 2026- 04- 09 14: 35: 32,1832,1.476,44.0
 2026- 04- 09 14: 35: 32,1828,1.473,44.0
 2026- 04- 09 14: 35: 33,1827,1.472,44.0
 2026- 04- 09 14: 35: 33,1827,1.472,44.0
 2026- 04- 09 14: 35: 34,1828,1.473,44.0
 2026- 04- 09 14: 35: 34,1827,1.472,44.0
 2026- 04- 09 14: 35: 35,1824,1.47,44.0
 2026- 04- 09 14: 35: 35,1825,1.471,44.0
 2026- 04- 09 14: 35: 36,1835,1.479,44.0
 2026- 04- 09 14: 35: 36,1825,1.471,44.0
 2026- 04- 09 14: 35: 37,1830,1.475,44.0
 2026- 04- 09 14: 35: 37,1833,1.477,44.0
 2026- 04- 09 14: 35: 38,1826,1.472,44.0
 2026- 04- 09 14: 35: 38,1829,1.474,44.0
 2026- 04- 09 14: 35: 39,1830,1.475,44.0
 2026- 04- 09 14: 35: 39,1823,1.469,44.0
 2026- 04- 09 14: 35: 40,1827,1.472,44.0
 2026- 04- 09 14: 35: 40,1828,1.473,44.0
 2026- 04- 09 14: 35: 41,1827,1.472,44.0
 2026- 04- 09 14: 35: 41,1829,1.474,44.0
 2026- 04- 09 14: 35: 42,1826,1.472,44.0
 2026- 04- 09 14: 35: 42,1830,1.475,44.0
 2026- 04- 09 14: 35: 43,1827,1.472,44.0
 2026- 04- 09 14: 35: 43,1825,1.471,44.0
 2026- 04- 09 14: 35: 44,1827,1.472,44.0
 2026- 04- 09 14: 35: 44,1826,1.472,44.0
 2026- 04- 09 14: 35: 45,1826,1.472,44.0
 2026- 04- 09 14: 35: 45,1826,1.472,44.0
 2026- 04- 09 14: 35: 46,1826,1.472,44.0
 2026- 04- 09 14: 35: 46,1823,1.469,44.0
 2026- 04- 09 14: 35: 47,1827,1.472,44.0
 2026- 04- 09 14: 35: 47,1829,1.474,44.0
 2026- 04- 09 14: 35: 48,1827,1.472,44.0
 2026- 04- 09 14: 35: 48,1825,1.471,44.0
 2026- 04- 09 14: 35: 49,1824,1.47,44.0
 2026- 04- 09 14: 35: 49,1829,1.474,44.0
 2026- 04- 09 14: 35: 50,1834,1.478,44.0
 2026- 04- 09 14: 35: 50,1824,1.47,44.0
 2026- 04- 09 14: 35: 51,1827,1.472,44.0
 2026- 04- 09 14: 35: 51,1826,1.472,44.0
 2026- 04- 09 14: 35: 52,1827,1.472,44.0
 2026- 04- 09 14: 35: 52,1827,1.472,44.0
 2026- 04- 09 14: 35: 53,1803,1.453,44.0
 2026- 04- 09 14: 35: 53,1825,1.471,44.0
 2026- 04- 09 14: 35: 54,1825,1.471,44.0
 2026- 04- 09 14: 35: 54,1829,1.474,44.0
 2026- 04- 09 14: 35: 55,1829,1.474,44.0
 2026- 04- 09 14: 35: 55,1828,1.473,44.0
 2026- 04- 09 14: 35: 56,1829,1.474,44.0
 2026- 04- 09 14: 35: 56,1829,1.474,44.0
 2026- 04- 09 14: 35: 57,1825,1.471,44.0
 2026- 04- 09 14: 35: 57,1825,1.471,44.0
 2026- 04- 09 14: 35: 58,1830,1.475,44.0
 2026- 04- 09 14: 35: 58,1825,1.471,44.0
 2026- 04- 09 14: 35: 59,1827,1.472,44.0
 2026- 04- 09 14: 35: 59,1827,1.472,44.0
 2026- 04- 09 14: 36: 00,1829,1.474,44.0
 2026- 04- 09 14: 36: 00,1831,1.476,44.0
 2026- 04- 09 14: 36: 01,1822,1.468,44.0
 2026- 04- 09 14: 36: 01,1826,1.472,44.0
 2026- 04- 09 14: 36: 02,1823,1.469,44.0
 2026- 04- 09 14: 36: 02,1825,1.471,44.0
 2026- 04- 09 14: 36: 03,1825,1.471,44.0
 2026- 04- 09 14: 36: 03,1817,1.464,44.0
 2026- 04- 09 14: 36: 04,1830,1.475,44.0
 2026- 04- 09 14: 36: 04,1826,1.472,44.0
 2026- 04- 09 14: 36: 05,1827,1.472,44.0
 2026- 04- 09 14: 36: 05,1827,1.472,44.0
 2026- 04- 09 14: 36: 06,1829,1.474,44.0
 2026- 04- 09 14: 36: 06,1824,1.47,44.0
 2026- 04- 09 14: 36: 07,1831,1.476,44.0
 2026- 04- 09 14: 36: 07,1829,1.474,44.0
 2026- 04- 09 14: 36: 08,1806,1.455,44.0
 2026- 04- 09 14: 36: 08,1829,1.474,44.0
 2026- 04- 09 14: 36: 09,1828,1.473,44.0
 2026- 04- 09 14: 36: 09,1827,1.472,44.0
 2026- 04- 09 14: 36: 10,1826,1.472,44.0
 2026- 04- 09 14: 36: 10,1826,1.472,44.0
 2026- 04- 09 14: 36: 11,1831,1.476,44.0
 2026- 04- 09 14: 36: 11,1825,1.471,44.0
 2026- 04- 09 14: 36: 12,1827,1.472,44.0
 2026- 04- 09 14: 36: 12,1827,1.472,44.0
 2026- 04- 09 14: 36: 13,1827,1.472,44.0
 2026- 04- 09 14: 36: 13,1829,1.474,44.0
 2026- 04- 09 14: 36: 14,1833,1.477,44.0
 2026- 04- 09 14: 36: 14,1827,1.472,44.0
 2026- 04- 09 14: 36: 15,1827,1.472,44.0
 2026- 04- 09 14: 36: 15,1825,1.471,44.0
 2026- 04- 09 14: 36: 16,1831,1.476,44.0
 2026- 04- 09 14: 36: 16,1825,1.471,44.0
 2026- 04- 09 14: 36: 17,1837,1.48,44.0
 2026- 04- 09 14: 36: 17,1811,1.459,44.0
 2026- 04- 09 14: 36: 18,1830,1.475,44.0
 2026- 04- 09 14: 36: 18,1838,1.481,44.0
 2026- 04- 09 14: 36: 19,1823,1.469,44.0
 2026- 04- 09 14: 36: 19,1829,1.474,44.0
 2026- 04- 09 14: 36: 20,1825,1.471,44.0
 2026- 04- 09 14: 36: 20,1830,1.475,44.0
 2026- 04- 09 14: 36: 21,1831,1.476,44.0
 2026- 04- 09 14: 36: 21,1826,1.472,44.0
 2026- 04- 09 14: 36: 22,1826,1.472,44.0
 2026- 04- 09 14: 36: 22,1823,1.469,44.0
 2026- 04- 09 14: 36: 23,1826,1.472,44.0
 2026- 04- 09 14: 36: 23,1828,1.473,44.0
 2026- 04- 09 14: 36: 24,1827,1.472,44.0
 2026- 04- 09 14: 36: 24,1826,1.472,44.0
 2026- 04- 09 14: 36: 25,1825,1.471,44.0
 2026- 04- 09 14: 36: 25,1827,1.472,44.0
 2026- 04- 09 14: 36: 26,1827,1.472,44.0
 2026- 04- 09 14: 36: 26,1831,1.476,44.0
 2026- 04- 09 14: 36: 27,1827,1.472,44.0
 2026- 04- 09 14: 36: 27,1829,1.474,44.0
 2026- 04- 09 14: 36: 28,1822,1.468,44.0
 2026- 04- 09 14: 36: 28,1826,1.472,44.0
 2026- 04- 09 14: 36: 29,1824,1.47,44.0
 2026- 04- 09 14: 36: 29,1824,1.47,44.0
 2026- 04- 09 14: 36: 30,1823,1.469,44.0
 2026- 04- 09 14: 36: 30,1829,1.474,44.0
 2026- 04- 09 14: 36: 31,1824,1.47,44.0
 2026- 04- 09 14: 36: 31,1827,1.472,44.0
 2026- 04- 09 14: 36: 32,1827,1.472,44.0
 2026- 04- 09 14: 36: 32,1824,1.47,44.0
 2026- 04- 09 14: 36: 33,1827,1.472,44.0
 2026- 04- 09 14: 36: 33,1825,1.471,44.0
 2026- 04- 09 14: 36: 34,1826,1.472,44.0
 2026- 04- 09 14: 36: 34,1827,1.472,44.0
 2026- 04- 09 14: 36: 35,1830,1.475,44.0
 2026- 04- 09 14: 36: 35,1828,1.473,44.0
 2026- 04- 09 14: 36: 36,1799,1.45,43.0
 2026- 04- 09 14: 36: 36,1839,1.482,44.0
 2026- 04- 09 14: 36: 37,1826,1.472,44.0
 2026- 04- 09 14: 36: 37,1830,1.475,44.0
 2026- 04- 09 14: 36: 38,1829,1.474,44.0
 2026- 04- 09 14: 36: 38,1833,1.477,44.0
 2026- 04- 09 14: 36: 39,1843,1.485,45.0
 2026- 04- 09 14: 36: 39,1829,1.474,44.0
 2026- 04- 09 14: 36: 40,1815,1.463,44.0
 2026- 04- 09 14: 36: 40,1863,1.501,45.0
 2026- 04- 09 14: 36: 41,1827,1.472,44.0
 2026- 04- 09 14: 36: 41,1830,1.475,44.0
 2026- 04- 09 14: 36: 42,1826,1.472,44.0
 2026- 04- 09 14: 36: 42,1830,1.475,44.0
 2026- 04- 09 14: 36: 43,1830,1.475,44.0
 2026- 04- 09 14: 36: 43,1828,1.473,44.0
 2026- 04- 09 14: 36: 44,1830,1.475,44.0
 2026- 04- 09 14: 36: 44,1828,1.473,44.0
 2026- 04- 09 14: 36: 45,1825,1.471,44.0
 2026- 04- 09 14: 36: 45,1826,1.472,44.0
 2026- 04- 09 14: 36: 46,1831,1.476,44.0
 2026- 04- 09 14: 36: 46,1826,1.472,44.0
 2026- 04- 09 14: 36: 47,1831,1.476,44.0
 2026- 04- 09 14: 36: 47,1825,1.471,44.0
 2026- 04- 09 14: 36: 48,1831,1.476,44.0
 2026- 04- 09 14: 36: 48,1829,1.474,44.0
 2026- 04- 09 14: 36: 49,1827,1.472,44.0
 2026- 04- 09 14: 36: 49,1833,1.477,44.0
 2026- 04- 09 14: 36: 50,1826,1.472,44.0
 2026- 04- 09 14: 36: 50,1827,1.472,44.0
 2026- 04- 09 14: 36: 51,1831,1.476,44.0
 2026- 04- 09 14: 36: 51,1827,1.472,44.0
 2026- 04- 09 14: 36: 52,1829,1.474,44.0
 2026- 04- 09 14: 36: 52,1824,1.47,44.0
 2026- 04- 09 14: 36: 53,1825,1.471,44.0
 2026- 04- 09 14: 36: 53,1829,1.474,44.0
 2026- 04- 09 14: 36: 54,1828,1.473,44.0
 2026- 04- 09 14: 36: 54,1825,1.471,44.0
 2026- 04- 09 14: 36: 55,1827,1.472,44.0
 2026- 04- 09 14: 36: 55,1826,1.472,44.0
 2026- 04- 09 14: 36: 56,1823,1.469,44.0
 2026- 04- 09 14: 36: 56,1831,1.476,44.0
 2026- 04- 09 14: 36: 57,1826,1.472,44.0
 2026- 04- 09 14: 36: 57,1827,1.472,44.0
 2026- 04- 09 14: 36: 58,1831,1.476,44.0
 2026- 04- 09 14: 36: 58,1830,1.475,44.0
 2026- 04- 09 14: 36: 59,1826,1.472,44.0
 2026- 04- 09 14: 36: 59,1830,1.475,44.0
 2026- 04- 09 14: 37: 00,1829,1.474,44.0
 2026- 04- 09 14: 37: 00,1831,1.476,44.0
 2026- 04- 09 14: 37: 01,1830,1.475,44.0
 2026- 04- 09 14: 37: 01,1829,1.474,44.0
 2026- 04- 09 14: 37: 02,1827,1.472,44.0
 2026- 04- 09 14: 37: 02,1829,1.474,44.0
 2026- 04- 09 14: 37: 03,1840,1.483,44.0
 2026- 04- 09 14: 37: 03,1829,1.474,44.0
 2026- 04- 09 14: 37: 04,1826,1.472,44.0
 2026- 04- 09 14: 37: 04,1807,1.456,44.0
 2026- 04- 09 14: 37: 05,1825,1.471,44.0
 2026- 04- 09 14: 37: 05,1823,1.469,44.0
 2026- 04- 09 14: 37: 06,1829,1.474,44.0
 2026- 04- 09 14: 37: 06,1831,1.476,44.0
 2026- 04- 09 14: 37: 07,1823,1.469,44.0
 2026- 04- 09 14: 37: 07,1824,1.47,44.0
 2026- 04- 09 14: 37: 08,1824,1.47,44.0
 2026- 04- 09 14: 37: 08,1826,1.472,44.0
 2026- 04- 09 14: 37: 09,1830,1.475,44.0
 2026- 04- 09 14: 37: 09,1827,1.472,44.0
 2026- 04- 09 14: 37: 10,1830,1.475,44.0
 2026- 04- 09 14: 37: 10,1829,1.474,44.0
 2026- 04- 09 14: 37: 11,1825,1.471,44.0
 2026- 04- 09 14: 37: 11,1826,1.472,44.0
 2026- 04- 09 14: 37: 12,1827,1.472,44.0
 2026- 04- 09 14: 37: 12,1824,1.47,44.0
 2026- 04- 09 14: 37: 13,1810,1.459,44.0
 2026- 04- 09 14: 37: 13,1825,1.471,44.0
 2026- 04- 09 14: 37: 14,1826,1.472,44.0
 2026- 04- 09 14: 37: 14,1855,1.495,45.0
 2026- 04- 09 14: 37: 15,1829,1.474,44.0
 2026- 04- 09 14: 37: 15,1830,1.475,44.0
 2026- 04- 09 14: 37: 16,1823,1.469,44.0
 2026- 04- 09 14: 37: 16,1826,1.472,44.0
 2026- 04- 09 14: 37: 17,1823,1.469,44.0
 2026- 04- 09 14: 37: 17,1833,1.477,44.0
 2026- 04- 09 14: 37: 18,1828,1.473,44.0
 2026- 04- 09 14: 37: 18,1830,1.475,44.0
 2026- 04- 09 14: 37: 19,1829,1.474,44.0
 2026- 04- 09 14: 37: 19,1828,1.473,44.0
 2026- 04- 09 14: 37: 20,1826,1.472,44.0
 2026- 04- 09 14: 37: 20,1830,1.475,44.0
 2026- 04- 09 14: 37: 21,1830,1.475,44.0
 2026- 04- 09 14: 37: 21,1829,1.474,44.0
 2026- 04- 09 14: 37: 22,1829,1.474,44.0
 2026- 04- 09 14: 37: 22,1828,1.473,44.0
 2026- 04- 09 14: 37: 23,1827,1.472,44.0
 2026- 04- 09 14: 37: 23,1827,1.472,44.0
 2026- 04- 09 14: 37: 24,1829,1.474,44.0
 2026- 04- 09 14: 37: 24,1826,1.472,44.0
 2026- 04- 09 14: 37: 25,1829,1.474,44.0
 2026- 04- 09 14: 37: 25,1825,1.471,44.0
 2026- 04- 09 14: 37: 26,1831,1.476,44.0
 2026- 04- 09 14: 37: 26,1831,1.476,44.0
 2026- 04- 09 14: 37: 27,1825,1.471,44.0
 2026- 04- 09 14: 37: 27,1831,1.476,44.0
 2026- 04- 09 14: 37: 28,1829,1.474,44.0
 2026- 04- 09 14: 37: 28,1826,1.472,44.0
 2026- 04- 09 14: 37: 29,1826,1.472,44.0
 2026- 04- 09 14: 37: 29,1820,1.467,44.0
 2026- 04- 09 14: 37: 30,1826,1.472,44.0
 2026- 04- 09 14: 37: 30,1827,1.472,44.0
 2026- 04- 09 14: 37: 31,1824,1.47,44.0
 2026- 04- 09 14: 37: 31,1831,1.476,44.0
 2026- 04- 09 14: 37: 32,1825,1.471,44.0
 2026- 04- 09 14: 37: 32,1827,1.472,44.0
 2026- 04- 09 14: 37: 33,1831,1.476,44.0
 2026- 04- 09 14: 37: 33,1828,1.473,44.0
 2026- 04- 09 14: 37: 34,1830,1.475,44.0
 2026- 04- 09 14: 37: 34,1823,1.469,44.0
 2026- 04- 09 14: 37: 35,1834,1.478,44.0
 2026- 04- 09 14: 37: 35,1827,1.472,44.0
 2026- 04- 09 14: 37: 36,1827,1.472,44.0
 2026- 04- 09 14: 37: 36,1829,1.474,44.0
 2026- 04- 09 14: 37: 37,1825,1.471,44.0
 2026- 04- 09 14: 37: 37,1827,1.472,44.0
 2026- 04- 09 14: 37: 38,1827,1.472,44.0
 2026- 04- 09 14: 37: 38,1833,1.477,44.0
 2026- 04- 09 14: 37: 39,1823,1.469,44.0
 2026- 04- 09 14: 37: 39,1827,1.472,44.0
 2026- 04- 09 14: 37: 40,1827,1.472,44.0
 2026- 04- 09 14: 37: 40,1830,1.475,44.0
 2026- 04- 09 14: 37: 41,1827,1.472,44.0
 2026- 04- 09 14: 37: 41,1830,1.475,44.0
 2026- 04- 09 14: 37: 42,1829,1.474,44.0
 2026- 04- 09 14: 37: 42,1830,1.475,44.0
 2026- 04- 09 14: 37: 43,1875,1.511,45.0
 2026- 04- 09 14: 37: 43,1830,1.475,44.0
 2026- 04- 09 14: 37: 44,1829,1.474,44.0
 2026- 04- 09 14: 37: 44,1829,1.474,44.0
 2026- 04- 09 14: 37: 45,1824,1.47,44.0
 2026- 04- 09 14: 37: 45,1826,1.472,44.0
 2026- 04- 09 14: 37: 46,1833,1.477,44.0
 2026- 04- 09 14: 37: 46,1826,1.472,44.0
 2026- 04- 09 14: 37: 47,1830,1.475,44.0
 2026- 04- 09 14: 37: 47,1824,1.47,44.0
 2026- 04- 09 14: 37: 48,1834,1.478,44.0
 2026- 04- 09 14: 37: 48,1827,1.472,44.0
 2026- 04- 09 14: 37: 49,1831,1.476,44.0
 2026- 04- 09 14: 37: 49,1827,1.472,44.0
 2026- 04- 09 14: 37: 50,1830,1.475,44.0
 2026- 04- 09 14: 37: 50,1827,1.472,44.0
 2026- 04- 09 14: 37: 51,1824,1.47,44.0
 2026- 04- 09 14: 37: 51,1827,1.472,44.0
 2026- 04- 09 14: 37: 52,1829,1.474,44.0
 2026- 04- 09 14: 37: 52,1825,1.471,44.0
 2026- 04- 09 14: 37: 53,1829,1.474,44.0
 2026- 04- 09 14: 37: 53,1830,1.475,44.0
 2026- 04- 09 14: 37: 54,1826,1.472,44.0
 2026- 04- 09 14: 37: 54,1827,1.472,44.0
 2026- 04- 09 14: 37: 55,1830,1.475,44.0
 2026- 04- 09 14: 37: 55,1824,1.47,44.0
 2026- 04- 09 14: 37: 56,1829,1.474,44.0
 2026- 04- 09 14: 37: 56,1833,1.477,44.0
 2026- 04- 09 14: 37: 57,1827,1.472,44.0
 2026- 04- 09 14: 37: 57,1827,1.472,44.0
 2026- 04- 09 14: 37: 58,1827,1.472,44.0
 2026- 04- 09 14: 37: 58,1827,1.472,44.0
 2026- 04- 09 14: 37: 59,1823,1.469,44.0
 2026- 04- 09 14: 37: 59,1815,1.463,44.0
 2026- 04- 09 14: 38: 00,1831,1.476,44.0
 2026- 04- 09 14: 38: 00,1823,1.469,44.0
 2026- 04- 09 14: 38: 01,1830,1.475,44.0
 2026- 04- 09 14: 38: 01,1829,1.474,44.0
 2026- 04- 09 14: 38: 02,1829,1.474,44.0
 2026- 04- 09 14: 38: 02,1827,1.472,44.0
 2026- 04- 09 14: 38: 03,1827,1.472,44.0
 2026- 04- 09 14: 38: 03,1825,1.471,44.0
 2026- 04- 09 14: 38: 04,1827,1.472,44.0
 2026- 04- 09 14: 38: 04,1829,1.474,44.0
 2026- 04- 09 14: 38: 05,1826,1.472,44.0
 2026- 04- 09 14: 38: 05,1826,1.472,44.0
 2026- 04- 09 14: 38: 06,1829,1.474,44.0
 2026- 04- 09 14: 38: 06,1828,1.473,44.0
 2026- 04- 09 14: 38: 07,1825,1.471,44.0
 2026- 04- 09 14: 38: 07,1829,1.474,44.0
 2026- 04- 09 14: 38: 08,1830,1.475,44.0
 2026- 04- 09 14: 38: 08,1819,1.466,44.0
 2026- 04- 09 14: 38: 09,1827,1.472,44.0
 2026- 04- 09 14: 38: 09,1822,1.468,44.0
 2026- 04- 09 14: 38: 10,1827,1.472,44.0
 2026- 04- 09 14: 38: 10,1826,1.472,44.0
 2026- 04- 09 14: 38: 11,1810,1.459,44.0
 2026- 04- 09 14: 38: 11,1827,1.472,44.0
 2026- 04- 09 14: 38: 12,1830,1.475,44.0
 2026- 04- 09 14: 38: 12,1831,1.476,44.0
 2026- 04- 09 14: 38: 13,1826,1.472,44.0
 2026- 04- 09 14: 38: 13,1825,1.471,44.0
 2026- 04- 09 14: 38: 14,1834,1.478,44.0
 2026- 04- 09 14: 38: 14,1829,1.474,44.0
 2026- 04- 09 14: 38: 15,1831,1.476,44.0
 2026- 04- 09 14: 38: 15,1827,1.472,44.0
 2026- 04- 09 14: 38: 16,1827,1.472,44.0
 2026- 04- 09 14: 38: 16,1827,1.472,44.0
 2026- 04- 09 14: 38: 17,1829,1.474,44.0
 2026- 04- 09 14: 38: 17,1823,1.469,44.0
 2026- 04- 09 14: 38: 18,1835,1.479,44.0
 2026- 04- 09 14: 38: 18,1831,1.476,44.0
 2026- 04- 09 14: 38: 19,1831,1.476,44.0
 2026- 04- 09 14: 38: 19,1828,1.473,44.0
 2026- 04- 09 14: 38: 20,1827,1.472,44.0
 2026- 04- 09 14: 38: 20,1827,1.472,44.0
 2026- 04- 09 14: 38: 21,1830,1.475,44.0
 2026- 04- 09 14: 38: 21,1827,1.472,44.0
 2026- 04- 09 14: 38: 22,1834,1.478,44.0
 2026- 04- 09 14: 38: 22,1830,1.475,44.0
 2026- 04- 09 14: 38: 23,1826,1.472,44.0
 2026- 04- 09 14: 38: 23,1830,1.475,44.0
 2026- 04- 09 14: 38: 24,1828,1.473,44.0
 2026- 04- 09 14: 38: 24,1830,1.475,44.0
 2026- 04- 09 14: 38: 25,1829,1.474,44.0
 2026- 04- 09 14: 38: 25,1829,1.474,44.0
 2026- 04- 09 14: 38: 26,1826,1.472,44.0
 2026- 04- 09 14: 38: 26,1824,1.47,44.0
 2026- 04- 09 14: 38: 27,1831,1.476,44.0
 2026- 04- 09 14: 38: 27,1830,1.475,44.0
 2026- 04- 09 14: 38: 28,1830,1.475,44.0
 2026- 04- 09 14: 38: 28,1829,1.474,44.0
 2026- 04- 09 14: 38: 29,1827,1.472,44.0
 2026- 04- 09 14: 38: 29,1827,1.472,44.0
 2026- 04- 09 14: 38: 30,1837,1.48,44.0
 2026- 04- 09 14: 38: 30,1830,1.475,44.0
 2026- 04- 09 14: 38: 31,1830,1.475,44.0
 2026- 04- 09 14: 38: 31,1827,1.472,44.0
 2026- 04- 09 14: 38: 32,1829,1.474,44.0
 2026- 04- 09 14: 38: 32,1830,1.475,44.0
 2026- 04- 09 14: 38: 33,1823,1.469,44.0
 2026- 04- 09 14: 38: 33,1829,1.474,44.0
 2026- 04- 09 14: 38: 34,1825,1.471,44.0
 2026- 04- 09 14: 38: 34,1830,1.475,44.0
 2026- 04- 09 14: 38: 35,1827,1.472,44.0
 2026- 04- 09 14: 38: 35,1826,1.472,44.0
 2026- 04- 09 14: 38: 36,1829,1.474,44.0
 2026- 04- 09 14: 38: 36,1839,1.482,44.0
 2026- 04- 09 14: 38: 37,1823,1.469,44.0
 2026- 04- 09 14: 38: 37,1833,1.477,44.0
 2026- 04- 09 14: 38: 38,1827,1.472,44.0
 2026- 04- 09 14: 38: 38,1835,1.479,44.0
 2026- 04- 09 14: 38: 39,1827,1.472,44.0
 2026- 04- 09 14: 38: 39,1827,1.472,44.0
 2026- 04- 09 14: 38: 40,1825,1.471,44.0
 2026- 04- 09 14: 38: 40,1831,1.476,44.0
 2026- 04- 09 14: 38: 41,1826,1.472,44.0
 2026- 04- 09 14: 38: 41,1825,1.471,44.0
 2026- 04- 09 14: 38: 42,1828,1.473,44.0
 2026- 04- 09 14: 38: 42,1829,1.474,44.0
 2026- 04- 09 14: 38: 43,1827,1.472,44.0
 2026- 04- 09 14: 38: 43,1810,1.459,44.0
 2026- 04- 09 14: 38: 44,1824,1.47,44.0
 2026- 04- 09 14: 38: 44,1825,1.471,44.0
 2026- 04- 09 14: 38: 45,1827,1.472,44.0
 2026- 04- 09 14: 38: 45,1829,1.474,44.0
 2026- 04- 09 14: 38: 46,1827,1.472,44.0
 2026- 04- 09 14: 38: 46,1829,1.474,44.0
 2026- 04- 09 14: 38: 47,1828,1.473,44.0
 2026- 04- 09 14: 38: 47,1823,1.469,44.0
 2026- 04- 09 14: 38: 48,1827,1.472,44.0
 2026- 04- 09 14: 38: 48,1830,1.475,44.0
 2026- 04- 09 14: 38: 49,1830,1.475,44.0
 2026- 04- 09 14: 38: 49,1820,1.467,44.0
 2026- 04- 09 14: 38: 50,1837,1.48,44.0
 2026- 04- 09 14: 38: 50,1851,1.492,45.0
 2026- 04- 09 14: 38: 51,1828,1.473,44.0
 2026- 04- 09 14: 38: 51,1828,1.473,44.0
 2026- 04- 09 14: 38: 52,1829,1.474,44.0
 2026- 04- 09 14: 38: 52,1844,1.486,45.0
 2026- 04- 09 14: 38: 53,1826,1.472,44.0
 2026- 04- 09 14: 38: 53,1826,1.472,44.0
 2026- 04- 09 14: 38: 54,1824,1.47,44.0
 2026- 04- 09 14: 38: 54,1827,1.472,44.0
 2026- 04- 09 14: 38: 55,1826,1.472,44.0
 2026- 04- 09 14: 38: 55,1829,1.474,44.0
 2026- 04- 09 14: 38: 56,1829,1.474,44.0
 2026- 04- 09 14: 38: 56,1833,1.477,44.0
 2026- 04- 09 14: 38: 57,1829,1.474,44.0
 2026- 04- 09 14: 38: 57,1826,1.472,44.0
 2026- 04- 09 14: 38: 58,1825,1.471,44.0
 2026- 04- 09 14: 38: 58,1831,1.476,44.0
 2026- 04- 09 14: 38: 59,1825,1.471,44.0
 2026- 04- 09 14: 38: 59,1829,1.474,44.0
 2026- 04- 09 14: 39: 00,1826,1.472,44.0
 2026- 04- 09 14: 39: 00,1828,1.473,44.0
 2026- 04- 09 14: 39: 01,1829,1.474,44.0
 2026- 04- 09 14: 39: 01,1825,1.471,44.0
 2026- 04- 09 14: 39: 02,1829,1.474,44.0
 2026- 04- 09 14: 39: 02,1828,1.473,44.0
 2026- 04- 09 14: 39: 03,1830,1.475,44.0
 2026- 04- 09 14: 39: 03,1836,1.48,44.0
 2026- 04- 09 14: 39: 04,1826,1.472,44.0
 2026- 04- 09 14: 39: 04,1826,1.472,44.0
 2026- 04- 09 14: 39: 05,1828,1.473,44.0
 2026- 04- 09 14: 39: 05,1834,1.478,44.0
 2026- 04- 09 14: 39: 06,1826,1.472,44.0
 2026- 04- 09 14: 39: 06,1830,1.475,44.0
 2026- 04- 09 14: 39: 07,1829,1.474,44.0
 2026- 04- 09 14: 39: 07,1830,1.475,44.0
 2026- 04- 09 14: 39: 08,1830,1.475,44.0
 2026- 04- 09 14: 39: 08,1827,1.472,44.0
 2026- 04- 09 14: 39: 09,1830,1.475,44.0
 2026- 04- 09 14: 39: 09,1830,1.475,44.0
 2026- 04- 09 14: 39: 10,1829,1.474,44.0
 2026- 04- 09 14: 39: 10,1827,1.472,44.0
 2026- 04- 09 14: 39: 11,1826,1.472,44.0
 2026- 04- 09 14: 39: 11,1815,1.463,44.0
 2026- 04- 09 14: 39: 12,1829,1.474,44.0
 2026- 04- 09 14: 39: 12,1828,1.473,44.0
 2026- 04- 09 14: 39: 13,1823,1.469,44.0
 2026- 04- 09 14: 39: 13,1830,1.475,44.0
 2026- 04- 09 14: 39: 14,1827,1.472,44.0
 2026- 04- 09 14: 39: 14,1833,1.477,44.0
 2026- 04- 09 14: 39: 15,1828,1.473,44.0
 2026- 04- 09 14: 39: 15,1781,1.435,43.0
 2026- 04- 09 14: 39: 16,1827,1.472,44.0
 2026- 04- 09 14: 39: 16,1829,1.474,44.0
 2026- 04- 09 14: 39: 17,1829,1.474,44.0
 2026- 04- 09 14: 39: 17,1828,1.473,44.0
 2026- 04- 09 14: 39: 18,1826,1.472,44.0
 2026- 04- 09 14: 39: 18,1826,1.472,44.0
 2026- 04- 09 14: 39: 19,1830,1.475,44.0
 2026- 04- 09 14: 39: 19,1826,1.472,44.0
 2026- 04- 09 14: 39: 20,1831,1.476,44.0
 2026- 04- 09 14: 39: 20,1824,1.47,44.0
 2026- 04- 09 14: 39: 21,1826,1.472,44.0
 2026- 04- 09 14: 39: 21,1839,1.482,44.0
 2026- 04- 09 14: 39: 22,1827,1.472,44.0
 2026- 04- 09 14: 39: 22,1826,1.472,44.0
 2026- 04- 09 14: 39: 23,1827,1.472,44.0
 2026- 04- 09 14: 39: 23,1829,1.474,44.0
 2026- 04- 09 14: 39: 24,1826,1.472,44.0
 2026- 04- 09 14: 39: 24,1828,1.473,44.0
 2026- 04- 09 14: 39: 25,1833,1.477,44.0
 2026- 04- 09 14: 39: 25,1830,1.475,44.0
 2026- 04- 09 14: 39: 26,1828,1.473,44.0
 2026- 04- 09 14: 39: 26,1830,1.475,44.0
 2026- 04- 09 14: 39: 27,1827,1.472,44.0
 2026- 04- 09 14: 39: 27,1827,1.472,44.0
 2026- 04- 09 14: 39: 28,1823,1.469,44.0
 2026- 04- 09 14: 39: 28,1830,1.475,44.0
 2026- 04- 09 14: 39: 29,1827,1.472,44.0
 2026- 04- 09 14: 39: 29,1809,1.458,44.0
 2026- 04- 09 14: 39: 30,1831,1.476,44.0
 2026- 04- 09 14: 39: 30,1826,1.472,44.0
 2026- 04- 09 14: 39: 31,1829,1.474,44.0
 2026- 04- 09 14: 39: 31,1827,1.472,44.0
 2026- 04- 09 14: 39: 32,1823,1.469,44.0
 2026- 04- 09 14: 39: 32,1829,1.474,44.0
 2026- 04- 09 14: 39: 33,1830,1.475,44.0
 2026- 04- 09 14: 39: 33,1830,1.475,44.0
 2026- 04- 09 14: 39: 34,1829,1.474,44.0
 2026- 04- 09 14: 39: 34,1827,1.472,44.0
 2026- 04- 09 14: 39: 35,1839,1.482,44.0
 2026- 04- 09 14: 39: 35,1825,1.471,44.0
 2026- 04- 09 14: 39: 36,1818,1.465,44.0
 2026- 04- 09 14: 39: 36,1825,1.471,44.0
 2026- 04- 09 14: 39: 37,1823,1.469,44.0
 2026- 04- 09 14: 39: 37,1827,1.472,44.0
 2026- 04- 09 14: 39: 38,1828,1.473,44.0
 2026- 04- 09 14: 39: 38,1828,1.473,44.0
 2026- 04- 09 14: 39: 39,1823,1.469,44.0
 2026- 04- 09 14: 39: 39,1828,1.473,44.0
 2026- 04- 09 14: 39: 40,1835,1.479,44.0
 2026- 04- 09 14: 39: 40,1829,1.474,44.0
 2026- 04- 09 14: 39: 41,1835,1.479,44.0
 2026- 04- 09 14: 39: 41,1830,1.475,44.0
 2026- 04- 09 14: 39: 42,1828,1.473,44.0
 2026- 04- 09 14: 39: 42,1825,1.471,44.0
 2026- 04- 09 14: 39: 43,1830,1.475,44.0
 2026- 04- 09 14: 39: 43,1825,1.471,44.0
 2026- 04- 09 14: 39: 44,1824,1.47,44.0
 2026- 04- 09 14: 39: 44,1824,1.47,44.0
 2026- 04- 09 14: 39: 45,1823,1.469,44.0
 2026- 04- 09 14: 39: 45,1829,1.474,44.0
 2026- 04- 09 14: 39: 46,1828,1.473,44.0
 2026- 04- 09 14: 39: 46,1827,1.472,44.0
 2026- 04- 09 14: 39: 47,1829,1.474,44.0
 2026- 04- 09 14: 39: 47,1827,1.472,44.0
 2026- 04- 09 14: 39: 48,1830,1.475,44.0
 2026- 04- 09 14: 39: 48,1827,1.472,44.0
 2026- 04- 09 14: 39: 49,1827,1.472,44.0
 2026- 04- 09 14: 39: 49,1827,1.472,44.0
 2026- 04- 09 14: 39: 50,1830,1.475,44.0
 2026- 04- 09 14: 39: 50,1828,1.473,44.0
 2026- 04- 09 14: 39: 51,1831,1.476,44.0
 2026- 04- 09 14: 39: 51,1827,1.472,44.0
 2026- 04- 09 14: 39: 52,1837,1.48,44.0
 2026- 04- 09 14: 39: 52,1826,1.472,44.0
 2026- 04- 09 14: 39: 53,1832,1.476,44.0
 2026- 04- 09 14: 39: 53,1825,1.471,44.0
 2026- 04- 09 14: 39: 54,1828,1.473,44.0
 2026- 04- 09 14: 39: 54,1825,1.471,44.0
 2026- 04- 09 14: 39: 55,1825,1.471,44.0
 2026- 04- 09 14: 39: 55,1826,1.472,44.0
 2026- 04- 09 14: 39: 56,1788,1.441,43.0
 2026- 04- 09 14: 39: 56,1827,1.472,44.0
 2026- 04- 09 14: 39: 57,1830,1.475,44.0
 2026- 04- 09 14: 39: 57,1827,1.472,44.0
 2026- 04- 09 14: 39: 58,1831,1.476,44.0
 2026- 04- 09 14: 39: 58,1808,1.457,44.0
 2026- 04- 09 14: 39: 59,1827,1.472,44.0
 2026- 04- 09 14: 39: 59,1828,1.473,44.0
 2026- 04- 09 14: 40: 00,1827,1.472,44.0
 2026- 04- 09 14: 40: 00,1830,1.475,44.0
 2026- 04- 09 14: 40: 01,1830,1.475,44.0
 2026- 04- 09 14: 40: 01,1823,1.469,44.0
 2026- 04- 09 14: 40: 02,1829,1.474,44.0
 2026- 04- 09 14: 40: 02,1826,1.472,44.0
 2026- 04- 09 14: 40: 03,1826,1.472,44.0
 2026- 04- 09 14: 40: 03,1830,1.475,44.0
 2026- 04- 09 14: 40: 04,1824,1.47,44.0
 2026- 04- 09 14: 40: 04,1834,1.478,44.0
 2026- 04- 09 14: 40: 05,1826,1.472,44.0
 2026- 04- 09 14: 40: 05,1826,1.472,44.0
 2026- 04- 09 14: 40: 06,1825,1.471,44.0
 2026- 04- 09 14: 40: 06,1823,1.469,44.0
 2026- 04- 09 14: 40: 07,1825,1.471,44.0
 2026- 04- 09 14: 40: 07,1827,1.472,44.0
 2026- 04- 09 14: 40: 08,1838,1.481,44.0
 2026- 04- 09 14: 40: 08,1825,1.471,44.0
 2026- 04- 09 14: 40: 09,1831,1.476,44.0
 2026- 04- 09 14: 40: 09,1830,1.475,44.0
 2026- 04- 09 14: 40: 10,1824,1.47,44.0
 2026- 04- 09 14: 40: 10,1825,1.471,44.0
 2026- 04- 09 14: 40: 11,1829,1.474,44.0
 2026- 04- 09 14: 40: 11,1824,1.47,44.0
 2026- 04- 09 14: 40: 12,1826,1.472,44.0
 2026- 04- 09 14: 40: 12,1834,1.478,44.0
 2026- 04- 09 14: 40: 13,1831,1.476,44.0
 2026- 04- 09 14: 40: 13,1829,1.474,44.0
 2026- 04- 09 14: 40: 14,1828,1.473,44.0
 2026- 04- 09 14: 40: 14,1825,1.471,44.0
 2026- 04- 09 14: 40: 15,1821,1.467,44.0
 2026- 04- 09 14: 40: 15,1829,1.474,44.0
 2026- 04- 09 14: 40: 16,1828,1.473,44.0
 2026- 04- 09 14: 40: 16,1819,1.466,44.0
 2026- 04- 09 14: 40: 17,1833,1.477,44.0
 2026- 04- 09 14: 40: 17,1828,1.473,44.0
 2026- 04- 09 14: 40: 18,1821,1.467,44.0
 2026- 04- 09 14: 40: 18,1829,1.474,44.0
 2026- 04- 09 14: 40: 19,1830,1.475,44.0
 2026- 04- 09 14: 40: 19,1825,1.471,44.0
 2026- 04- 09 14: 40: 20,1825,1.471,44.0
 2026- 04- 09 14: 40: 20,1826,1.472,44.0
 2026- 04- 09 14: 40: 21,1827,1.472,44.0
 2026- 04- 09 14: 40: 21,1831,1.476,44.0
 2026- 04- 09 14: 40: 22,1823,1.469,44.0
 2026- 04- 09 14: 40: 22,1828,1.473,44.0
 2026- 04- 09 14: 40: 23,1827,1.472,44.0
 2026- 04- 09 14: 40: 23,1830,1.475,44.0
 2026- 04- 09 14: 40: 24,1829,1.474,44.0
 2026- 04- 09 14: 40: 24,1829,1.474,44.0
 2026- 04- 09 14: 40: 25,1825,1.471,44.0
 2026- 04- 09 14: 40: 25,1830,1.475,44.0
 2026- 04- 09 14: 40: 26,1830,1.475,44.0
 2026- 04- 09 14: 40: 26,1826,1.472,44.0
 2026- 04- 09 14: 40: 27,1826,1.472,44.0
 2026- 04- 09 14: 40: 27,1833,1.477,44.0
 2026- 04- 09 14: 40: 28,1825,1.471,44.0
 2026- 04- 09 14: 40: 28,1831,1.476,44.0
 2026- 04- 09 14: 40: 29,1834,1.478,44.0
 2026- 04- 09 14: 40: 29,1827,1.472,44.0
 2026- 04- 09 14: 40: 30,1807,1.456,44.0
 2026- 04- 09 14: 40: 30,1829,1.474,44.0
 2026- 04- 09 14: 40: 31,1830,1.475,44.0
 2026- 04- 09 14: 40: 31,1831,1.476,44.0
 2026- 04- 09 14: 40: 32,1827,1.472,44.0
 2026- 04- 09 14: 40: 32,1818,1.465,44.0
 2026- 04- 09 14: 40: 33,1830,1.475,44.0
 2026- 04- 09 14: 40: 33,1825,1.471,44.0
 2026- 04- 09 14: 40: 34,1829,1.474,44.0
 2026- 04- 09 14: 40: 34,1830,1.475,44.0
 2026- 04- 09 14: 40: 35,1830,1.475,44.0
 2026- 04- 09 14: 40: 35,1840,1.483,44.0
 2026- 04- 09 14: 40: 36,1831,1.476,44.0
 2026- 04- 09 14: 40: 36,1825,1.471,44.0
 2026- 04- 09 14: 40: 37,1827,1.472,44.0
 2026- 04- 09 14: 40: 37,1830,1.475,44.0
 2026- 04- 09 14: 40: 38,1828,1.473,44.0
 2026- 04- 09 14: 40: 38,1831,1.476,44.0
 2026- 04- 09 14: 40: 39,1833,1.477,44.0
 2026- 04- 09 14: 40: 39,1827,1.472,44.0
 2026- 04- 09 14: 40: 40,1825,1.471,44.0
 2026- 04- 09 14: 40: 40,1831,1.476,44.0
 2026- 04- 09 14: 40: 41,1826,1.472,44.0
 2026- 04- 09 14: 40: 41,1828,1.473,44.0
 2026- 04- 09 14: 40: 42,1826,1.472,44.0
 2026- 04- 09 14: 40: 42,1826,1.472,44.0
 2026- 04- 09 14: 40: 43,1827,1.472,44.0
 2026- 04- 09 14: 40: 43,1850,1.491,45.0
 2026- 04- 09 14: 40: 44,1826,1.472,44.0
 2026- 04- 09 14: 40: 44,1826,1.472,44.0
 2026- 04- 09 14: 40: 45,1829,1.474,44.0
 2026- 04- 09 14: 40: 45,1829,1.474,44.0
 2026- 04- 09 14: 40: 46,1831,1.476,44.0
 2026- 04- 09 14: 40: 46,1826,1.472,44.0
 2026- 04- 09 14: 40: 47,1841,1.484,44.0
 2026- 04- 09 14: 40: 47,1823,1.469,44.0
 2026- 04- 09 14: 40: 48,1829,1.474,44.0
 2026- 04- 09 14: 40: 48,1827,1.472,44.0
 2026- 04- 09 14: 40: 49,1824,1.47,44.0
 2026- 04- 09 14: 40: 49,1830,1.475,44.0
 2026- 04- 09 14: 40: 50,1831,1.476,44.0
 2026- 04- 09 14: 40: 50,1824,1.47,44.0
 2026- 04- 09 14: 40: 51,1827,1.472,44.0
 2026- 04- 09 14: 40: 51,1829,1.474,44.0
 2026- 04- 09 14: 40: 52,1819,1.466,44.0
 2026- 04- 09 14: 40: 52,1829,1.474,44.0
 2026- 04- 09 14: 40: 53,1830,1.475,44.0
 2026- 04- 09 14: 40: 53,1828,1.473,44.0
 2026- 04- 09 14: 40: 54,1826,1.472,44.0
 2026- 04- 09 14: 40: 54,1824,1.47,44.0
 2026- 04- 09 14: 40: 55,1827,1.472,44.0
 2026- 04- 09 14: 40: 55,1830,1.475,44.0
 2026- 04- 09 14: 40: 56,1826,1.472,44.0
 2026- 04- 09 14: 40: 56,1825,1.471,44.0
 2026- 04- 09 14: 40: 57,1829,1.474,44.0
 2026- 04- 09 14: 40: 57,1830,1.475,44.0
 2026- 04- 09 14: 40: 58,1827,1.472,44.0
 2026- 04- 09 14: 40: 58,1824,1.47,44.0
 2026- 04- 09 14: 40: 59,1827,1.472,44.0
 2026- 04- 09 14: 40: 59,1823,1.469,44.0
 2026- 04- 09 14: 41: 00,1826,1.472,44.0
 2026- 04- 09 14: 41: 00,1804,1.454,44.0
 2026- 04- 09 14: 41: 01,1827,1.472,44.0
 2026- 04- 09 14: 41: 01,1827,1.472,44.0
 2026- 04- 09 14: 41: 02,1830,1.475,44.0
 2026- 04- 09 14: 41: 02,1827,1.472,44.0
 2026- 04- 09 14: 41: 03,1824,1.47,44.0
 2026- 04- 09 14: 41: 03,1825,1.471,44.0
 2026- 04- 09 14: 41: 04,1828,1.473,44.0
 2026- 04- 09 14: 41: 04,1829,1.474,44.0
 2026- 04- 09 14: 41: 05,1827,1.472,44.0
 2026- 04- 09 14: 41: 05,1827,1.472,44.0
 2026- 04- 09 14: 41: 06,1839,1.482,44.0
 2026- 04- 09 14: 41: 06,1825,1.471,44.0
 2026- 04- 09 14: 41: 07,1828,1.473,44.0
 2026- 04- 09 14: 41: 07,1826,1.472,44.0
 2026- 04- 09 14: 41: 08,1827,1.472,44.0
 2026- 04- 09 14: 41: 08,1825,1.471,44.0
 2026- 04- 09 14: 41: 09,1829,1.474,44.0
 2026- 04- 09 14: 41: 09,1830,1.475,44.0
 2026- 04- 09 14: 41: 10,1806,1.455,44.0
 2026- 04- 09 14: 41: 10,1829,1.474,44.0
 2026- 04- 09 14: 41: 11,1827,1.472,44.0
 2026- 04- 09 14: 41: 11,1831,1.476,44.0
 2026- 04- 09 14: 41: 12,1827,1.472,44.0
 2026- 04- 09 14: 41: 12,1826,1.472,44.0
 2026- 04- 09 14: 41: 13,1831,1.476,44.0
 2026- 04- 09 14: 41: 13,1827,1.472,44.0
 2026- 04- 09 14: 41: 14,1826,1.472,44.0
 2026- 04- 09 14: 41: 14,1828,1.473,44.0
 2026- 04- 09 14: 41: 15,1827,1.472,44.0
 2026- 04- 09 14: 41: 15,1827,1.472,44.0
 2026- 04- 09 14: 41: 16,1856,1.496,45.0
 2026- 04- 09 14: 41: 16,1826,1.472,44.0
 2026- 04- 09 14: 41: 17,1827,1.472,44.0
 2026- 04- 09 14: 41: 17,1826,1.472,44.0
 2026- 04- 09 14: 41: 18,1826,1.472,44.0
 2026- 04- 09 14: 41: 18,1840,1.483,44.0
 2026- 04- 09 14: 41: 19,1824,1.47,44.0
 2026- 04- 09 14: 41: 19,1829,1.474,44.0
 2026- 04- 09 14: 41: 20,1823,1.469,44.0
 2026- 04- 09 14: 41: 20,1830,1.475,44.0
 2026- 04- 09 14: 41: 21,1830,1.475,44.0
 2026- 04- 09 14: 41: 21,1827,1.472,44.0
 2026- 04- 09 14: 41: 22,1829,1.474,44.0
 2026- 04- 09 14: 41: 22,1833,1.477,44.0
 2026- 04- 09 14: 41: 23,1821,1.467,44.0
 2026- 04- 09 14: 41: 23,1835,1.479,44.0
 2026- 04- 09 14: 41: 24,1818,1.465,44.0
 2026- 04- 09 14: 41: 24,1824,1.47,44.0
 2026- 04- 09 14: 41: 25,1824,1.47,44.0
 2026- 04- 09 14: 41: 25,1828,1.473,44.0
 2026- 04- 09 14: 41: 26,1825,1.471,44.0
 2026- 04- 09 14: 41: 26,1827,1.472,44.0
 2026- 04- 09 14: 41: 27,1833,1.477,44.0
 2026- 04- 09 14: 41: 27,1824,1.47,44.0
 2026- 04- 09 14: 41: 28,1826,1.472,44.0
 2026- 04- 09 14: 41: 28,1827,1.472,44.0
 2026- 04- 09 14: 41: 29,1834,1.478,44.0
 2026- 04- 09 14: 41: 29,1827,1.472,44.0
 2026- 04- 09 14: 41: 30,1830,1.475,44.0
 2026- 04- 09 14: 41: 30,1828,1.473,44.0
 2026- 04- 09 14: 41: 31,1833,1.477,44.0
 2026- 04- 09 14: 41: 31,1833,1.477,44.0
 2026- 04- 09 14: 41: 32,1823,1.469,44.0
 2026- 04- 09 14: 41: 32,1831,1.476,44.0
 2026- 04- 09 14: 41: 33,1826,1.472,44.0
 2026- 04- 09 14: 41: 33,1808,1.457,44.0
 2026- 04- 09 14: 41: 34,1824,1.47,44.0
 2026- 04- 09 14: 41: 34,1829,1.474,44.0
 2026- 04- 09 14: 41: 35,1829,1.474,44.0
 2026- 04- 09 14: 41: 35,1829,1.474,44.0
 2026- 04- 09 14: 41: 36,1826,1.472,44.0
 2026- 04- 09 14: 41: 36,1827,1.472,44.0
 2026- 04- 09 14: 41: 37,1828,1.473,44.0
 2026- 04- 09 14: 41: 37,1827,1.472,44.0
 2026- 04- 09 14: 41: 38,1830,1.475,44.0
 2026- 04- 09 14: 41: 38,1829,1.474,44.0
 2026- 04- 09 14: 41: 39,1827,1.472,44.0
 2026- 04- 09 14: 41: 39,1825,1.471,44.0
 2026- 04- 09 14: 41: 40,1825,1.471,44.0
 2026- 04- 09 14: 41: 40,1827,1.472,44.0
 2026- 04- 09 14: 41: 41,1829,1.474,44.0
 2026- 04- 09 14: 41: 41,1827,1.472,44.0
 2026- 04- 09 14: 41: 42,1827,1.472,44.0
 2026- 04- 09 14: 41: 42,1833,1.477,44.0
 2026- 04- 09 14: 41: 43,1830,1.475,44.0
 2026- 04- 09 14: 41: 43,1831,1.476,44.0
 2026- 04- 09 14: 41: 44,1827,1.472,44.0
 2026- 04- 09 14: 41: 44,1827,1.472,44.0
 2026- 04- 09 14: 41: 45,1822,1.468,44.0
 2026- 04- 09 14: 41: 45,1826,1.472,44.0
 2026- 04- 09 14: 41: 46,1824,1.47,44.0
 2026- 04- 09 14: 41: 46,1827,1.472,44.0
 2026- 04- 09 14: 41: 47,1827,1.472,44.0
 2026- 04- 09 14: 41: 47,1831,1.476,44.0
 2026- 04- 09 14: 41: 48,1831,1.476,44.0
 2026- 04- 09 14: 41: 48,1823,1.469,44.0
 2026- 04- 09 14: 41: 49,1831,1.476,44.0
 2026- 04- 09 14: 41: 49,1827,1.472,44.0
 2026- 04- 09 14: 41: 50,1825,1.471,44.0
 2026- 04- 09 14: 41: 50,1827,1.472,44.0
 2026- 04- 09 14: 41: 51,1827,1.472,44.0
 2026- 04- 09 14: 41: 51,1830,1.475,44.0
 2026- 04- 09 14: 41: 52,1834,1.478,44.0
 2026- 04- 09 14: 41: 52,1829,1.474,44.0
 2026- 04- 09 14: 41: 53,1825,1.471,44.0
 2026- 04- 09 14: 41: 53,1827,1.472,44.0
 2026- 04- 09 14: 41: 54,1829,1.474,44.0
 2026- 04- 09 14: 41: 54,1827,1.472,44.0
 2026- 04- 09 14: 41: 55,1829,1.474,44.0
 2026- 04- 09 14: 41: 55,1827,1.472,44.0
 2026- 04- 09 14: 41: 56,1825,1.471,44.0
 2026- 04- 09 14: 41: 56,1522,1.227,37.0
 2026- 04- 09 14: 41: 57,891,0.718,21.0
 2026- 04- 09 14: 41: 57,1929,1.555,47.0
 2026- 04- 09 14: 41: 58,1790,1.442,43.0
 2026- 04- 09 14: 41: 58,1325,1.068,32.0
 2026- 04- 09 14: 41: 59,2259,1.82,55.0
 2026- 04- 09 14: 41: 59,1535,1.237,37.0
 2026- 04- 09 14: 42: 00,1875,1.511,45.0
 2026- 04- 09 14: 42: 00,1680,1.354,41.0
 2026- 04- 09 14: 42: 01,1066,0.859,26.0
 2026- 04- 09 14: 42: 01,2080,1.676,50.0
 2026- 04- 09 14: 42: 02,366,0.295,8.0
 2026- 04- 09 14: 42: 02,1838,1.481,44.0
 2026- 04- 09 14: 42: 03,1013,0.816,24.0
 2026- 04- 09 14: 42: 03,1408,1.135,34.0
 2026- 04- 09 14: 42: 04,1288,1.038,31.0
 2026- 04- 09 14: 42: 04,902,0.727,22.0
 2026- 04- 09 14: 42: 05,1360,1.096,33.0
 2026- 04- 09 14: 42: 05,207,0.167,5.0
 2026- 04- 09 14: 42: 06,1808,1.457,44.0
 2026- 04- 09 14: 42: 06,0,0.0,0.0
 2026- 04- 09 14: 42: 07,1123,0.905,27.0
 2026- 04- 09 14: 42: 07,1389,1.119,33.0
 2026- 04- 09 14: 42: 08,0,0.0,0.0
 2026- 04- 09 14: 42: 08,2078,1.675,50.0
 2026- 04- 09 14: 42: 09,0,0.0,0.0
 2026- 04- 09 14: 42: 09,2035,1.64,49.0
 2026- 04- 09 14: 42: 10,1993,1.606,48.0
 2026- 04- 09 14: 42: 10,1988,1.602,48.0
 2026- 04- 09 14: 42: 11,1990,1.604,48.0
 2026- 04- 09 14: 42: 11,1989,1.603,48.0
 2026- 04- 09 14: 42: 12,1991,1.604,48.0
 2026- 04- 09 14: 42: 12,1989,1.603,48.0
 2026- 04- 09 14: 42: 13,1994,1.607,48.0
 2026- 04- 09 14: 42: 13,1991,1.604,48.0
 2026- 04- 09 14: 42: 14,1990,1.604,48.0
 2026- 04- 09 14: 42: 14,1999,1.611,48.0
 2026- 04- 09 14: 42: 15,1989,1.603,48.0
 2026- 04- 09 14: 42: 15,1985,1.6,48.0
 2026- 04- 09 14: 42: 16,1995,1.608,48.0
 2026- 04- 09 14: 42: 16,1991,1.604,48.0
 2026- 04- 09 14: 42: 17,1991,1.604,48.0
 2026- 04- 09 14: 42: 17,1995,1.608,48.0
 2026- 04- 09 14: 42: 18,1991,1.604,48.0
 2026- 04- 09 14: 42: 18,1994,1.607,48.0
 2026- 04- 09 14: 42: 19,1991,1.604,48.0
 2026- 04- 09 14: 42: 19,1990,1.604,48.0
 2026- 04- 09 14: 42: 20,2001,1.613,48.0
 2026- 04- 09 14: 42: 20,1991,1.604,48.0
 2026- 04- 09 14: 42: 21,1990,1.604,48.0
 2026- 04- 09 14: 42: 21,1989,1.603,48.0
 2026- 04- 09 14: 42: 22,1990,1.604,48.0
 2026- 04- 09 14: 42: 22,1989,1.603,48.0
 2026- 04- 09 14: 42: 23,1989,1.603,48.0
 2026- 04- 09 14: 42: 23,1987,1.601,48.0
 2026- 04- 09 14: 42: 24,2000,1.612,48.0
 2026- 04- 09 14: 42: 24,991,1.604,48.0
 2026- 04- 09 14: 42: 25,1989,1.603,48.0
 2026- 04- 09 14: 42: 25,1987,1.601,48.0
 2026- 04- 09 14: 42: 26,1987,1.601,48.0
 2026- 04- 09 14: 42: 26,1990,1.604,48.0
 2026- 04- 09 14: 42: 27,1994,1.607,48.0
 2026- 04- 09 14: 42: 27,1988,1.602,48.0
 2026- 04- 09 14: 42: 28,1988,1.602,48.0
 2026- 04- 09 14: 42: 28,1990,1.604,48.0
 2026- 04- 09 14: 42: 29,1988,1.602,48.0
 2026- 04- 09 14: 42: 29,1988,1.602,48.0
 2026- 04- 09 14: 42: 30,1993,1.606,48.0
 2026- 04- 09 14: 42: 30,1990,1.604,48.0
 2026- 04- 09 14: 42: 31,1985,1.6,48.0
 2026- 04- 09 14: 42: 31,1990,1.604,48.0
 2026- 04- 09 14: 42: 32,1989,1.603,48.0
 2026- 04- 09 14: 42: 32,1990,1.604,48.0
 2026- 04- 09 14: 42: 33,1987,1.601,48.0
 2026- 04- 09 14: 42: 33,1994,1.607,48.0
 2026- 04- 09 14: 42: 34,1989,1.603,48.0
 2026- 04- 09 14: 42: 34,1991,1.604,48.0
 2026- 04- 09 14: 42: 35,2000,1.612,48.0
 2026- 04- 09 14: 42: 35,1997,1.609,48.0
 2026- 04- 09 14: 42: 36,1987,1.601,48.0
 2026- 04- 09 14: 42: 36,1987,1.601,48.0
 2026- 04- 09 14: 42: 37,1983,1.598,48.0
 2026- 04- 09 14: 42: 37,1984,1.599,48.0
 2026- 04- 09 14: 42: 38,1990,1.604,48.0
 2026- 04- 09 14: 42: 38,1990,1.604,48.0
 2026- 04- 09 14: 42: 39,1994,1.607,48.0
 2026- 04- 09 14: 42: 39,1991,1.604,48.0
 2026- 04- 09 14: 42: 40,1990,1.604,48.0
 2026- 04- 09 14: 42: 40,1998,1.61,48.0
 2026- 04- 09 14: 42: 41,1992,1.605,48.0
 2026- 04- 09 14: 42: 41,1990,1.604,48.0
 2026- 04- 09 14: 42: 42,1987,1.601,48.0
 2026- 04- 09 14: 42: 42,1987,1.601,48.0
 2026- 04- 09 14: 42: 43,1991,1.604,48.0
 2026- 04- 09 14: 42: 43,1984,1.599,48.0
 2026- 04- 09 14: 42: 44,1993,1.606,48.0
 2026- 04- 09 14: 42: 44,1987,1.601,48.0
 2026- 04- 09 14: 42: 45,1989,1.603,48.0
 2026- 04- 09 14: 42: 45,1997,1.609,48.0
 2026- 04- 09 14: 42: 46,1994,1.607,48.0
 2026- 04- 09 14: 42: 46,1970,1.588,48.0
 2026- 04- 09 14: 42: 47,1986,1.6,48.0
 2026- 04- 09 14: 42: 47,1988,1.602,48.0
 2026- 04- 09 14: 42: 48,1999,1.611,48.0
 2026- 04- 09 14: 42: 48,1991,1.604,48.0
 2026- 04- 09 14: 42: 49,1991,1.604,48.0
 2026- 04- 09 14: 42: 49,1986,1.6,48.0
 2026- 04- 09 14: 42: 50,1989,1.603,48.0
 2026- 04- 09 14: 42: 50,1987,1.601,48.0
 2026- 04- 09 14: 42: 51,1989,1.603,48.0
 2026- 04- 09 14: 42: 51,1989,1.603,48.0
 2026- 04- 09 14: 42: 52,1989,1.603,48.0
 2026- 04- 09 14: 42: 52,1989,1.603,48.0
 2026- 04- 09 14: 42: 53,1984,1.599,48.0
 2026- 04- 09 14: 42: 53,1990,1.604,48.0
 2026- 04- 09 14: 42: 54,1993,1.606,48.0
 2026- 04- 09 14: 42: 54,1962,1.581,47.0
 2026- 04- 09 14: 42: 55,1987,1.601,48.0
 2026- 04- 09 14: 42: 55,1987,1.601,48.0
 2026- 04- 09 14: 42: 56,1991,1.604,48.0
 2026- 04- 09 14: 42: 56,1984,1.599,48.0
 2026- 04- 09 14: 42: 57,1989,1.603,48.0
 2026- 04- 09 14: 42: 57,2010,1.62,49.0
 2026- 04- 09 14: 42: 58,1990,1.604,48.0
 2026- 04- 09 14: 42: 58,2000,1.612,48.0
 2026- 04- 09 14: 42: 59,1987,1.601,48.0
 2026- 04- 09 14: 42: 59,1993,1.606,48.0
 2026- 04- 09 14: 43: 00,1991,1.604,48.0
 2026- 04- 09 14: 43: 00,1994,1.607,48.0
 2026- 04- 09 14: 43: 01,1994,1.607,48.0
 2026- 04- 09 14: 43: 01,1993,1.606,48.0
 2026- 04- 09 14: 43: 02,1995,1.608,48.0
 2026- 04- 09 14: 43: 02,1989,1.603,48.0
 2026- 04- 09 14: 43: 03,1989,1.603,48.0
 2026- 04- 09 14: 43: 03,1986,1.6,48.0
 2026- 04- 09 14: 43: 04,1991,1.604,48.0
 2026- 04- 09 14: 43: 04,1996,1.608,48.0
 2026- 04- 09 14: 43: 05,1993,1.606,48.0
 2026- 04- 09 14: 43: 05,1991,1.604,48.0
 2026- 04- 09 14: 43: 06,1987,1.601,48.0
 2026- 04- 09 14: 43: 06,1989,1.603,48.0
 2026- 04- 09 14: 43: 07,1989,1.603,48.0
 2026- 04- 09 14: 43: 07,1987,1.601,48.0
 2026- 04- 09 14: 43: 08,1990,1.604,48.0
 2026- 04- 09 14: 43: 08,1987,1.601,48.0
 2026- 04- 09 14: 43: 09,1990,1.604,48.0
 2026- 04- 09 14: 43: 09,1990,1.604,48.0
 2026- 04- 09 14: 43: 10,1985,1.6,48.0
 2026- 04- 09 14: 43: 10,1993,1.606,48.0
 2026- 04- 09 14: 43: 11,1987,1.601,48.0
 2026- 04- 09 14: 43: 11,1990,1.604,48.0
 2026- 04- 09 14: 43: 12,1987,1.601,48.0
 2026- 04- 09 14: 43: 12,1990,1.604,48.0
 2026- 04- 09 14: 43: 13,1990,1.604,48.0
 2026- 04- 09 14: 43: 13,1995,1.608,48.0
 2026- 04- 09 14: 43: 14,1990,1.604,48.0
 2026- 04- 09 14: 43: 14,1985,1.6,48.0
 2026- 04- 09 14: 43: 15,1987,1.601,48.0
 2026- 04- 09 14: 43: 15,1983,1.598,48.0
 2026- 04- 09 14: 43: 16,1990,1.604,48.0
 2026- 04- 09 14: 43: 16,1991,1.604,48.0
 2026- 04- 09 14: 43: 17,1991,1.604,48.0
 2026- 04- 09 14: 43: 17,1968,1.586,48.0
 2026- 04- 09 14: 43: 18,1993,1.606,48.0
 2026- 04- 09 14: 43: 18,1990,1.604,48.0
 2026- 04- 09 14: 43: 19,1987,1.601,48.0
 2026- 04- 09 14: 43: 19,1993,1.606,48.0
 2026- 04- 09 14: 43: 20,1991,1.604,48.0
 2026- 04- 09 14: 43: 20,1996,1.608,48.0
 2026- 04- 09 14: 43: 21,1987,1.601,48.0
 2026- 04- 09 14: 43: 21,1991,1.604,48.0
 2026- 04- 09 14: 43: 22,1989,1.603,48.0
 2026- 04- 09 14: 43: 22,1987,1.601,48.0
 2026- 04- 09 14: 43: 23,1987,1.601,48.0
 2026- 04- 09 14: 43: 23,1991,1.604,48.0
 2026- 04- 09 14: 43: 24,1989,1.603,48.0
 2026- 04- 09 14: 43: 24,1990,1.604,48.0
 2026- 04- 09 14: 43: 25,1991,1.604,48.0
 2026- 04- 09 14: 43: 25,1990,1.604,48.0
 2026- 04- 09 14: 43: 26,1998,1.61,48.0
 2026- 04- 09 14: 43: 26,1989,1.603,48.0
 2026- 04- 09 14: 43: 27,1989,1.603,48.0
 2026- 04- 09 14: 43: 27,1993,1.606,48.0
 2026- 04- 09 14: 43: 28,1987,1.601,48.0
 2026- 04- 09 14: 43: 28,1991,1.604,48.0
 2026- 04- 09 14: 43: 29,1986,1.6,48.0
 2026- 04- 09 14: 43: 29,1987,1.601,48.0
 2026- 04- 09 14: 43: 30,1990,1.604,48.0
 2026- 04- 09 14: 43: 30,1993,1.606,48.0
 2026- 04- 09 14: 43: 31,1991,1.604,48.0
 2026- 04- 09 14: 43: 32,1988,1.602,48.0
 2026- 04- 09 14: 43: 32,1994,1.607,48.0
 2026- 04- 09 14: 43: 32,1991,1.604,48.0
 2026- 04- 09 14: 43: 33,1987,1.601,48.0
 2026- 04- 09 14: 43: 33,2019,1.627,49.0
 2026- 04- 09 14: 43: 34,2000,1.612,48.0
 2026- 04- 09 14: 43: 34,1990,1.604,48.0
 2026- 04- 09 14: 43: 35,1989,1.603,48.0
 2026- 04- 09 14: 43: 35,1987,1.601,48.0
 2026- 04- 09 14: 43: 36,1987,1.601,48.0
 2026- 04- 09 14: 43: 36,1993,1.606,48.0
 2026- 04- 09 14: 43: 37,1989,1.603,48.0
 2026- 04- 09 14: 43: 37,1988,1.602,48.0
 2026- 04- 09 14: 43: 38,1985,1.6,48.0
 2026- 04- 09 14: 43: 38,1989,1.603,48.0
 2026- 04- 09 14: 43: 39,1997,1.609,48.0
 2026- 04- 09 14: 43: 39,1999,1.611,48.0
 2026- 04- 09 14: 43: 40,1991,1.604,48.0
 2026- 04- 09 14: 43: 40,1987,1.601,48.0
 2026- 04- 09 14: 43: 41,1989,1.603,48.0
 2026- 04- 09 14: 43: 41,1990,1.604,48.0
 2026- 04- 09 14: 43: 42,1987,1.601,48.0
 2026- 04- 09 14: 43: 42,1989,1.603,48.0
 2026- 04- 09 14: 43: 43,1989,1.603,48.0
 2026- 04- 09 14: 43: 43,1993,1.606,48.0
 2026- 04- 09 14: 43: 44,1987,1.601,48.0
 2026- 04- 09 14: 43: 44,1989,1.603,48.0
 2026- 04- 09 14: 43: 45,1990,1.604,48.0
 2026- 04- 09 14: 43: 45,1987,1.601,48.0
 2026- 04- 09 14: 43: 46,1993,1.606,48.0
 2026- 04- 09 14: 43: 46,1989,1.603,48.0
 2026- 04- 09 14: 43: 47,1990,1.604,48.0
 2026- 04- 09 14: 43: 47,1990,1.604,48.0
 2026- 04- 09 14: 43: 48,1990,1.604,48.0
 2026- 04- 09 14: 43: 48,1991,1.604,48.0
 2026- 04- 09 14: 43: 49,1993,1.606,48.0
 2026- 04- 09 14: 43: 49,1990,1.604,48.0
 2026- 04- 09 14: 43: 50,1990,1.604,48.0
 2026- 04- 09 14: 43: 50,1989,1.603,48.0
 2026- 04- 09 14: 43: 51,2005,1.616,48.0
 2026- 04- 09 14: 43: 51,1990,1.604,48.0
 2026- 04- 09 14: 43: 52,1986,1.6,48.0
 2026- 04- 09 14: 43: 52,1990,1.604,48.0
 2026- 04- 09 14: 43: 53,1991,1.604,48.0
 2026- 04- 09 14: 43: 53,1987,1.601,48.0
 2026- 04- 09 14: 43: 54,1989,1.603,48.0
 2026- 04- 09 14: 43: 54,1993,1.606,48.0
 2026- 04- 09 14: 43: 55,1990,1.604,48.0
 2026- 04- 09 14: 43: 55,1995,1.608,48.0
 2026- 04- 09 14: 43: 56,1989,1.603,48.0
 2026- 04- 09 14: 43: 56,1988,1.602,48.0
 2026- 04- 09 14: 43: 57,1989,1.603,48.0
 2026- 04- 09 14: 43: 57,2033,1.638,49.0
 2026- 04- 09 14: 43: 58,1990,1.604,48.0
 2026- 04- 09 14: 43: 58,1990,1.604,48.0
 2026- 04- 09 14: 43: 59,1985,1.6,48.0
 2026- 04- 09 14: 43: 59,1986,1.6,48.0
 2026- 04- 09 14: 44: 00,1989,1.603,48.0
 2026- 04- 09 14: 44: 00,1988,1.602,48.0
 2026- 04- 09 14: 44: 01,1989,1.603,48.0
 2026- 04- 09 14: 44: 01,1990,1.604,48.0
 2026- 04- 09 14: 44: 02,1987,1.601,48.0
 2026- 04- 09 14: 44: 02,1993,1.606,48.0
 2026- 04- 09 14: 44: 03,1991,1.604,48.0
 2026- 04- 09 14: 44: 03,1990,1.604,48.0
 2026- 04- 09 14: 44: 04,1987,1.601,48.0
 2026- 04- 09 14: 44: 04,1990,1.604,48.0
 2026- 04- 09 14: 44: 05,1991,1.604,48.0
 2026- 04- 09 14: 44: 05,1987,1.601,48.0
 2026- 04- 09 14: 44: 06,1991,1.604,48.0
 2026- 04- 09 14: 44: 06,1987,1.601,48.0
 2026- 04- 09 14: 44: 07,1991,1.604,48.0
 2026- 04- 09 14: 44: 07,1985,1.6,48.0
 2026- 04- 09 14: 44: 08,1990,1.604,48.0
 2026- 04- 09 14: 44: 08,1991,1.604,48.0
 2026- 04- 09 14: 44: 09,1986,1.6,48.0
 2026- 04- 09 14: 44: 09,1993,1.606,48.0
 2026- 04- 09 14: 44: 10,2005,1.616,48.0
 2026- 04- 09 14: 44: 10,1986,1.6,48.0
 2026- 04- 09 14: 44: 11,1984,1.599,48.0
 2026- 04- 09 14: 44: 11,1990,1.604,48.0
 2026- 04- 09 14: 44: 12,1991,1.604,48.0
 2026- 04- 09 14: 44: 12,1968,1.586,48.0
 2026- 04- 09 14: 44: 13,1989,1.603,48.0
 2026- 04- 09 14: 44: 13,1988,1.602,48.0
 2026- 04- 09 14: 44: 14,1991,1.604,48.0
 2026- 04- 09 14: 44: 14,1985,1.6,48.0
 2026- 04- 09 14: 44: 15,1989,1.603,48.0
 2026- 04- 09 14: 44: 15,1989,1.603,48.0
 2026- 04- 09 14: 44: 16,1981,1.596,48.0
 2026- 04- 09 14: 44: 16,1990,1.604,48.0
 2026- 04- 09 14: 44: 17,1991,1.604,48.0
 2026- 04- 09 14: 44: 17,1986,1.6,48.0
 2026- 04- 09 14: 44: 18,1986,1.6,48.0
 2026- 04- 09 14: 44: 18,1986,1.6,48.0
 2026- 04- 09 14: 44: 19,1991,1.604,48.0
 2026- 04- 09 14: 44: 19,1989,1.603,48.0
 2026- 04- 09 14: 44: 20,1983,1.598,48.0
 2026- 04- 09 14: 44: 20,1990,1.604,48.0
 2026- 04- 09 14: 44: 21,1989,1.603,48.0
 2026- 04- 09 14: 44: 21,1987,1.601,48.0
 2026- 04- 09 14: 44: 22,1995,1.608,48.0
 2026- 04- 09 14: 44: 22,1990,1.604,48.0
 2026- 04- 09 14: 44: 23,1989,1.603,48.0
 2026- 04- 09 14: 44: 23,1988,1.602,48.0
 2026- 04- 09 14: 44: 24,1987,1.601,48.0
 2026- 04- 09 14: 44: 24,1989,1.603,48.0
 2026- 04- 09 14: 44: 25,1990,1.604,48.0
 2026- 04- 09 14: 44: 25,1985,1.6,48.0
 2026- 04- 09 14: 44: 26,1986,1.6,48.0
 2026- 04- 09 14: 44: 26,1990,1.604,48.0
 2026- 04- 09 14: 44: 27,1985,1.6,48.0
 2026- 04- 09 14: 44: 27,1986,1.6,48.0
 2026- 04- 09 14: 44: 28,1989,1.603,48.0
 2026- 04- 09 14: 44: 28,1987,1.601,48.0
 2026- 04- 09 14: 44: 29,1984,1.599,48.0
 2026- 04- 09 14: 44: 29,1987,1.601,48.0
 2026- 04- 09 14: 44: 30,1993,1.606,48.0
 2026- 04- 09 14: 44: 30,1995,1.608,48.0
 2026- 04- 09 14: 44: 31,1985,1.6,48.0
 2026- 04- 09 14: 44: 31,1992,1.605,48.0
 2026- 04- 09 14: 44: 32,1987,1.601,48.0
 2026- 04- 09 14: 44: 32,1987,1.601,48.0
 2026- 04- 09 14: 44: 33,1989,1.603,48.0
 2026- 04- 09 14: 44: 33,1986,1.6,48.0
 2026- 04- 09 14: 44: 34,1989,1.603,48.0
 2026- 04- 09 14: 44: 34,1986,1.6,48.0
 2026- 04- 09 14: 44: 35,1991,1.604,48.0
 2026- 04- 09 14: 44: 35,1987,1.601,48.0
 2026- 04- 09 14: 44: 36,1990,1.604,48.0
 2026- 04- 09 14: 44: 36,1995,1.608,48.0
 2026- 04- 09 14: 44: 37,1985,1.6,48.0
 2026- 04- 09 14: 44: 37,1989,1.603,48.0
 2026- 04- 09 14: 44: 38,1987,1.601,48.0
 2026- 04- 09 14: 44: 38,1989,1.603,48.0
 2026- 04- 09 14: 44: 39,1989,1.603,48.0
 2026- 04- 09 14: 44: 39,1986,1.6,48.0
 2026- 04- 09 14: 44: 40,1939,1.563,47.0
 2026- 04- 09 14: 44: 40,1985,1.6,48.0
 2026- 04- 09 14: 44: 41,1987,1.601,48.0
 2026- 04- 09 14: 44: 41,1988,1.602,48.0
 2026- 04- 09 14: 44: 42,1987,1.601,48.0
 2026- 04- 09 14: 44: 42,1990,1.604,48.0
 2026- 04- 09 14: 44: 43,1987,1.601,48.0
 2026- 04- 09 14: 44: 43,2005,1.616,48.0
 2026- 04- 09 14: 44: 44,1985,1.6,48.0
 2026- 04- 09 14: 44: 44,1991,1.604,48.0
 2026- 04- 09 14: 44: 45,1988,1.602,48.0
 2026- 04- 09 14: 44: 45,1990,1.604,48.0
 2026- 04- 09 14: 44: 46,1991,1.604,48.0
 2026- 04- 09 14: 44: 46,1990,1.604,48.0
 2026- 04- 09 14: 44: 47,1987,1.601,48.0
 2026- 04- 09 14: 44: 47,1995,1.608,48.0
 2026- 04- 09 14: 44: 48,1987,1.601,48.0
 2026- 04- 09 14: 44: 48,1990,1.604,48.0
 2026- 04- 09 14: 44: 49,1989,1.603,48.0
 2026- 04- 09 14: 44: 49,1989,1.603,48.0
 2026- 04- 09 14: 44: 50,1986,1.6,48.0
 2026- 04- 09 14: 44: 50,1987,1.601,48.0
 2026- 04- 09 14: 44: 51,1987,1.601,48.0
 2026- 04- 09 14: 44: 51,2003,1.614,48.0
 2026- 04- 09 14: 44: 52,1990,1.604,48.0
 2026- 04- 09 14: 44: 52,1990,1.604,48.0
 2026- 04- 09 14: 44: 53,1987,1.601,48.0
 2026- 04- 09 14: 44: 53,1989,1.603,48.0
 2026- 04- 09 14: 44: 54,1988,1.602,48.0
 2026- 04- 09 14: 44: 54,1990,1.604,48.0
 2026- 04- 09 14: 44: 55,2002,1.613,48.0
 2026- 04- 09 14: 44: 55,1989,1.603,48.0
 2026- 04- 09 14: 44: 56,1988,1.602,48.0
 2026- 04- 09 14: 44: 56,1984,1.599,48.0
 2026- 04- 09 14: 44: 57,1990,1.604,48.0
 2026- 04- 09 14: 44: 57,1986,1.6,48.0
 2026- 04- 09 14: 44: 58,1987,1.601,48.0
 2026- 04- 09 14: 44: 58,1986,1.6,48.0
 2026- 04- 09 14: 44: 59,1991,1.604,48.0
 2026- 04- 09 14: 44: 59,1987,1.601,48.0
 2026- 04- 09 14: 45: 00,1988,1.602,48.0
 2026- 04- 09 14: 45: 00,1965,1.584,47.0
 2026- 04- 09 14: 45: 01,1990,1.604,48.0
 2026- 04- 09 14: 45: 01,1982,1.597,48.0
 2026- 04- 09 14: 45: 02,1987,1.601,48.0
 2026- 04- 09 14: 45: 02,1991,1.604,48.0
 2026- 04- 09 14: 45: 03,1987,1.601,48.0
 2026- 04- 09 14: 45: 03,1991,1.604,48.0
 2026- 04- 09 14: 45: 04,1991,1.604,48.0
 2026- 04- 09 14: 45: 04,1987,1.601,48.0
 2026- 04- 09 14: 45: 05,1995,1.608,48.0
 2026- 04- 09 14: 45: 05,1987,1.601,48.0
 2026- 04- 09 14: 45: 06,1987,1.601,48.0
 2026- 04- 09 14: 45: 06,1991,1.604,48.0
 2026- 04- 09 14: 45: 07,1988,1.602,48.0
 2026- 04- 09 14: 45: 07,1990,1.604,48.0
 2026- 04- 09 14: 45: 08,1985,1.6,48.0
 2026- 04- 09 14: 45: 08,1984,1.599,48.0
 2026- 04- 09 14: 45: 09,1994,1.607,48.0
 2026- 04- 09 14: 45: 09,1990,1.604,48.0
 2026- 04- 09 14: 45: 10,1987,1.601,48.0
 2026- 04- 09 14: 45: 10,1990,1.604,48.0
 2026- 04- 09 14: 45: 11,1987,1.601,48.0
 2026- 04- 09 14: 45: 11,1989,1.603,48.0
 2026- 04- 09 14: 45: 12,1990,1.604,48.0
 2026- 04- 09 14: 45: 12,1991,1.604,48.0
 2026- 04- 09 14: 45: 13,1985,1.6,48.0
 2026- 04- 09 14: 45: 13,1984,1.599,48.0
 2026- 04- 09 14: 45: 14,1991,1.604,48.0
 2026- 04- 09 14: 45: 14,1991,1.604,48.0
 2026- 04- 09 14: 45: 15,1986,1.6,48.0
 2026- 04- 09 14: 45: 15,1991,1.604,48.0
 2026- 04- 09 14: 45: 16,1989,1.603,48.0
 2026- 04- 09 14: 45: 16,1991,1.604,48.0
 2026- 04- 09 14: 45: 17,1991,1.604,48.0
 2026- 04- 09 14: 45: 17,1989,1.603,48.0
 2026- 04- 09 14: 45: 18,1990,1.604,48.0
 2026- 04- 09 14: 45: 18,1989,1.603,48.0
 2026- 04- 09 14: 45: 19,1987,1.601,48.0
 2026- 04- 09 14: 45: 19,1997,1.609,48.0
 2026- 04- 09 14: 45: 20,1987,1.601,48.0
 2026- 04- 09 14: 45: 20,1987,1.601,48.0
 2026- 04- 09 14: 45: 21,1989,1.603,48.0
 2026- 04- 09 14: 45: 21,1984,1.599,48.0
 2026- 04- 09 14: 45: 22,1986,1.6,48.0
 2026- 04- 09 14: 45: 22,1987,1.601,48.0
 2026- 04- 09 14: 45: 23,1986,1.6,48.0
 2026- 04- 09 14: 45: 23,1987,1.601,48.0
 2026- 04- 09 14: 45: 24,1985,1.6,48.0
 2026- 04- 09 14: 45: 24,2011,1.621,49.0
 2026- 04- 09 14: 45: 25,1989,1.603,48.0
 2026- 04- 09 14: 45: 25,1991,1.604,48.0
 2026- 04- 09 14: 45: 26,1986,1.6,48.0
 2026- 04- 09 14: 45: 26,1990,1.604,48.0
 2026- 04- 09 14: 45: 27,1991,1.604,48.0
 2026- 04- 09 14: 45: 27,1990,1.604,48.0
 2026- 04- 09 14: 45: 28,1987,1.601,48.0
 2026- 04- 09 14: 45: 28,1990,1.604,48.0
 2026- 04- 09 14: 45: 29,1993,1.606,48.0
 2026- 04- 09 14: 45: 29,1994,1.607,48.0
 2026- 04- 09 14: 45: 30,1991,1.604,48.0
 2026- 04- 09 14: 45: 30,1988,1.602,48.0
 2026- 04- 09 14: 45: 31,1991,1.604,48.0
 2026- 04- 09 14: 45: 31,1990,1.604,48.0
 2026- 04- 09 14: 45: 32,1985,1.6,48.0
 2026- 04- 09 14: 45: 32,1993,1.606,48.0
 2026- 04- 09 14: 45: 33,1989,1.603,48.0
 2026- 04- 09 14: 45: 33,1989,1.603,48.0
 2026- 04- 09 14: 45: 34,1985,1.6,48.0
 2026- 04- 09 14: 45: 34,1990,1.604,48.0
 2026- 04- 09 14: 45: 35,1987,1.601,48.0
 2026- 04- 09 14: 45: 35,1990,1.604,48.0
 2026- 04- 09 14: 45: 36,1991,1.604,48.0
 2026- 04- 09 14: 45: 36,1994,1.607,48.0
 2026- 04- 09 14: 45: 37,1991,1.604,48.0
 2026- 04- 09 14: 45: 37,1991,1.604,48.0
 2026- 04- 09 14: 45: 38,1990,1.604,48.0
 2026- 04- 09 14: 45: 38,1991,1.604,48.0
 2026- 04- 09 14: 45: 39,1985,1.6,48.0
 2026- 04- 09 14: 45: 39,1992,1.605,48.0
 2026- 04- 09 14: 45: 40,1968,1.586,48.0
 2026- 04- 09 14: 45: 40,1988,1.602,48.0
 2026- 04- 09 14: 45: 41,1990,1.604,48.0
 2026- 04- 09 14: 45: 41,1989,1.603,48.0
 2026- 04- 09 14: 45: 42,1986,1.6,48.0
 2026- 04- 09 14: 45: 42,1986,1.6,48.0
 2026- 04- 09 14: 45: 43,1991,1.604,48.0
 2026- 04- 09 14: 45: 43,1990,1.604,48.0
 2026- 04- 09 14: 45: 44,1989,1.603,48.0
 2026- 04- 09 14: 45: 44,1987,1.601,48.0
 2026- 04- 09 14: 45: 45,1987,1.601,48.0
 2026- 04- 09 14: 45: 45,1997,1.609,48.0
 2026- 04- 09 14: 45: 46,1989,1.603,48.0
 2026- 04- 09 14: 45: 46,1985,1.6,48.0
 2026- 04- 09 14: 45: 47,2021,1.629,49.0
 2026- 04- 09 14: 45: 47,1992,1.605,48.0
 2026- 04- 09 14: 45: 48,1988,1.602,48.0
 2026- 04- 09 14: 45: 48,1985,1.6,48.0
 2026- 04- 09 14: 45: 49,1993,1.606,48.0
 2026- 04- 09 14: 45: 49,1989,1.603,48.0
 2026- 04- 09 14: 45: 50,2022,1.629,49.0
 2026- 04- 09 14: 45: 50,1987,1.601,48.0
 2026- 04- 09 14: 45: 51,1993,1.606,48.0
 2026- 04- 09 14: 45: 51,1987,1.601,48.0
 2026- 04- 09 14: 45: 52,1991,1.604,48.0
 2026- 04- 09 14: 45: 52,1989,1.603,48.0
 2026- 04- 09 14: 45: 53,1989,1.603,48.0
 2026- 04- 09 14: 45: 53,1990,1.604,48.0
 2026- 04- 09 14: 45: 54,1993,1.606,48.0
 2026- 04- 09 14: 45: 54,1987,1.601,48.0
 2026- 04- 09 14: 45: 55,1988,1.602,48.0
 2026- 04- 09 14: 45: 55,1990,1.604,48.0
 2026- 04- 09 14: 45: 56,1990,1.604,48.0
 2026- 04- 09 14: 45: 56,1993,1.606,48.0
 2026- 04- 09 14: 45: 57,1987,1.601,48.0
 2026- 04- 09 14: 45: 57,1989,1.603,48.0
 2026- 04- 09 14: 45: 58,1985,1.6,48.0
 2026- 04- 09 14: 45: 58,1989,1.603,48.0
 2026- 04- 09 14: 45: 59,1991,1.604,48.0
 2026- 04- 09 14: 45: 59,1986,1.6,48.0
 2026- 04- 09 14: 46: 00,1988,1.602,48.0
 2026- 04- 09 14: 46: 00,1985,1.6,48.0
 2026- 04- 09 14: 46: 01,1993,1.606,48.0
 2026- 04- 09 14: 46: 01,1991,1.604,48.0
 2026- 04- 09 14: 46: 02,1986,1.6,48.0
 2026- 04- 09 14: 46: 02,1943,1.566,47.0
 2026- 04- 09 14: 46: 03,1994,1.607,48.0
 2026- 04- 09 14: 46: 03,1987,1.601,48.0
 2026- 04- 09 14: 46: 04,1986,1.6,48.0
 2026- 04- 09 14: 46: 04,1986,1.6,48.0
 2026- 04- 09 14: 46: 05,1990,1.604,48.0
 2026- 04- 09 14: 46: 05,1984,1.599,48.0
 2026- 04- 09 14: 46: 06,1990,1.604,48.0
 2026- 04- 09 14: 46: 06,1943,1.566,47.0
 2026- 04- 09 14: 46: 07,1991,1.604,48.0
 2026- 04- 09 14: 46: 07,1990,1.604,48.0
 2026- 04- 09 14: 46: 08,1987,1.601,48.0
 2026- 04- 09 14: 46: 08,1991,1.604,48.0
 2026- 04- 09 14: 46: 09,1990,1.604,48.0
 2026- 04- 09 14: 46: 09,1986,1.6,48.0
 2026- 04- 09 14: 46: 10,1988,1.602,48.0
 2026- 04- 09 14: 46: 10,1989,1.603,48.0
 2026- 04- 09 14: 46: 11,1989,1.603,48.0
 2026- 04- 09 14: 46: 11,1990,1.604,48.0
 2026- 04- 09 14: 46: 12,1984,1.599,48.0
 2026- 04- 09 14: 46: 12,1990,1.604,48.0
 2026- 04- 09 14: 46: 13,1990,1.604,48.0
 2026- 04- 09 14: 46: 13,1989,1.603,48.0
 2026- 04- 09 14: 46: 14,1971,1.588,48.0
 2026- 04- 09 14: 46: 14,1987,1.601,48.0
 2026- 04- 09 14: 46: 15,1986,1.6,48.0
 2026- 04- 09 14: 46: 15,1988,1.602,48.0
 2026- 04- 09 14: 46: 16,1986,1.6,48.0
 2026- 04- 09 14: 46: 16,1990,1.604,48.0
 2026- 04- 09 14: 46: 17,1990,1.604,48.0
 2026- 04- 09 14: 46: 17,1991,1.604,48.0
 2026- 04- 09 14: 46: 18,1987,1.601,48.0
 2026- 04- 09 14: 46: 18,1991,1.604,48.0
 2026- 04- 09 14: 46: 19,1967,1.585,48.0
 2026- 04- 09 14: 46: 19,1990,1.604,48.0
 2026- 04- 09 14: 46: 20,1987,1.601,48.0
 2026- 04- 09 14: 46: 20,1989,1.603,48.0
 2026- 04- 09 14: 46: 21,1989,1.603,48.0
 2026- 04- 09 14: 46: 21,1989,1.603,48.0
 2026- 04- 09 14: 46: 22,1987,1.601,48.0
 2026- 04- 09 14: 46: 22,1991,1.604,48.0
 2026- 04- 09 14: 46: 23,1986,1.6,48.0
 2026- 04- 09 14: 46: 23,1989,1.603,48.0
 2026- 04- 09 14: 46: 24,1991,1.604,48.0
 2026- 04- 09 14: 46: 24,1990,1.604,48.0
 2026- 04- 09 14: 46: 25,1978,1.594,48.0
 2026- 04- 09 14: 46: 25,1991,1.604,48.0
 2026- 04- 09 14: 46: 26,1985,1.6,48.0
 2026- 04- 09 14: 46: 26,1985,1.6,48.0
 2026- 04- 09 14: 46: 27,2000,1.612,48.0
 2026- 04- 09 14: 46: 27,1988,1.602,48.0
 2026- 04- 09 14: 46: 28,1989,1.603,48.0
 2026- 04- 09 14: 46: 28,1995,1.608,48.0
 2026- 04- 09 14: 46: 29,1990,1.604,48.0
 2026- 04- 09 14: 46: 29,1993,1.606,48.0
 2026- 04- 09 14: 46: 30,1987,1.601,48.0
 2026- 04- 09 14: 46: 30,1990,1.604,48.0
 2026- 04- 09 14: 46: 31,1987,1.601,48.0
 2026- 04- 09 14: 46: 31,1995,1.608,48.0
 2026- 04- 09 14: 46: 32,1987,1.601,48.0
 2026- 04- 09 14: 46: 32,1988,1.602,48.0
 2026- 04- 09 14: 46: 33,1991,1.604,48.0
 2026- 04- 09 14: 46: 33,1990,1.604,48.0
 2026- 04- 09 14: 46: 34,1990,1.604,48.0
 2026- 04- 09 14: 46: 34,1988,1.602,48.0
 2026- 04- 09 14: 46: 35,1987,1.601,48.0
 2026- 04- 09 14: 46: 35,1990,1.604,48.0
 2026- 04- 09 14: 46: 36,1995,1.608,48.0
 2026- 04- 09 14: 46: 36,1991,1.604,48.0
 2026- 04- 09 14: 46: 37,1994,1.607,48.0
 2026- 04- 09 14: 46: 37,1994,1.607,48.0
 2026- 04- 09 14: 46: 38,1987,1.601,48.0
 2026- 04- 09 14: 46: 38,1989,1.603,48.0
 2026- 04- 09 14: 46: 39,1990,1.604,48.0
 2026- 04- 09 14: 46: 39,1987,1.601,48.0
 2026- 04- 09 14: 46: 40,1990,1.604,48.0
 2026- 04- 09 14: 46: 40,1990,1.604,48.0
 2026- 04- 09 14: 46: 41,1989,1.603,48.0
 2026- 04- 09 14: 46: 41,1989,1.603,48.0
 2026- 04- 09 14: 46: 42,1991,1.604,48.0
 2026- 04- 09 14: 46: 42,1989,1.603,48.0
 2026- 04- 09 14: 46: 43,1991,1.604,48.0
 2026- 04- 09 14: 46: 43,1990,1.604,48.0
 2026- 04- 09 14: 46: 44,1988,1.602,48.0
 2026- 04- 09 14: 46: 44,1987,1.601,48.0
 2026- 04- 09 14: 46: 45,1991,1.604,48.0
 2026- 04- 09 14: 46: 45,1987,1.601,48.0
 2026- 04- 09 14: 46: 46,1993,1.606,48.0
 2026- 04- 09 14: 46: 46,1987,1.601,48.0
 2026- 04- 09 14: 46: 47,1987,1.601,48.0
 2026- 04- 09 14: 46: 47,1990,1.604,48.0
 2026- 04- 09 14: 46: 48,1996,1.608,48.0
 2026- 04- 09 14: 46: 48,1989,1.603,48.0
 2026- 04- 09 14: 46: 49,1989,1.603,48.0
 2026- 04- 09 14: 46: 49,1990,1.604,48.0
 2026- 04- 09 14: 46: 50,1993,1.606,48.0
 2026- 04- 09 14: 46: 50,1994,1.607,48.0
 2026- 04- 09 14: 46: 51,1986,1.6,48.0
 2026- 04- 09 14: 46: 51,1989,1.603,48.0
 2026- 04- 09 14: 46: 52,1985,1.6,48.0
 2026- 04- 09 14: 46: 52,1990,1.604,48.0
 2026- 04- 09 14: 46: 53,1990,1.604,48.0
 2026- 04- 09 14: 46: 53,1990,1.604,48.0
 2026- 04- 09 14: 46: 54,1990,1.604,48.0
 2026- 04- 09 14: 46: 54,1986,1.6,48.0
 2026- 04- 09 14: 46: 55,1988,1.602,48.0
 2026- 04- 09 14: 46: 55,1986,1.6,48.0
 2026- 04- 09 14: 46: 56,1989,1.603,48.0
 2026- 04- 09 14: 46: 56,1986,1.6,48.0
 2026- 04- 09 14: 46: 57,1990,1.604,48.0
 2026- 04- 09 14: 46: 57,2003,1.614,48.0
 2026- 04- 09 14: 46: 58,1994,1.607,48.0
 2026- 04- 09 14: 46: 58,1995,1.608,48.0
 2026- 04- 09 14: 46: 59,1989,1.603,48.0
 2026- 04- 09 14: 46: 59,1987,1.601,48.0
 2026- 04- 09 14: 47: 00,1987,1.601,48.0
 2026- 04- 09 14: 47: 00,1991,1.604,48.0
 2026- 04- 09 14: 47: 01,1985,1.6,48.0
 2026- 04- 09 14: 47: 01,1988,1.602,48.0
 2026- 04- 09 14: 47: 02,1987,1.601,48.0
 2026- 04- 09 14: 47: 02,1982,1.597,48.0
 2026- 04- 09 14: 47: 03,1990,1.604,48.0
 2026- 04- 09 14: 47: 03,1991,1.604,48.0
 2026- 04- 09 14: 47: 04,1988,1.602,48.0
 2026- 04- 09 14: 47: 04,1986,1.6,48.0
 2026- 04- 09 14: 47: 05,1987,1.601,48.0
 2026- 04- 09 14: 47: 05,1987,1.601,48.0
 2026- 04- 09 14: 47: 06,1986,1.6,48.0
 2026- 04- 09 14: 47: 06,1991,1.604,48.0
 2026- 04- 09 14: 47: 07,1989,1.603,48.0
 2026- 04- 09 14: 47: 07,1995,1.608,48.0
 2026- 04- 09 14: 47: 08,1990,1.604,48.0
 2026- 04- 09 14: 47: 08,1989,1.603,48.0
 2026- 04- 09 14: 47: 09,1993,1.606,48.0
 2026- 04- 09 14: 47: 09,1989,1.603,48.0
 2026- 04- 09 14: 47: 10,1988,1.602,48.0
 2026- 04- 09 14: 47: 10,1991,1.604,48.0
 2026- 04- 09 14: 47: 11,1988,1.602,48.0
 2026- 04- 09 14: 47: 11,1956,1.576,47.0
 2026- 04- 09 14: 47: 12,1987,1.601,48.0
 2026- 04- 09 14: 47: 12,1990,1.604,48.0
 2026- 04- 09 14: 47: 13,1994,1.607,48.0
 2026- 04- 09 14: 47: 13,1994,1.607,48.0
 2026- 04- 09 14: 47: 14,1987,1.601,48.0
 2026- 04- 09 14: 47: 14,1990,1.604,48.0
 2026- 04- 09 14: 47: 15,1995,1.608,48.0
 2026- 04- 09 14: 47: 15,1990,1.604,48.0
 2026- 04- 09 14: 47: 16,1991,1.604,48.0
 2026- 04- 09 14: 47: 16,1993,1.606,48.0
 2026- 04- 09 14: 47: 17,1990,1.604,48.0
 2026- 04- 09 14: 47: 17,1985,1.6,48.0
 2026- 04- 09 14: 47: 18,1986,1.6,48.0
 2026- 04- 09 14: 47: 18,1989,1.603,48.0
 2026- 04- 09 14: 47: 19,1987,1.601,48.0
 2026- 04- 09 14: 47: 19,1990,1.604,48.0
 2026- 04- 09 14: 47: 20,1990,1.604,48.0
 2026- 04- 09 14: 47: 20,1990,1.604,48.0
 2026- 04- 09 14: 47: 21,1991,1.604,48.0
 2026- 04- 09 14: 47: 21,1989,1.603,48.0
 2026- 04- 09 14: 47: 22,1988,1.602,48.0
 2026- 04- 09 14: 47: 22,1983,1.598,48.0
 2026- 04- 09 14: 47: 23,1984,1.599,48.0
 2026- 04- 09 14: 47: 23,1992,1.605,48.0
 2026- 04- 09 14: 47: 24,1984,1.599,48.0
 2026- 04- 09 14: 47: 24,1987,1.601,48.0
 2026- 04- 09 14: 47: 25,1986,1.6,48.0
 2026- 04- 09 14: 47: 25,1990,1.604,48.0
 2026- 04- 09 14: 47: 26,1989,1.603,48.0
 2026- 04- 09 14: 47: 26,1994,1.607,48.0
 2026- 04- 09 14: 47: 27,1963,1.582,47.0
 2026- 04- 09 14: 47: 27,1987,1.601,48.0
 2026- 04- 09 14: 47: 28,1986,1.6,48.0
 2026- 04- 09 14: 47: 28,1989,1.603,48.0
 2026- 04- 09 14: 47: 29,1990,1.604,48.0
 2026- 04- 09 14: 47: 29,1993,1.606,48.0
 2026- 04- 09 14: 47: 30,1994,1.607,48.0
 2026- 04- 09 14: 47: 30,1991,1.604,48.0
 2026- 04- 09 14: 47: 31,1987,1.601,48.0
 2026- 04- 09 14: 47: 31,1984,1.599,48.0
 2026- 04- 09 14: 47: 32,1989,1.603,48.0
 2026- 04- 09 14: 47: 32,1985,1.6,48.0
 2026- 04- 09 14: 47: 33,1987,1.601,48.0
 2026- 04- 09 14: 47: 33,1989,1.603,48.0
 2026- 04- 09 14: 47: 34,1989,1.603,48.0
 2026- 04- 09 14: 47: 34,1987,1.601,48.0
 2026- 04- 09 14: 47: 35,1995,1.608,48.0
 2026- 04- 09 14: 47: 35,1987,1.601,48.0
 2026- 04- 09 14: 47: 36,1995,1.608,48.0
 2026- 04- 09 14: 47: 36,1989,1.603,48.0
 2026- 04- 09 14: 47: 37,1987,1.601,48.0
 2026- 04- 09 14: 47: 37,1991,1.604,48.0
 2026- 04- 09 14: 47: 38,1990,1.604,48.0
 2026- 04- 09 14: 47: 38,1993,1.606,48.0
 2026- 04- 09 14: 47: 39,1993,1.606,48.0
 2026- 04- 09 14: 47: 39,1987,1.601,48.0
 2026- 04- 09 14: 47: 40,1989,1.603,48.0
 2026- 04- 09 14: 47: 40,1990,1.604,48.0
 2026- 04- 09 14: 47: 41,1989,1.603,48.0
 2026- 04- 09 14: 47: 41,1997,1.609,48.0
 2026- 04- 09 14: 47: 42,1985,1.6,48.0
 2026- 04- 09 14: 47: 42,1991,1.604,48.0
 2026- 04- 09 14: 47: 43,1988,1.602,48.0
 2026- 04- 09 14: 47: 43,1986,1.6,48.0
 2026- 04- 09 14: 47: 44,2035,1.64,49.0
 2026- 04- 09 14: 47: 44,1987,1.601,48.0
 2026- 04- 09 14: 47: 45,2007,1.617,49.0
 2026- 04- 09 14: 47: 45,1988,1.602,48.0
 2026- 04- 09 14: 47: 46,1989,1.603,48.0
 2026- 04- 09 14: 47: 46,1988,1.602,48.0
 2026- 04- 09 14: 47: 47,1991,1.604,48.0
 2026- 04- 09 14: 47: 47,1989,1.603,48.0
 2026- 04- 09 14: 47: 48,1993,1.606,48.0
 2026- 04- 09 14: 47: 48,1995,1.608,48.0
 2026- 04- 09 14: 47: 49,1991,1.604,48.0
 2026- 04- 09 14: 47: 49,1990,1.604,48.0
 2026- 04- 09 14: 47: 50,1987,1.601,48.0
 2026- 04- 09 14: 47: 50,1991,1.604,48.0
 2026- 04- 09 14: 47: 51,1991,1.604,48.0
 2026- 04- 09 14: 47: 51,2000,1.612,48.0
 2026- 04- 09 14: 47: 52,1990,1.604,48.0
 2026- 04- 09 14: 47: 52,1988,1.602,48.0
 2026- 04- 09 14: 47: 53,1938,1.562,47.0
 2026- 04- 09 14: 47: 53,1984,1.599,48.0
 2026- 04- 09 14: 47: 54,1997,1.609,48.0
 2026- 04- 09 14: 47: 54,1993,1.606,48.0
 2026- 04- 09 14: 47: 55,1989,1.603,48.0
 2026- 04- 09 14: 47: 55,1993,1.606,48.0
 2026- 04- 09 14: 47: 56,1994,1.607,48.0
 2026- 04- 09 14: 47: 56,1988,1.602,48.0
 2026- 04- 09 14: 47: 57,1987,1.601,48.0
 2026- 04- 09 14: 47: 57,1990,1.604,48.0
 2026- 04- 09 14: 47: 58,1987,1.601,48.0
 2026- 04- 09 14: 47: 58,1978,1.594,48.0
 2026- 04- 09 14: 47: 59,1984,1.599,48.0
 2026- 04- 09 14: 47: 59,1991,1.604,48.0
 2026- 04- 09 14: 48: 00,1993,1.606,48.0
 2026- 04- 09 14: 48: 00,1986,1.6,48.0
 2026- 04- 09 14: 48: 01,1987,1.601,48.0
 2026- 04- 09 14: 48: 01,1987,1.601,48.0
 2026- 04- 09 14: 48: 02,1988,1.602,48.0
 2026- 04- 09 14: 48: 02,1990,1.604,48.0
 2026- 04- 09 14: 48: 03,1989,1.603,48.0
 2026- 04- 09 14: 48: 03,1985,1.6,48.0
 2026- 04- 09 14: 48: 04,1991,1.604,48.0
 2026- 04- 09 14: 48: 04,1989,1.603,48.0
 2026- 04- 09 14: 48: 05,1990,1.604,48.0
 2026- 04- 09 14: 48: 05,1990,1.604,48.0
 2026- 04- 09 14: 48: 06,1989,1.603,48.0
 2026- 04- 09 14: 48: 06,1989,1.603,48.0
 2026- 04- 09 14: 48: 07,1984,1.599,48.0
 2026- 04- 09 14: 48: 07,1991,1.604,48.0
 2026- 04- 09 14: 48: 08,1987,1.601,48.0
 2026- 04- 09 14: 48: 08,1992,1.605,48.0
 2026- 04- 09 14: 48: 09,1987,1.601,48.0
 2026- 04- 09 14: 48: 09,1987,1.601,48.0
 2026- 04- 09 14: 48: 10,1990,1.604,48.0
 2026- 04- 09 14: 48: 10,1987,1.601,48.0
 2026- 04- 09 14: 48: 11,1991,1.604,48.0
 2026- 04- 09 14: 48: 11,1989,1.603,48.0
 2026- 04- 09 14: 48: 12,1991,1.604,48.0
 2026- 04- 09 14: 48: 12,1991,1.604,48.0
 2026- 04- 09 14: 48: 13,1986,1.6,48.0
 2026- 04- 09 14: 48: 13,1986,1.6,48.0
 2026- 04- 09 14: 48: 14,1989,1.603,48.0
 2026- 04- 09 14: 48: 14,1989,1.603,48.0
 2026- 04- 09 14: 48: 15,1986,1.6,48.0
 2026- 04- 09 14: 48: 15,1991,1.604,48.0
 2026- 04- 09 14: 48: 16,1990,1.604,48.0
 2026- 04- 09 14: 48: 16,1991,1.604,48.0
 2026- 04- 09 14: 48: 17,1987,1.601,48.0
 2026- 04- 09 14: 48: 17,1988,1.602,48.0
 2026- 04- 09 14: 48: 18,1982,1.597,48.0
 2026- 04- 09 14: 48: 18,1986,1.6,48.0
 2026- 04- 09 14: 48: 19,1988,1.602,48.0
 2026- 04- 09 14: 48: 19,2000,1.612,48.0
 2026- 04- 09 14: 48: 20,1990,1.604,48.0
 2026- 04- 09 14: 48: 20,1988,1.602,48.0
 2026- 04- 09 14: 48: 21,1987,1.601,48.0
 2026- 04- 09 14: 48: 21,1988,1.602,48.0
 2026- 04- 09 14: 48: 22,1988,1.602,48.0
 2026- 04- 09 14: 48: 22,1991,1.604,48.0
 2026- 04- 09 14: 48: 23,1989,1.603,48.0
 2026- 04- 09 14: 48: 23,1986,1.6,48.0
 2026- 04- 09 14: 48: 24,1987,1.601,48.0
 2026- 04- 09 14: 48: 24,1987,1.601,48.0
 2026- 04- 09 14: 48: 25,1993,1.606,48.0
 2026- 04- 09 14: 48: 25,1990,1.604,48.0
 2026- 04- 09 14: 48: 26,1993,1.606,48.0
 2026- 04- 09 14: 48: 26,1986,1.6,48.0
 2026- 04- 09 14: 48: 27,1989,1.603,48.0
 2026- 04- 09 14: 48: 27,1987,1.601,48.0
 2026- 04- 09 14: 48: 28,1989,1.603,48.0
 2026- 04- 09 14: 48: 28,1995,1.608,48.0
 2026- 04- 09 14: 48: 29,1990,1.604,48.0
 2026- 04- 09 14: 48: 29,1989,1.603,48.0
 2026- 04- 09 14: 48: 30,1987,1.601,48.0
 2026- 04- 09 14: 48: 30,1987,1.601,48.0
 2026- 04- 09 14: 48: 31,1989,1.603,48.0
 2026- 04- 09 14: 48: 31,2023,1.63,49.0
 2026- 04- 09 14: 48: 32,1990,1.604,48.0
 2026- 04- 09 14: 48: 32,1991,1.604,48.0
 2026- 04- 09 14: 48: 33,1989,1.603,48.0
 2026- 04- 09 14: 48: 33,1989,1.603,48.0
 2026- 04- 09 14: 48: 34,1985,1.6,48.0
 2026- 04- 09 14: 48: 34,1989,1.603,48.0
 2026- 04- 09 14: 48: 35,1989,1.603,48.0
 2026- 04- 09 14: 48: 35,1991,1.604,48.0
 2026- 04- 09 14: 48: 36,1985,1.6,48.0
 2026- 04- 09 14: 48: 36,1989,1.603,48.0
 2026- 04- 09 14: 48: 37,1987,1.601,48.0
 2026- 04- 09 14: 48: 37,1989,1.603,48.0
 2026- 04- 09 14: 48: 38,1990,1.604,48.0
 2026- 04- 09 14: 48: 38,1985,1.6,48.0
 2026- 04- 09 14: 48: 39,1988,1.602,48.0
 2026- 04- 09 14: 48: 39,1989,1.603,48.0
 2026- 04- 09 14: 48: 40,1989,1.603,48.0
 2026- 04- 09 14: 48: 40,1990,1.604,48.0
 2026- 04- 09 14: 48: 41,1994,1.607,48.0
 2026- 04- 09 14: 48: 41,1993,1.606,48.0
 2026- 04- 09 14: 48: 42,1990,1.604,48.0
 2026- 04- 09 14: 48: 42,1990,1.604,48.0
 2026- 04- 09 14: 48: 43,1990,1.604,48.0
 2026- 04- 09 14: 48: 43,2001,1.613,48.0
 2026- 04- 09 14: 48: 44,1997,1.609,48.0
 2026- 04- 09 14: 48: 44,1991,1.604,48.0
 2026- 04- 09 14: 48: 45,1989,1.603,48.0
 2026- 04- 09 14: 48: 45,1971,1.588,48.0
 2026- 04- 09 14: 48: 46,1986,1.6,48.0
 2026- 04- 09 14: 48: 46,1990,1.604,48.0
 2026- 04- 09 14: 48: 47,1987,1.601,48.0
 2026- 04- 09 14: 48: 47,1987,1.601,48.0
 2026- 04- 09 14: 48: 48,1986,1.6,48.0
 2026- 04- 09 14: 48: 48,1989,1.603,48.0
 2026- 04- 09 14: 48: 49,1987,1.601,48.0
 2026- 04- 09 14: 48: 49,1990,1.604,48.0
 2026- 04- 09 14: 48: 50,1987,1.601,48.0
 2026- 04- 09 14: 48: 50,1991,1.604,48.0
 2026- 04- 09 14: 48: 51,1987,1.601,48.0
 2026- 04- 09 14: 48: 51,1987,1.601,48.0
 2026- 04- 09 14: 48: 52,1989,1.603,48.0
 2026- 04- 09 14: 48: 52,1984,1.599,48.0
 2026- 04- 09 14: 48: 53,1990,1.604,48.0
 2026- 04- 09 14: 48: 53,1994,1.607,48.0
 2026- 04- 09 14: 48: 54,1990,1.604,48.0
 2026- 04- 09 14: 48: 54,1991,1.604,48.0
 2026- 04- 09 14: 48: 55,1987,1.601,48.0
 2026- 04- 09 14: 48: 55,1989,1.603,48.0
 2026- 04- 09 14: 48: 56,1988,1.602,48.0
 2026- 04- 09 14: 48: 56,1989,1.603,48.0
 2026- 04- 09 14: 48: 57,2002,1.613,48.0
 2026- 04- 09 14: 48: 57,1989,1.603,48.0
 2026- 04- 09 14: 48: 58,1990,1.604,48.0
 2026- 04- 09 14: 48: 58,1986,1.6,48.0
 2026- 04- 09 14: 48: 59,1989,1.603,48.0
 2026- 04- 09 14: 48: 59,1994,1.607,48.0
 2026- 04- 09 14: 49: 00,1990,1.604,48.0
 2026- 04- 09 14: 49: 00,1989,1.603,48.0
 2026- 04- 09 14: 49: 01,1989,1.603,48.0
 2026- 04- 09 14: 49: 01,1990,1.604,48.0
 2026- 04- 09 14: 49: 02,1965,1.584,47.0
 2026- 04- 09 14: 49: 02,1991,1.604,48.0
 2026- 04- 09 14: 49: 03,1985,1.6,48.0
 2026- 04- 09 14: 49: 03,1990,1.604,48.0
 2026- 04- 09 14: 49: 04,1991,1.604,48.0
 2026- 04- 09 14: 49: 04,1991,1.604,48.0
 2026- 04- 09 14: 49: 05,1991,1.604,48.0
 2026- 04- 09 14: 49: 05,1989,1.603,48.0
 2026- 04- 09 14: 49: 06,1993,1.606,48.0
 2026- 04- 09 14: 49: 06,1990,1.604,48.0
 2026- 04- 09 14: 49: 07,1988,1.602,48.0
 2026- 04- 09 14: 49: 07,1988,1.602,48.0
 2026- 04- 09 14: 49: 08,1988,1.602,48.0
 2026- 04- 09 14: 49: 08,1989,1.603,48.0
 2026- 04- 09 14: 49: 09,1987,1.601,48.0
 2026- 04- 09 14: 49: 09,1993,1.606,48.0
 2026- 04- 09 14: 49: 10,1990,1.604,48.0
 2026- 04- 09 14: 49: 10,1991,1.604,48.0
 2026- 04- 09 14: 49: 11,1987,1.601,48.0
 2026- 04- 09 14: 49: 11,1986,1.6,48.0
 2026- 04- 09 14: 49: 12,1987,1.601,48.0
 2026- 04- 09 14: 49: 12,1990,1.604,48.0
 2026- 04- 09 14: 49: 13,1996,1.608,48.0
 2026- 04- 09 14: 49: 13,1988,1.602,48.0
 2026- 04- 09 14: 49: 14,1984,1.599,48.0
 2026- 04- 09 14: 49: 14,1990,1.604,48.0
 2026- 04- 09 14: 49: 15,1995,1.608,48.0
 2026- 04- 09 14: 49: 15,1987,1.601,48.0
 2026- 04- 09 14: 49: 16,1991,1.604,48.0
 2026- 04- 09 14: 49: 16,1988,1.602,48.0
 2026- 04- 09 14: 49: 17,1989,1.603,48.0
 2026- 04- 09 14: 49: 17,1991,1.604,48.0
 2026- 04- 09 14: 49: 18,1990,1.604,48.0
 2026- 04- 09 14: 49: 18,2001,1.613,48.0
 2026- 04- 09 14: 49: 19,1990,1.604,48.0
 2026- 04- 09 14: 49: 19,1987,1.601,48.0
 2026- 04- 09 14: 49: 20,1993,1.606,48.0
 2026- 04- 09 14: 49: 20,1991,1.604,48.0
 2026- 04- 09 14: 49: 21,1994,1.607,48.0
 2026- 04- 09 14: 49: 21,1989,1.603,48.0
 2026- 04- 09 14: 49: 22,1986,1.6,48.0
 2026- 04- 09 14: 49: 22,1987,1.601,48.0
 2026- 04- 09 14: 49: 23,1985,1.6,48.0
 2026- 04- 09 14: 49: 23,1990,1.604,48.0
 2026- 04- 09 14: 49: 24,1990,1.604,48.0
 2026- 04- 09 14: 49: 24,1993,1.606,48.0
 2026- 04- 09 14: 49: 25,1991,1.604,48.0
 2026- 04- 09 14: 49: 25,1987,1.601,48.0
 2026- 04- 09 14: 49: 26,1989,1.603,48.0
 2026- 04- 09 14: 49: 26,1988,1.602,48.0
 2026- 04- 09 14: 49: 27,1991,1.604,48.0
 2026- 04- 09 14: 49: 27,1989,1.603,48.0
 2026- 04- 09 14: 49: 28,1990,1.604,48.0
 2026- 04- 09 14: 49: 28,1989,1.603,48.0
 2026- 04- 09 14: 49: 29,1993,1.606,48.0
 2026- 04- 09 14: 49: 29,1993,1.606,48.0
 2026- 04- 09 14: 49: 30,1993,1.606,48.0
 2026- 04- 09 14: 49: 30,1993,1.606,48.0
 2026- 04- 09 14: 49: 31,1990,1.604,48.0
 2026- 04- 09 14: 49: 31,1989,1.603,48.0
 2026- 04- 09 14: 49: 32,1990,1.604,48.0
 2026- 04- 09 14: 49: 32,1989,1.603,48.0
 2026- 04- 09 14: 49: 33,1990,1.604,48.0
 2026- 04- 09 14: 49: 33,1993,1.606,48.0
 2026- 04- 09 14: 49: 34,1995,1.608,48.0
 2026- 04- 09 14: 49: 34,1991,1.604,48.0
 2026- 04- 09 14: 49: 35,1991,1.604,48.0
 2026- 04- 09 14: 49: 35,1989,1.603,48.0
 2026- 04- 09 14: 49: 36,1991,1.604,48.0
 2026- 04- 09 14: 49: 36,1990,1.604,48.0
 2026- 04- 09 14: 49: 37,1993,1.606,48.0
 2026- 04- 09 14: 49: 37,1993,1.606,48.0
 2026- 04- 09 14: 49: 38,1997,1.609,48.0
 2026- 04- 09 14: 49: 38,1994,1.607,48.0
 2026- 04- 09 14: 49: 39,1990,1.604,48.0
 2026- 04- 09 14: 49: 39,1986,1.6,48.0
 2026- 04- 09 14: 49: 40,1990,1.604,48.0
 2026- 04- 09 14: 49: 40,1987,1.601,48.0
 2026- 04- 09 14: 49: 41,1990,1.604,48.0
 2026- 04- 09 14: 49: 41,1987,1.601,48.0
 2026- 04- 09 14: 49: 42,1989,1.603,48.0
 2026- 04- 09 14: 49: 42,1987,1.601,48.0
 2026- 04- 09 14: 49: 43,1985,1.6,48.0
 2026- 04- 09 14: 49: 43,1992,1.605,48.0
 2026- 04- 09 14: 49: 44,1988,1.602,48.0
 2026- 04- 09 14: 49: 44,1991,1.604,48.0
 2026- 04- 09 14: 49: 45,2000,1.612,48.0
 2026- 04- 09 14: 49: 45,1985,1.6,48.0
 2026- 04- 09 14: 49: 46,1991,1.604,48.0
 2026- 04- 09 14: 49: 46,1987,1.601,48.0
 2026- 04- 09 14: 49: 47,1983,1.598,48.0
 2026- 04- 09 14: 49: 47,1989,1.603,48.0
 2026- 04- 09 14: 49: 48,1993,1.606,48.0
 2026- 04- 09 14: 49: 48,1994,1.607,48.0
 2026- 04- 09 14: 49: 49,1994,1.607,48.0
 2026- 04- 09 14: 49: 49,1995,1.608,48.0
 2026- 04- 09 14: 49: 50,1991,1.604,48.0
 2026- 04- 09 14: 49: 50,1995,1.608,48.0
 2026- 04- 09 14: 49: 51,1985,1.6,48.0
 2026- 04- 09 14: 49: 51,1991,1.604,48.0
 2026- 04- 09 14: 49: 52,1989,1.603,48.0
 2026- 04- 09 14: 49: 52,1985,1.6,48.0
 2026- 04- 09 14: 49: 53,1990,1.604,48.0
 2026- 04- 09 14: 49: 53,1994,1.607,48.0
 2026- 04- 09 14: 49: 54,1986,1.6,48.0
 2026- 04- 09 14: 49: 54,1991,1.604,48.0
 2026- 04- 09 14: 49: 55,3,1.606,48.0
 2026- 04- 09 14: 49: 55,1991,1.604,48.0
 2026- 04- 09 14: 49: 56,1993,1.606,48.0
 2026- 04- 09 14: 49: 56,1989,1.603,48.0
 2026- 04- 09 14: 49: 57,1987,1.601,48.0
 2026- 04- 09 14: 49: 57,1989,1.603,48.0
 2026- 04- 09 14: 49: 58,1990,1.604,48.0
 2026- 04- 09 14: 49: 58,1990,1.604,48.0
 2026- 04- 09 14: 49: 59,1990,1.604,48.0
 2026- 04- 09 14: 49: 59,1990,1.604,48.0
 2026- 04- 09 14: 50: 00,1987,1.601,48.0
 2026- 04- 09 14: 50: 00,1989,1.603,48.0
 2026- 04- 09 14: 50: 01,1990,1.604,48.0
 2026- 04- 09 14: 50: 01,1990,1.604,48.0
 2026- 04- 09 14: 50: 02,1993,1.606,48.0
 2026- 04- 09 14: 50: 02,1990,1.604,48.0
 2026- 04- 09 14: 50: 03,1987,1.601,48.0
 2026- 04- 09 14: 50: 03,1987,1.601,48.0
 2026- 04- 09 14: 50: 04,1989,1.603,48.0
 2026- 04- 09 14: 50: 04,1993,1.606,48.0
 2026- 04- 09 14: 50: 05,1987,1.601,48.0
 2026- 04- 09 14: 50: 05,1991,1.604,48.0
 2026- 04- 09 14: 50: 06,1990,1.604,48.0
 2026- 04- 09 14: 50: 06,1988,1.602,48.0
 2026- 04- 09 14: 50: 07,1994,1.607,48.0
 2026- 04- 09 14: 50: 07,1991,1.604,48.0
 2026- 04- 09 14: 50: 08,1987,1.601,48.0
 2026- 04- 09 14: 50: 08,1985,1.6,48.0
 2026- 04- 09 14: 50: 09,1990,1.604,48.0
 2026- 04- 09 14: 50: 09,1989,1.603,48.0
 2026- 04- 09 14: 50: 10,1991,1.604,48.0
 2026- 04- 09 14: 50: 10,1970,1.588,48.0
 2026- 04- 09 14: 50: 11,1451,1.169,35.0
 2026- 04- 09 14: 50: 11,941,0.758,22.0
 2026- 04- 09 14: 50: 12,1965,1.584,47.0
 2026- 04- 09 14: 50: 12,1812,1.46,44.0
 2026- 04- 09 14: 50: 13,657,0.529,16.0
 2026- 04- 09 14: 50: 13,1712,1.38,41.0
 2026- 04- 09 14: 50: 14,2119,1.708,51.0
 2026- 04- 09 14: 50: 14,2119,1.708,51.0
 2026- 04- 09 14: 50: 15,2119,1.708,51.0
 2026- 04- 09 14: 50: 15,2119,1.708,51.0
 2026- 04- 09 14: 50: 16,2119,1.708,51.0
 2026- 04- 09 14: 50: 16,2127,1.714,51.0
 2026- 04- 09 14: 50: 17,2117,1.706,51.0
 2026- 04- 09 14: 50: 17,2115,1.704,51.0
 2026- 04- 09 14: 50: 18,2119,1.708,51.0
 2026- 04- 09 14: 50: 18,2116,1.705,51.0
 2026- 04- 09 14: 50: 19,2119,1.708,51.0
 2026- 04- 09 14: 50: 19,2198,1.771,53.0
 2026- 04- 09 14: 50: 20,2125,1.712,51.0
 2026- 04- 09 14: 50: 20,2125,1.712,51.0
 2026- 04- 09 14: 50: 21,2117,1.706,51.0
 2026- 04- 09 14: 50: 21,2118,1.707,51.0
 2026- 04- 09 14: 50: 22,2122,1.71,51.0
 2026- 04- 09 14: 50: 22,2121,1.709,51.0
 2026- 04- 09 14: 50: 23,2122,1.71,51.0
 2026- 04- 09 14: 50: 23,2118,1.707,51.0
 2026- 04- 09 14: 50: 24,2121,1.709,51.0
 2026- 04- 09 14: 50: 24,2126,1.713,51.0
 2026- 04- 09 14: 50: 25,2122,1.71,51.0
 2026- 04- 09 14: 50: 25,2125,1.712,51.0
 2026- 04- 09 14: 50: 26,2123,1.711,51.0
 2026- 04- 09 14: 50: 26,2121,1.709,51.0
 2026- 04- 09 14: 50: 27,2119,1.708,51.0
 2026- 04- 09 14: 50: 27,2119,1.708,51.0
 2026- 04- 09 14: 50: 28,2122,1.71,51.0
 2026- 04- 09 14: 50: 28,2119,1.708,51.0
 2026- 04- 09 14: 50: 29,2121,1.709,51.0
 2026- 04- 09 14: 50: 29,2118,1.707,51.0
 2026- 04- 09 14: 50: 30,2119,1.708,51.0
 2026- 04- 09 14: 50: 30,2122,1.71,51.0
 2026- 04- 09 14: 50: 31,2119,1.708,51.0
 2026- 04- 09 14: 50: 31,2122,1.71,51.0
 2026- 04- 09 14: 50: 32,2121,1.709,51.0
 2026- 04- 09 14: 50: 32,2115,1.704,51.0
 2026- 04- 09 14: 50: 33,2122,1.71,51.0
 2026- 04- 09 14: 50: 33,2041,1.645,49.0
 2026- 04- 09 14: 50: 34,1738,1.401,42.0
 2026- 04- 09 14: 50: 34,1741,1.403,42.0
 2026- 04- 09 14: 50: 35,1734,1.397,42.0
 2026- 04- 09 14: 50: 35,1739,1.401,42.0
 2026- 04- 09 14: 50: 36,1743,1.405,42.0
 2026- 04- 09 14: 50: 36,1741,1.403,42.0
 2026- 04- 09 14: 50: 37,1731,1.395,42.0
 2026- 04- 09 14: 50: 37,1744,1.405,42.0
 2026- 04- 09 14: 50: 38,1740,1.402,42.0
 2026- 04- 09 14: 50: 38,1744,1.405,42.0
 2026- 04- 09 14: 50: 39,1741,1.403,42.0
 2026- 04- 09 14: 50: 39,1739,1.401,42.0
 2026- 04- 09 14: 50: 40,1743,1.405,42.0
 2026- 04- 09 14: 50: 40,1743,1.405,42.0
 2026- 04- 09 14: 50: 41,1741,1.403,42.0
 2026- 04- 09 14: 50: 41,1739,1.401,42.0
 2026- 04- 09 14: 50: 42,1741,1.403,42.0
 2026- 04- 09 14: 50: 42,1749,1.409,42.0
 2026- 04- 09 14: 50: 43,1743,1.405,42.0
 2026- 04- 09 14: 50: 43,1744,1.405,42.0
 2026- 04- 09 14: 50: 44,1742,1.404,42.0
 2026- 04- 09 14: 50: 44,1743,1.405,42.0
 2026- 04- 09 14: 50: 45,1778,1.433,43.0
 2026- 04- 09 14: 50: 45,1737,1.4,42.0
 2026- 04- 09 14: 50: 46,1738,1.401,42.0
 2026- 04- 09 14: 50: 46,1737,1.4,42.0
 2026- 04- 09 14: 50: 47,1743,1.405,42.0
 2026- 04- 09 14: 50: 47,1741,1.403,42.0
 2026- 04- 09 14: 50: 48,1740,1.402,42.0
 2026- 04- 09 14: 50: 48,1702,1.372,41.0
 2026- 04- 09 14: 50: 49,1429,1.152,34.0
 2026- 04- 09 14: 50: 49,1423,1.147,34.0
 2026- 04- 09 14: 50: 50,1423,1.147,34.0
 2026- 04- 09 14: 50: 50,1426,1.149,34.0
 2026- 04- 09 14: 50: 51,1423,1.147,34.0
 2026- 04- 09 14: 50: 51,1424,1.148,34.0
 2026- 04- 09 14: 50: 52,1425,1.148,34.0
 2026- 04- 09 14: 50: 52,1426,1.149,34.0
 2026- 04- 09 14: 50: 53,1424,1.148,34.0
 2026- 04- 09 14: 50: 53,1425,1.148,34.0
 2026- 04- 09 14: 50: 54,1425,1.148,34.0
 2026- 04- 09 14: 50: 54,1424,1.148,34.0
 2026- 04- 09 14: 50: 55,1424,1.148,34.0
 2026- 04- 09 14: 50: 55,1424,1.148,34.0
 2026- 04- 09 14: 50: 56,1425,1.148,34.0
 2026- 04- 09 14: 50: 56,1424,1.148,34.0
 2026- 04- 09 14: 50: 57,1424,1.148,34.0
 2026- 04- 09 14: 50: 57,1424,1.148,34.0
 2026- 04- 09 14: 50: 58,1424,1.148,34.0
 2026- 04- 09 14: 50: 58,1422,1.146,34.0
 2026- 04- 09 14: 50: 59,1426,1.149,34.0
 2026- 04- 09 14: 50: 59,1427,1.15,34.0
 2026- 04- 09 14: 51: 00,1425,1.148,34.0
 2026- 04- 09 14: 51: 00,1429,1.152,34.0
 2026- 04- 09 14: 51: 01,1392,1.122,33.0
 2026- 04- 09 14: 51: 01,1424,1.148,34.0
 2026- 04- 09 14: 51: 02,1426,1.149,34.0
 2026- 04- 09 14: 51: 02,1424,1.148,34.0
 2026- 04- 09 14: 51: 03,1424,1.148,34.0
 2026- 04- 09 14: 51: 03,1428,1.151,34.0
 2026- 04- 09 14: 51: 04,1424,1.148,34.0
 2026- 04- 09 14: 51: 04,1424,1.148,34.0
 2026- 04- 09 14: 51: 05,1424,1.148,34.0
 2026- 04- 09 14: 51: 05,1423,1.147,34.0
 2026- 04- 09 14: 51: 06,1425,1.148,34.0
 2026- 04- 09 14: 51: 06,1425,1.148,34.0
 2026- 04- 09 14: 51: 07,1424,1.148,34.0
 2026- 04- 09 14: 51: 07,1424,1.148,34.0
 2026- 04- 09 14: 51: 08,1424,1.148,34.0
 2026- 04- 09 14: 51: 08,1425,1.148,34.0
 2026- 04- 09 14: 51: 09,1424,1.148,34.0
 2026- 04- 09 14: 51: 09,1424,1.148,34.0
 2026- 04- 09 14: 51: 10,1424,1.148,34.0
 2026- 04- 09 14: 51: 10,1424,1.148,34.0
 2026- 04- 09 14: 51: 11,1426,1.149,34.0
 2026- 04- 09 14: 51: 11,1424,1.148,34.0
 2026- 04- 09 14: 51: 12,1425,1.148,34.0
 2026- 04- 09 14: 51: 12,1424,1.148,34.0
 2026- 04- 09 14: 51: 13,1426,1.149,34.0
 2026- 04- 09 14: 51: 13,1426,1.149,34.0
 2026- 04- 09 14: 51: 14,1423,1.147,34.0
 2026- 04- 09 14: 51: 14,1424,1.148,34.0
 2026- 04- 09 14: 51: 15,1422,1.146,34.0
 2026- 04- 09 14: 51: 15,1426,1.149,34.0
 2026- 04- 09 14: 51: 16,1424,1.148,34.0
 2026- 04- 09 14: 51: 16,1424,1.148,34.0
 2026- 04- 09 14: 51: 17,1424,1.148,34.0
 2026- 04- 09 14: 51: 17,1414,1.139,34.0
 2026- 04- 09 14: 51: 18,1395,1.124,34.0
 2026- 04- 09 14: 51: 18,1425,1.148,34.0
 2026- 04- 09 14: 51: 19,1426,1.149,34.0
 2026- 04- 09 14: 51: 19,1423,1.147,34.0
 2026- 04- 09 14: 51: 20,1436,1.157,35.0
 2026- 04- 09 14: 51: 20,1424,1.148,34.0
 2026- 04- 09 14: 51: 21,1427,1.15,34.0
 2026- 04- 09 14: 51: 21,1422,1.146,34.0
 2026- 04- 09 14: 51: 22,1429,1.152,34.0
 2026- 04- 09 14: 51: 22,1424,1.148,34.0
 2026- 04- 09 14: 51: 23,1433,1.155,34.0
 2026- 04- 09 14: 51: 23,1424,1.148,34.0
 2026- 04- 09 14: 51: 24,1427,1.15,34.0
 2026- 04- 09 14: 51: 24,1424,1.148,34.0
 2026- 04- 09 14: 51: 25,1425,1.148,34.0
 2026- 04- 09 14: 51: 25,1425,1.148,34.0
 2026- 04- 09 14: 51: 26,1427,1.15,34.0
 2026- 04- 09 14: 51: 26,1424,1.148,34.0
 2026- 04- 09 14: 51: 27,1424,1.148,34.0
 2026- 04- 09 14: 51: 27,1424,1.148,34.0
 2026- 04- 09 14: 51: 28,1465,1.181,35.0
 2026- 04- 09 14: 51: 28,1422,1.146,34.0
 2026- 04- 09 14: 51: 29,1424,1.148,34.0
 2026- 04- 09 14: 51: 29,1424,1.148,34.0
 2026- 04- 09 14: 51: 30,1424,1.148,34.0
 2026- 04- 09 14: 51: 30,1424,1.148,34.0
 2026- 04- 09 14: 51: 31,1427,1.15,34.0
 2026- 04- 09 14: 51: 31,1433,1.155,34.0
 2026- 04- 09 14: 51: 32,1424,1.148,34.0
 2026- 04- 09 14: 51: 32,1378,1.11,33.0
 2026- 04- 09 14: 51: 33,1424,1.148,34.0
 2026- 04- 09 14: 51: 33,1424,1.148,34.0
 2026- 04- 09 14: 51: 34,1424,1.148,34.0
 2026- 04- 09 14: 51: 34,1424,1.148,34.0
 2026- 04- 09 14: 51: 35,1427,1.15,34.0
 2026- 04- 09 14: 51: 35,1426,1.149,34.0
 2026- 04- 09 14: 51: 36,1424,1.148,34.0
 2026- 04- 09 14: 51: 36,424,1.148,34.0
 2026- 04- 09 14: 51: 37,1429,1.152,34.0
 2026- 04- 09 14: 51: 37,1423,1.147,34.0
 2026- 04- 09 14: 51: 38,1429,1.152,34.0
 2026- 04- 09 14: 51: 38,1424,1.148,34.0
 2026- 04- 09 14: 51: 39,1424,1.148,34.0
 2026- 04- 09 14: 51: 39,1425,1.148,34.0
 2026- 04- 09 14: 51: 40,1425,1.148,34.0
 2026- 04- 09 14: 51: 40,1424,1.148,34.0
 2026- 04- 09 14: 51: 41,1424,1.148,34.0
 2026- 04- 09 14: 51: 41,1424,1.148,34.0
 2026- 04- 09 14: 51: 42,1426,1.149,34.0
 2026- 04- 09 14: 51: 42,1426,1.149,34.0
 2026- 04- 09 14: 51: 43,1429,1.152,34.0
 2026- 04- 09 14: 51: 43,1424,1.148,34.0
 2026- 04- 09 14: 51: 44,1424,1.148,34.0
 2026- 04- 09 14: 51: 44,1424,1.148,34.0
 2026- 04- 09 14: 51: 45,1424,1.148,34.0
 2026- 04- 09 14: 51: 45,1430,1.152,34.0
 2026- 04- 09 14: 51: 46,1424,1.148,34.0
 2026- 04- 09 14: 51: 46,1424,1.148,34.0
 2026- 04- 09 14: 51: 47,1424,1.148,34.0
 2026- 04- 09 14: 51: 47,1425,1.148,34.0
 2026- 04- 09 14: 51: 48,1424,1.148,34.0
 2026- 04- 09 14: 51: 48,1424,1.148,34.0
 2026- 04- 09 14: 51: 49,1427,1.15,34.0
 2026- 04- 09 14: 51: 49,1424,1.148,34.0
 2026- 04- 09 14: 51: 50,1424,1.148,34.0
 2026- 04- 09 14: 51: 50,1427,1.15,34.0
 2026- 04- 09 14: 51: 51,1424,1.148,34.0
 2026- 04- 09 14: 51: 51,1424,1.148,34.0
 2026- 04- 09 14: 51: 52,1424,1.148,34.0
 2026- 04- 09 14: 51: 52,1424,1.148,34.0
 2026- 04- 09 14: 51: 53,1424,1.148,34.0
 2026- 04- 09 14: 51: 53,1424,1.148,34.0
 2026- 04- 09 14: 51: 54,1424,1.148,34.0
 2026- 04- 09 14: 51: 54,1425,1.148,34.0
 2026- 04- 09 14: 51: 55,1424,1.148,34.0
 2026- 04- 09 14: 51: 55,1426,1.149,34.0
 2026- 04- 09 14: 51: 56,1426,1.149,34.0
 2026- 04- 09 14: 51: 56,1425,1.148,34.0
 2026- 04- 09 14: 51: 57,1427,1.15,34.0
 2026- 04- 09 14: 51: 57,1424,1.148,34.0
 2026- 04- 09 14: 51: 58,1421,1.145,34.0
 2026- 04- 09 14: 51: 58,1424,1.148,34.0
 2026- 04- 09 14: 51: 59,1423,1.147,34.0
 2026- 04- 09 14: 51: 59,1424,1.148,34.0
 2026- 04- 09 14: 52: 00,1424,1.148,34.0
 2026- 04- 09 14: 52: 00,1424,1.148,34.0
 2026- 04- 09 14: 52: 01,1424,1.148,34.0
 2026- 04- 09 14: 52: 01,1427,1.15,34.0
 2026- 04- 09 14: 52: 02,1424,1.148,34.0
 2026- 04- 09 14: 52: 02,1424,1.148,34.0
 2026- 04- 09 14: 52: 03,1424,1.148,34.0
 2026- 04- 09 14: 52: 03,1424,1.148,34.0
 2026- 04- 09 14: 52: 04,1424,1.148,34.0
 2026- 04- 09 14: 52: 04,1424,1.148,34.0
 2026- 04- 09 14: 52: 05,1424,1.148,34.0
 2026- 04- 09 14: 52: 05,1424,1.148,34.0
 2026- 04- 09 14: 52: 06,1425,1.148,34.0
 2026- 04- 09 14: 52: 06,1424,1.148,34.0
 2026- 04- 09 14: 52: 07,1421,1.145,34.0
 2026- 04- 09 14: 52: 07,1420,1.144,34.0
 2026- 04- 09 14: 52: 08,1424,1.148,34.0
 2026- 04- 09 14: 52: 08,1426,1.149,34.0
 2026- 04- 09 14: 52: 09,1427,1.15,34.0
 2026- 04- 09 14: 52: 09,1424,1.148,34.0
 2026- 04- 09 14: 52: 10,1426,1.149,34.0
 2026- 04- 09 14: 52: 10,1408,1.135,34.0
 2026- 04- 09 14: 52: 11,1424,1.148,34.0
 2026- 04- 09 14: 52: 11,1425,1.148,34.0
 2026- 04- 09 14: 52: 12,1426,1.149,34.0
 2026- 04- 09 14: 52: 12,1426,1.149,34.0
 2026- 04- 09 14: 52: 13,1424,1.148,34.0
 2026- 04- 09 14: 52: 13,1425,1.148,34.0
 2026- 04- 09 14: 52: 14,1426,1.149,34.0
 2026- 04- 09 14: 52: 14,1424,1.148,34.0
 2026- 04- 09 14: 52: 15,1424,1.148,34.0
 2026- 04- 09 14: 52: 15,1422,1.146,34.0
 2026- 04- 09 14: 52: 16,1424,1.148,34.0
 2026- 04- 09 14: 52: 16,1424,1.148,34.0
 2026- 04- 09 14: 52: 17,1424,1.148,34.0
 2026- 04- 09 14: 52: 17,1424,1.148,34.0
 2026- 04- 09 14: 52: 18,1425,1.148,34.0
 2026- 04- 09 14: 52: 18,1424,1.148,34.0
 2026- 04- 09 14: 52: 19,1424,1.148,34.0
 2026- 04- 09 14: 52: 19,1424,1.148,34.0
 2026- 04- 09 14: 52: 20,1424,1.148,34.0
 2026- 04- 09 14: 52: 20,1425,1.148,34.0
 2026- 04- 09 14: 52: 21,1424,1.148,34.0
 2026- 04- 09 14: 52: 21,1424,1.148,34.0
 2026- 04- 09 14: 52: 22,1424,1.148,34.0
 2026- 04- 09 14: 52: 22,1433,1.155,34.0
 2026- 04- 09 14: 52: 23,1421,1.145,34.0
 2026- 04- 09 14: 52: 23,1429,1.152,34.0
 2026- 04- 09 14: 52: 24,1426,1.149,34.0
 2026- 04- 09 14: 52: 24,1415,1.14,34.0
 2026- 04- 09 14: 52: 25,1424,1.148,34.0
 2026- 04- 09 14: 52: 25,1424,1.148,34.0
 2026- 04- 09 14: 52: 26,1425,1.148,34.0
 2026- 04- 09 14: 52: 26,1425,1.148,34.0
 2026- 04- 09 14: 52: 27,1424,1.148,34.0
 2026- 04- 09 14: 52: 27,1426,1.149,34.0
 2026- 04- 09 14: 52: 28,1424,1.148,34.0
 2026- 04- 09 14: 52: 28,1424,1.148,34.0
 2026- 04- 09 14: 52: 29,1438,1.159,35.0
 2026- 04- 09 14: 52: 29,1424,1.148,34.0
 2026- 04- 09 14: 52: 30,1425,1.148,34.0
 2026- 04- 09 14: 52: 30,1426,1.149,34.0
 2026- 04- 09 14: 52: 31,1426,1.149,34.0
 2026- 04- 09 14: 52: 31,1425,1.148,34.0
 2026- 04- 09 14: 52: 32,1424,1.148,34.0
 2026- 04- 09 14: 52: 32,1424,1.148,34.0
 2026- 04- 09 14: 52: 33,1424,1.148,34.0
 2026- 04- 09 14: 52: 33,1424,1.148,34.0
 2026- 04- 09 14: 52: 34,1427,1.15,34.0
 2026- 04- 09 14: 52: 34,1429,1.152,34.0
 2026- 04- 09 14: 52: 35,1426,1.149,34.0
 2026- 04- 09 14: 52: 35,1424,1.148,34.0
 2026- 04- 09 14: 52: 36,1424,1.148,34.0
 2026- 04- 09 14: 52: 36,1422,1.146,34.0
 2026- 04- 09 14: 52: 37,1424,1.148,34.0
 2026- 04- 09 14: 52: 37,1428,1.151,34.0
 2026- 04- 09 14: 52: 38,1424,1.148,34.0
 2026- 04- 09 14: 52: 38,1425,1.148,34.0
 2026- 04- 09 14: 52: 39,1424,1.148,34.0
 2026- 04- 09 14: 52: 39,1423,1.147,34.0
 2026- 04- 09 14: 52: 40,1424,1.148,34.0
 2026- 04- 09 14: 52: 40,1424,1.148,34.0
 2026- 04- 09 14: 52: 41,1424,1.148,34.0
 2026- 04- 09 14: 52: 41,1420,1.144,34.0
 2026- 04- 09 14: 52: 42,1431,1.153,34.0
 2026- 04- 09 14: 52: 42,1424,1.148,34.0
 2026- 04- 09 14: 52: 43,1424,1.148,34.0
 2026- 04- 09 14: 52: 43,1422,1.146,34.0
 2026- 04- 09 14: 52: 44,1424,1.148,34.0
 2026- 04- 09 14: 52: 44,1424,1.148,34.0
 2026- 04- 09 14: 52: 45,1424,1.148,34.0
 2026- 04- 09 14: 52: 45,1424,1.148,34.0
 2026- 04- 09 14: 52: 46,1426,1.149,34.0
 2026- 04- 09 14: 52: 46,1424,1.148,34.0
 2026- 04- 09 14: 52: 47,1426,1.149,34.0
 2026- 04- 09 14: 52: 47,1424,1.148,34.0
 2026- 04- 09 14: 52: 48,1086,0.875,26.0
 2026- 04- 09 14: 52: 48,287,0.231,7.0
 2026- 04- 09 14: 52: 49,1787,1.44,43.0
 2026- 04- 09 14: 52: 49,1693,1.364,41.0
 2026- 04- 09 14: 52: 50,753,0.607,18.0
 2026- 04- 09 14: 52: 50,683,0.55,16.0
 2026- 04- 09 14: 52: 51,682,0.55,16.0
 2026- 04- 09 14: 52: 51,687,0.554,16.0
 2026- 04- 09 14: 52: 52,688,0.554,16.0
 2026- 04- 09 14: 52: 52,688,0.554,16.0
 2026- 04- 09 14: 52: 53,688,0.554,16.0
 2026- 04- 09 14: 52: 53,686,0.553,16.0
 2026- 04- 09 14: 52: 54,688,0.554,16.0
 2026- 04- 09 14: 52: 54,687,0.554,16.0
 2026- 04- 09 14: 52: 55,685,0.552,16.0
 2026- 04- 09 14: 52: 55,688,0.554,16.0
 2026- 04- 09 14: 52: 56,685,0.552,16.0
 2026- 04- 09 14: 52: 56,685,0.552,16.0
 2026- 04- 09 14: 52: 57,688,0.554,16.0
 2026- 04- 09 14: 52: 57,688,0.554,16.0
 2026- 04- 09 14: 52: 58,687,0.554,16.0
 2026- 04- 09 14: 52: 58,687,0.554,16.0
 2026- 04- 09 14: 52: 59,682,0.55,16.0
 2026- 04- 09 14: 52: 59,688,0.554,16.0
 2026- 04- 09 14: 53: 00,735,0.592,17.0
 2026- 04- 09 14: 53: 00,687,0.554,16.0
 2026- 04- 09 14: 53: 01,686,0.553,16.0
 2026- 04- 09 14: 53: 01,686,0.553,16.0
 2026- 04- 09 14: 53: 02,688,0.554,16.0
 2026- 04- 09 14: 53: 02,686,0.553,16.0
 2026- 04- 09 14: 53: 03,689,0.555,16.0
 2026- 04- 09 14: 53: 03,687,0.554,16.0
 2026- 04- 09 14: 53: 04,687,0.554,16.0
 2026- 04- 09 14: 53: 04,688,0.554,16.0
 2026- 04- 09 14: 53: 05,688,0.554,16.0
 2026- 04- 09 14: 53: 05,685,0.552,16.0
 2026- 04- 09 14: 53: 06,687,0.554,16.0
 2026- 04- 09 14: 53: 06,687,0.554,16.0
 2026- 04- 09 14: 53: 07,688,0.554,16.0
 2026- 04- 09 14: 53: 07,685,0.552,16.0
 2026- 04- 09 14: 53: 08,687,0.554,16.0
 2026- 04- 09 14: 53: 08,682,0.55,16.0
 2026- 04- 09 14: 53: 09,685,0.552,16.0
 2026- 04- 09 14: 53: 09,686,0.553,16.0
 2026- 04- 09 14: 53: 10,686,0.553,16.0
 2026- 04- 09 14: 53: 10,687,0.554,16.0
 2026- 04- 09 14: 53: 11,686,0.553,16.0
 2026- 04- 09 14: 53: 11,686,0.553,16.0
 2026- 04- 09 14: 53: 12,682,0.55,16.0
 2026- 04- 09 14: 53: 12,681,0.549,16.0
 2026- 04- 09 14: 53: 13,682,0.55,16.0
 2026- 04- 09 14: 53: 13,685,0.552,16.0
 2026- 04- 09 14: 53: 14,687,0.554,16.0
 2026- 04- 09 14: 53: 14,691,0.557,16.0
 2026- 04- 09 14: 53: 15,686,0.553,16.0
 2026- 04- 09 14: 53: 15,682,0.55,16.0
 2026- 04- 09 14: 53: 16,687,0.554,16.0
 2026- 04- 09 14: 53: 16,686,0.553,16.0
 2026- 04- 09 14: 53: 17,686,0.553,16.0
 2026- 04- 09 14: 53: 17,686,0.553,16.0
 2026- 04- 09 14: 53: 18,688,0.554,16.0
 2026- 04- 09 14: 53: 18,688,0.554,16.0
 2026- 04- 09 14: 53: 19,687,0.554,16.0
 2026- 04- 09 14: 53: 19,685,0.552,16.0
 2026- 04- 09 14: 53: 20,685,0.552,16.0
 2026- 04- 09 14: 53: 20,686,0.553,16.0
 2026- 04- 09 14: 53: 21,687,0.554,16.0
 2026- 04- 09 14: 53: 21,687,0.554,16.0
 2026- 04- 09 14: 53: 22,681,0.549,16.0
 2026- 04- 09 14: 53: 22,687,0.554,16.0
 2026- 04- 09 14: 53: 23,686,0.553,16.0
 2026- 04- 09 14: 53: 23,685,0.552,16.0
 2026- 04- 09 14: 53: 24,688,0.554,16.0
 2026- 04- 09 14: 53: 24,685,0.552,16.0
 2026- 04- 09 14: 53: 25,687,0.554,16.0
 2026- 04- 09 14: 53: 25,687,0.554,16.0
 2026- 04- 09 14: 53: 26,688,0.554,16.0
 2026- 04- 09 14: 53: 26,688,0.554,16.0
 2026- 04- 09 14: 53: 27,685,0.552,16.0
 2026- 04- 09 14: 53: 27,687,0.554,16.0
 2026- 04- 09 14: 53: 28,684,0.551,16.0
 2026- 04- 09 14: 53: 28,685,0.552,16.0
 2026- 04- 09 14: 53: 29,684,0.551,16.0
 2026- 04- 09 14: 53: 29,687,0.554,16.0
 2026- 04- 09 14: 53: 30,682,0.55,16.0
 2026- 04- 09 14: 53: 30,687,0.554,16.0
 2026- 04- 09 14: 53: 31,685,0.552,16.0
 2026- 04- 09 14: 53: 31,686,0.553,16.0
 2026- 04- 09 14: 53: 32,688,0.554,16.0
 2026- 04- 09 14: 53: 32,687,0.554,16.0
 2026- 04- 09 14: 53: 33,685,0.552,16.0
 2026- 04- 09 14: 53: 33,686,0.553,16.0
 2026- 04- 09 14: 53: 34,682,0.55,16.0
 2026- 04- 09 14: 53: 34,685,0.552,16.0
 2026- 04- 09 14: 53: 35,684,0.551,16.0
 2026- 04- 09 14: 53: 35,685,0.552,16.0
 2026- 04- 09 14: 53: 36,683,0.55,16.0
 2026- 04- 09 14: 53: 36,687,0.554,16.0
 2026- 04- 09 14: 53: 37,682,0.55,16.0
 2026- 04- 09 14: 53: 37,688,0.554,16.0
 2026- 04- 09 14: 53: 38,686,0.553,16.0
 2026- 04- 09 14: 53: 38,684,0.551,16.0
 2026- 04- 09 14: 53: 39,687,0.554,16.0
 2026- 04- 09 14: 53: 39,688,0.554,16.0
 2026- 04- 09 14: 53: 40,685,0.552,16.0
 2026- 04- 09 14: 53: 40,688,0.554,16.0
 2026- 04- 09 14: 53: 41,685,0.552,16.0
 2026- 04- 09 14: 53: 41,685,0.552,16.0
 2026- 04- 09 14: 53: 42,681,0.549,16.0
 2026- 04- 09 14: 53: 42,667,0.538,16.0
 2026- 04- 09 14: 53: 43,686,0.553,16.0
 2026- 04- 09 14: 53: 43,687,0.554,16.0
 2026- 04- 09 14: 53: 44,688,0.554,16.0
 2026- 04- 09 14: 53: 44,687,0.554,16.0
 2026- 04- 09 14: 53: 45,683,0.55,16.0
 2026- 04- 09 14: 53: 45,687,0.554,16.0
 2026- 04- 09 14: 53: 46,691,0.557,16.0
 2026- 04- 09 14: 53: 46,688,0.554,16.0
 2026- 04- 09 14: 53: 47,687,0.554,16.0
 2026- 04- 09 14: 53: 47,686,0.553,16.0
 2026- 04- 09 14: 53: 48,685,0.552,16.0
 2026- 04- 09 14: 53: 48,688,0.554,16.0
 2026- 04- 09 14: 53: 49,687,0.554,16.0
 2026- 04- 09 14: 53: 49,678,0.546,16.0
 2026- 04- 09 14: 53: 50,685,0.552,16.0
 2026- 04- 09 14: 53: 50,678,0.546,16.0
 2026- 04- 09 14: 53: 51,688,0.554,16.0
 2026- 04- 09 14: 53: 51,737,0.594,17.0
 2026- 04- 09 14: 53: 52,681,0.549,16.0
 2026- 04- 09 14: 53: 52,687,0.554,16.0
 2026- 04- 09 14: 53: 53,686,0.553,16.0
 2026- 04- 09 14: 53: 53,702,0.566,17.0
 2026- 04- 09 14: 53: 54,686,0.553,16.0
 2026- 04- 09 14: 53: 54,686,0.553,16.0
 2026- 04- 09 14: 53: 55,687,0.554,16.0
 2026- 04- 09 14: 53: 55,688,0.554,16.0
 2026- 04- 09 14: 53: 56,686,0.553,16.0
 2026- 04- 09 14: 53: 56,687,0.554,16.0
 2026- 04- 09 14: 53: 57,684,0.551,16.0
 2026- 04- 09 14: 53: 57,683,0.55,16.0
 2026- 04- 09 14: 53: 58,685,0.552,16.0
 2026- 04- 09 14: 53: 58,686,0.553,16.0
 2026- 04- 09 14: 53: 59,685,0.552,16.0
 2026- 04- 09 14: 53: 59,688,0.554,16.0
 2026- 04- 09 14: 54: 00,681,0.549,16.0
 2026- 04- 09 14: 54: 00,687,0.554,16.0
 2026- 04- 09 14: 54: 01,683,0.55,16.0
 2026- 04- 09 14: 54: 01,685,0.552,16.0
 2026- 04- 09 14: 54: 02,683,0.55,16.0
 2026- 04- 09 14: 54: 02,686,0.553,16.0
 2026- 04- 09 14: 54: 03,688,0.554,16.0
 2026- 04- 09 14: 54: 03,687,0.554,16.0
 2026- 04- 09 14: 54: 04,682,0.55,16.0
 2026- 04- 09 14: 54: 04,683,0.55,16.0
 2026- 04- 09 14: 54: 05,685,0.552,16.0
 2026- 04- 09 14: 54: 05,682,0.55,16.0
 2026- 04- 09 14: 54: 06,683,0.55,16.0
 2026- 04- 09 14: 54: 06,688,0.554,16.0
 2026- 04- 09 14: 54: 07,687,0.554,16.0
 2026- 04- 09 14: 54: 07,685,0.552,16.0
 2026- 04- 09 14: 54: 08,688,0.554,16.0
 2026- 04- 09 14: 54: 08,687,0.554,16.0
 2026- 04- 09 14: 54: 09,683,0.55,16.0
 2026- 04- 09 14: 54: 09,687,0.554,16.0
 2026- 04- 09 14: 54: 10,688,0.554,16.0
 2026- 04- 09 14: 54: 10,685,0.552,16.0
 2026- 04- 09 14: 54: 11,679,0.547,16.0
 2026- 04- 09 14: 54: 11,688,0.554,16.0
 2026- 04- 09 14: 54: 12,686,0.553,16.0
 2026- 04- 09 14: 54: 12,682,0.55,16.0
 2026- 04- 09 14: 54: 13,686,0.553,16.0
 2026- 04- 09 14: 54: 13,684,0.551,16.0
 2026- 04- 09 14: 54: 14,660,0.532,16.0
 2026- 04- 09 14: 54: 14,683,0.55,16.0
 2026- 04- 09 14: 54: 15,683,0.55,16.0
 2026- 04- 09 14: 54: 15,685,0.552,16.0
 2026- 04- 09 14: 54: 16,675,0.544,16.0
 2026- 04- 09 14: 54: 16,686,0.553,16.0
 2026- 04- 09 14: 54: 17,688,0.554,16.0
 2026- 04- 09 14: 54: 17,688,0.554,16.0
 2026- 04- 09 14: 54: 18,685,0.552,16.0
 2026- 04- 09 14: 54: 18,683,0.55,16.0
 2026- 04- 09 14: 54: 19,687,0.554,16.0
 2026- 04- 09 14: 54: 19,682,0.55,16.0
 2026- 04- 09 14: 54: 20,683,0.55,16.0
 2026- 04- 09 14: 54: 20,679,0.547,16.0
 2026- 04- 09 14: 54: 21,687,0.554,16.0
 2026- 04- 09 14: 54: 21,688,0.554,16.0
 2026- 04- 09 14: 54: 22,688,0.554,16.0
 2026- 04- 09 14: 54: 22,686,0.553,16.0
 2026- 04- 09 14: 54: 23,685,0.552,16.0
 2026- 04- 09 14: 54: 23,672,0.542,16.0
 2026- 04- 09 14: 54: 24,686,0.553,16.0
 2026- 04- 09 14: 54: 24,687,0.554,16.0
 2026- 04- 09 14: 54: 25,688,0.554,16.0
 2026- 04- 09 14: 54: 25,684,0.551,16.0
 2026- 04- 09 14: 54: 26,679,0.547,16.0
 2026- 04- 09 14: 54: 26,685,0.552,16.0
 2026- 04- 09 14: 54: 27,682,0.55,16.0
 2026- 04- 09 14: 54: 27,684,0.551,16.0
 2026- 04- 09 14: 54: 28,685,0.552,16.0
 2026- 04- 09 14: 54: 28,683,0.55,16.0
 2026- 04- 09 14: 54: 29,683,0.55,16.0
 2026- 04- 09 14: 54: 29,686,0.553,16.0
 2026- 04- 09 14: 54: 30,682,0.55,16.0
 2026- 04- 09 14: 54: 30,685,0.552,16.0
 2026- 04- 09 14: 54: 31,683,0.55,16.0
 2026- 04- 09 14: 54: 31,686,0.553,16.0
 2026- 04- 09 14: 54: 32,686,0.553,16.0
 2026- 04- 09 14: 54: 32,683,0.55,16.0
 2026- 04- 09 14: 54: 33,691,0.557,16.0
 2026- 04- 09 14: 54: 33,686,0.553,16.0
 2026- 04- 09 14: 54: 34,685,0.552,16.0
 2026- 04- 09 14: 54: 34,683,0.55,16.0
 2026- 04- 09 14: 54: 35,688,0.554,16.0
 2026- 04- 09 14: 54: 35,678,0.546,16.0
 2026- 04- 09 14: 54: 36,682,0.55,16.0
 2026- 04- 09 14: 54: 36,685,0.552,16.0
 2026- 04- 09 14: 54: 37,685,0.552,16.0
 2026- 04- 09 14: 54: 37,681,0.549,16.0
 2026- 04- 09 14: 54: 38,686,0.553,16.0
 2026- 04- 09 14: 54: 38,688,0.554,16.0
 2026- 04- 09 14: 54: 39,683,0.55,16.0
 2026- 04- 09 14: 54: 39,686,0.553,16.0
 2026- 04- 09 14: 54: 40,682,0.55,16.0
 2026- 04- 09 14: 54: 40,683,0.55,16.0
 2026- 04- 09 14: 54: 41,683,0.55,16.0
 2026- 04- 09 14: 54: 41,683,0.55,16.0
 2026- 04- 09 14: 54: 42,685,0.552,16.0
 2026- 04- 09 14: 54: 42,687,0.554,16.0
 2026- 04- 09 14: 54: 43,688,0.554,16.0
 2026- 04- 09 14: 54: 43,688,0.554,16.0
 2026- 04- 09 14: 54: 44,685,0.552,16.0
 2026- 04- 09 14: 54: 44,683,0.55,16.0
 2026- 04- 09 14: 54: 45,683,0.55,16.0
 2026- 04- 09 14: 54: 45,683,0.55,16.0
 2026- 04- 09 14: 54: 46,687,0.554,16.0
 2026- 04- 09 14: 54: 46,686,0.553,16.0
 2026- 04- 09 14: 54: 47,683,0.55,16.0
 2026- 04- 09 14: 54: 47,679,0.547,16.0
 2026- 04- 09 14: 54: 48,669,0.539,16.0
 2026- 04- 09 14: 54: 48,688,0.554,16.0
 2026- 04- 09 14: 54: 49,685,0.552,16.0
 2026- 04- 09 14: 54: 49,687,0.554,16.0
 2026- 04- 09 14: 54: 50,687,0.554,16.0
 2026- 04- 09 14: 54: 50,679,0.547,16.0
 2026- 04- 09 14: 54: 51,681,0.549,16.0
 2026- 04- 09 14: 54: 51,679,0.547,16.0
 2026- 04- 09 14: 54: 52,685,0.552,16.0
 2026- 04- 09 14: 54: 52,686,0.553,16.0
 2026- 04- 09 14: 54: 53,686,0.553,16.0
 2026- 04- 09 14: 54: 53,688,0.554,16.0
 2026- 04- 09 14: 54: 54,687,0.554,16.0
 2026- 04- 09 14: 54: 54,686,0.553,16.0
 2026- 04- 09 14: 54: 55,687,0.554,16.0
 2026- 04- 09 14: 54: 55,684,0.551,16.0
 2026- 04- 09 14: 54: 56,683,0.55,16.0
 2026- 04- 09 14: 54: 56,685,0.552,16.0
 2026- 04- 09 14: 54: 57,685,0.552,16.0
 2026- 04- 09 14: 54: 57,685,0.552,16.0
 2026- 04- 09 14: 54: 58,683,0.55,16.0
 2026- 04- 09 14: 54: 58,86,0.553,16.0
 2026- 04- 09 14: 54: 59,685,0.552,16.0
 2026- 04- 09 14: 54: 59,685,0.552,16.0
 2026- 04- 09 14: 55: 00,686,0.553,16.0
 2026- 04- 09 14: 55: 00,683,0.55,16.0
 2026- 04- 09 14: 55: 01,683,0.55,16.0
 2026- 04- 09 14: 55: 01,684,0.551,16.0
 2026- 04- 09 14: 55: 02,687,0.554,16.0
 2026- 04- 09 14: 55: 02,685,0.552,16.0
 2026- 04- 09 14: 55: 03,687,0.554,16.0
 2026- 04- 09 14: 55: 03,686,0.553,16.0
 2026- 04- 09 14: 55: 04,693,0.558,16.0
 2026- 04- 09 14: 55: 04,685,0.552,16.0
 2026- 04- 09 14: 55: 05,686,0.553,16.0
 2026- 04- 09 14: 55: 05,686,0.553,16.0
 2026- 04- 09 14: 55: 06,700,0.564,17.0
 2026- 04- 09 14: 55: 06,686,0.553,16.0
 2026- 04- 09 14: 55: 07,684,0.551,16.0
 2026- 04- 09 14: 55: 07,688,0.554,16.0
 2026- 04- 09 14: 55: 08,682,0.55,16.0
 2026- 04- 09 14: 55: 08,696,0.561,16.0
 2026- 04- 09 14: 55: 09,680,0.548,16.0
 2026- 04- 09 14: 55: 09,686,0.553,16.0
 2026- 04- 09 14: 55: 10,686,0.553,16.0
 2026- 04- 09 14: 55: 10,686,0.553,16.0
 2026- 04- 09 14: 55: 11,688,0.554,16.0
 2026- 04- 09 14: 55: 11,686,0.553,16.0
 2026- 04- 09 14: 55: 12,685,0.552,16.0
 2026- 04- 09 14: 55: 12,688,0.554,16.0
 2026- 04- 09 14: 55: 13,685,0.552,16.0
 2026- 04- 09 14: 55: 13,687,0.554,16.0
 2026- 04- 09 14: 55: 14,688,0.554,16.0
 2026- 04- 09 14: 55: 14,685,0.552,16.0
 2026- 04- 09 14: 55: 15,686,0.553,16.0
 2026- 04- 09 14: 55: 15,686,0.553,16.0
 2026- 04- 09 14: 55: 16,688,0.554,16.0
 2026- 04- 09 14: 55: 16,682,0.55,16.0
 2026- 04- 09 14: 55: 17,688,0.554,16.0
 2026- 04- 09 14: 55: 17,685,0.552,16.0
 2026- 04- 09 14: 55: 18,683,0.55,16.0
 2026- 04- 09 14: 55: 18,686,0.553,16.0
 2026- 04- 09 14: 55: 19,687,0.554,16.0
 2026- 04- 09 14: 55: 19,686,0.553,16.0
 2026- 04- 09 14: 55: 20,630,0.508,15.0
 2026- 04- 09 14: 55: 20,687,0.554,16.0
 2026- 04- 09 14: 55: 21,682,0.55,16.0
 2026- 04- 09 14: 55: 21,684,0.551,16.0
 2026- 04- 09 14: 55: 22,687,0.554,16.0
 2026- 04- 09 14: 55: 22,687,0.554,16.0
 2026- 04- 09 14: 55: 23,686,0.553,16.0
 2026- 04- 09 14: 55: 23,685,0.552,16.0
 2026- 04- 09 14: 55: 24,686,0.553,16.0
 2026- 04- 09 14: 55: 24,675,0.544,16.0
 2026- 04- 09 14: 55: 25,688,0.554,16.0
 2026- 04- 09 14: 55: 25,687,0.554,16.0
 2026- 04- 09 14: 55: 26,683,0.55,16.0
 2026- 04- 09 14: 55: 26,684,0.551,16.0
 2026- 04- 09 14: 55: 27,678,0.546,16.0
 2026- 04- 09 14: 55: 27,685,0.552,16.0
 2026- 04- 09 14: 55: 28,687,0.554,16.0
 2026- 04- 09 14: 55: 28,695,0.56,16.0
 2026- 04- 09 14: 55: 29,686,0.553,16.0
 2026- 04- 09 14: 55: 29,679,0.547,16.0
 2026- 04- 09 14: 55: 30,684,0.551,16.0
 2026- 04- 09 14: 55: 30,687,0.554,16.0
 2026- 04- 09 14: 55: 31,685,0.552,16.0
 2026- 04- 09 14: 55: 31,684,0.551,16.0
 2026- 04- 09 14: 55: 32,679,0.547,16.0
 2026- 04- 09 14: 55: 32,684,0.551,16.0
 2026- 04- 09 14: 55: 33,686,0.553,16.0
 2026- 04- 09 14: 55: 33,687,0.554,16.0
 2026- 04- 09 14: 55: 34,688,0.554,16.0
 2026- 04- 09 14: 55: 34,686,0.553,16.0
 2026- 04- 09 14: 55: 35,686,0.553,16.0
 2026- 04- 09 14: 55: 35,685,0.552,16.0
 2026- 04- 09 14: 55: 36,683,0.55,16.0
 2026- 04- 09 14: 55: 36,687,0.554,16.0
 2026- 04- 09 14: 55: 37,687,0.554,16.0
 2026- 04- 09 14: 55: 37,686,0.553,16.0
 2026- 04- 09 14: 55: 38,683,0.55,16.0
 2026- 04- 09 14: 55: 38,685,0.552,16.0
 2026- 04- 09 14: 55: 39,687,0.554,16.0
 2026- 04- 09 14: 55: 39,688,0.554,16.0
 2026- 04- 09 14: 55: 40,688,0.554,16.0
 2026- 04- 09 14: 55: 40,683,0.55,16.0
 2026- 04- 09 14: 55: 41,685,0.552,16.0
 2026- 04- 09 14: 55: 41,685,0.552,16.0
 2026- 04- 09 14: 55: 42,683,0.55,16.0
 2026- 04- 09 14: 55: 42,686,0.553,16.0
 2026- 04- 09 14: 55: 43,683,0.55,16.0
 2026- 04- 09 14: 55: 43,687,0.554,16.0
 2026- 04- 09 14: 55: 44,684,0.551,16.0
 2026- 04- 09 14: 55: 44,687,0.554,16.0
 2026- 04- 09 14: 55: 45,682,0.55,16.0
 2026- 04- 09 14: 55: 45,685,0.552,16.0
 2026- 04- 09 14: 55: 46,686,0.553,16.0
 2026- 04- 09 14: 55: 46,683,0.55,16.0
 2026- 04- 09 14: 55: 47,679,0.547,16.0
 2026- 04- 09 14: 55: 47,688,0.554,16.0
 2026- 04- 09 14: 55: 48,685,0.552,16.0
 2026- 04- 09 14: 55: 48,684,0.551,16.0
 2026- 04- 09 14: 55: 49,684,0.551,16.0
 2026- 04- 09 14: 55: 49,686,0.553,16.0
 2026- 04- 09 14: 55: 50,686,0.553,16.0
 2026- 04- 09 14: 55: 50,685,0.552,16.0
 2026- 04- 09 14: 55: 51,688,0.554,16.0
 2026- 04- 09 14: 55: 51,687,0.554,16.0
 2026- 04- 09 14: 55: 52,683,0.55,16.0
 2026- 04- 09 14: 55: 52,686,0.553,16.0
 2026- 04- 09 14: 55: 53,686,0.553,16.0
 2026- 04- 09 14: 55: 53,685,0.552,16.0
 2026- 04- 09 14: 55: 54,671,0.541,16.0
 2026- 04- 09 14: 55: 54,685,0.552,16.0
 2026- 04- 09 14: 55: 55,687,0.554,16.0
 2026- 04- 09 14: 55: 55,688,0.554,16.0
 2026- 04- 09 14: 55: 56,684,0.551,16.0
 2026- 04- 09 14: 55: 56,686,0.553,16.0
 2026- 04- 09 14: 55: 57,683,0.55,16.0
 2026- 04- 09 14: 55: 57,687,0.554,16.0
 2026- 04- 09 14: 55: 58,679,0.547,16.0
 2026- 04- 09 14: 55: 58,681,0.549,16.0
 2026- 04- 09 14: 55: 59,685,0.552,16.0
 2026- 04- 09 14: 55: 59,685,0.552,16.0
 2026- 04- 09 14: 56: 00,688,0.554,16.0
 2026- 04- 09 14: 56: 00,688,0.554,16.0
 2026- 04- 09 14: 56: 01,686,0.553,16.0
 2026- 04- 09 14: 56: 01,686,0.553,16.0
 2026- 04- 09 14: 56: 02,685,0.552,16.0
 2026- 04- 09 14: 56: 02,688,0.554,16.0
 2026- 04- 09 14: 56: 03,683,0.55,16.0
 2026- 04- 09 14: 56: 03,686,0.553,16.0
 2026- 04- 09 14: 56: 04,685,0.552,16.0
 2026- 04- 09 14: 56: 04,688,0.554,16.0
 2026- 04- 09 14: 56: 05,688,0.554,16.0
 2026- 04- 09 14: 56: 05,681,0.549,16.0
 2026- 04- 09 14: 56: 06,687,0.554,16.0
 2026- 04- 09 14: 56: 06,687,0.554,16.0
 2026- 04- 09 14: 56: 07,686,0.553,16.0
 2026- 04- 09 14: 56: 07,682,0.55,16.0
 2026- 04- 09 14: 56: 08,685,0.552,16.0
 2026- 04- 09 14: 56: 08,687,0.554,16.0
 2026- 04- 09 14: 56: 09,686,0.553,16.0
 2026- 04- 09 14: 56: 09,677,0.546,16.0
 2026- 04- 09 14: 56: 10,685,0.552,16.0
 2026- 04- 09 14: 56: 10,688,0.554,16.0
 2026- 04- 09 14: 56: 11,686,0.553,16.0
 2026- 04- 09 14: 56: 11,686,0.553,16.0
 2026- 04- 09 14: 56: 12,684,0.551,16.0
 2026- 04- 09 14: 56: 12,688,0.554,16.0
 2026- 04- 09 14: 56: 13,687,0.554,16.0
 2026- 04- 09 14: 56: 13,673,0.542,16.0
 2026- 04- 09 14: 56: 14,688,0.554,16.0
 2026- 04- 09 14: 56: 14,686,0.553,16.0
 2026- 04- 09 14: 56: 15,688,0.554,16.0
 2026- 04- 09 14: 56: 15,683,0.55,16.0
 2026- 04- 09 14: 56: 16,683,0.55,16.0
 2026- 04- 09 14: 56: 16,682,0.55,16.0
 2026- 04- 09 14: 56: 17,683,0.55,16.0
 2026- 04- 09 14: 56: 17,684,0.551,16.0
 2026- 04- 09 14: 56: 18,688,0.554,16.0
 2026- 04- 09 14: 56: 18,685,0.552,16.0
 2026- 04- 09 14: 56: 19,683,0.55,16.0
 2026- 04- 09 14: 56: 19,684,0.551,16.0
 2026- 04- 09 14: 56: 20,683,0.55,16.0
 2026- 04- 09 14: 56: 20,683,0.55,16.0
 2026- 04- 09 14: 56: 21,685,0.552,16.0
 2026- 04- 09 14: 56: 21,687,0.554,16.0
 2026- 04- 09 14: 56: 22,691,0.557,16.0
 2026- 04- 09 14: 56: 22,688,0.554,16.0
 2026- 04- 09 14: 56: 23,683,0.55,16.0
 2026- 04- 09 14: 56: 23,682,0.55,16.0
 2026- 04- 09 14: 56: 24,688,0.554,16.0
 2026- 04- 09 14: 56: 24,687,0.554,16.0
 2026- 04- 09 14: 56: 25,686,0.553,16.0
 2026- 04- 09 14: 56: 25,683,0.55,16.0
 2026- 04- 09 14: 56: 26,687,0.554,16.0
 2026- 04- 09 14: 56: 26,682,0.55,16.0
 2026- 04- 09 14: 56: 27,682,0.55,16.0
 2026- 04- 09 14: 56: 27,687,0.554,16.0
 2026- 04- 09 14: 56: 28,685,0.552,16.0
 2026- 04- 09 14: 56: 28,685,0.552,16.0
 2026- 04- 09 14: 56: 29,686,0.553,16.0
 2026- 04- 09 14: 56: 29,687,0.554,16.0
 2026- 04- 09 14: 56: 30,688,0.554,16.0
 2026- 04- 09 14: 56: 30,685,0.552,16.0
 2026- 04- 09 14: 56: 31,687,0.554,16.0
 2026- 04- 09 14: 56: 31,679,0.547,16.0
 2026- 04- 09 14: 56: 32,687,0.554,16.0
 2026- 04- 09 14: 56: 32,678,0.546,16.0
 2026- 04- 09 14: 56: 33,686,0.553,16.0
 2026- 04- 09 14: 56: 33,680,0.548,16.0
 2026- 04- 09 14: 56: 34,683,0.55,16.0
 2026- 04- 09 14: 56: 34,686,0.553,16.0
 2026- 04- 09 14: 56: 35,686,0.553,16.0
 2026- 04- 09 14: 56: 35,688,0.554,16.0
 2026- 04- 09 14: 56: 36,687,0.554,16.0
 2026- 04- 09 14: 56: 36,682,0.55,16.0
 2026- 04- 09 14: 56: 37,683,0.55,16.0
 2026- 04- 09 14: 56: 37,687,0.554,16.0
 2026- 04- 09 14: 56: 38,686,0.553,16.0
 2026- 04- 09 14: 56: 38,686,0.553,16.0
 2026- 04- 09 14: 56: 39,686,0.553,16.0
 2026- 04- 09 14: 56: 39,685,0.552,16.0
 2026- 04- 09 14: 56: 40,686,0.553,16.0
 2026- 04- 09 14: 56: 40,688,0.554,16.0
 2026- 04- 09 14: 56: 41,687,0.554,16.0
 2026- 04- 09 14: 56: 41,686,0.553,16.0
 2026- 04- 09 14: 56: 42,685,0.552,16.0
 2026- 04- 09 14: 56: 42,688,0.554,16.0
 2026- 04- 09 14: 56: 43,686,0.553,16.0
 2026- 04- 09 14: 56: 43,685,0.552,16.0
 2026- 04- 09 14: 56: 44,683,0.55,16.0
 2026- 04- 09 14: 56: 44,687,0.554,16.0
 2026- 04- 09 14: 56: 45,695,0.56,16.0
 2026- 04- 09 14: 56: 45,687,0.554,16.0
 2026- 04- 09 14: 56: 46,686,0.553,16.0
 2026- 04- 09 14: 56: 46,689,0.555,16.0
 2026- 04- 09 14: 56: 47,685,0.552,16.0
 2026- 04- 09 14: 56: 47,685,0.552,16.0
 2026- 04- 09 14: 56: 48,651,0.525,15.0
 2026- 04- 09 14: 56: 48,683,0.55,16.0
 2026- 04- 09 14: 56: 49,684,0.551,16.0
 2026- 04- 09 14: 56: 49,652,0.525,15.0
 2026- 04- 09 14: 56: 50,686,0.553,16.0
 2026- 04- 09 14: 56: 50,688,0.554,16.0
 2026- 04- 09 14: 56: 51,687,0.554,16.0
 2026- 04- 09 14: 56: 51,685,0.552,16.0
 2026- 04- 09 14: 56: 52,688,0.554,16.0
 2026- 04- 09 14: 56: 52,685,0.552,16.0
 2026- 04- 09 14: 56: 53,687,0.554,16.0
 2026- 04- 09 14: 56: 53,686,0.553,16.0
 2026- 04- 09 14: 56: 54,687,0.554,16.0
 2026- 04- 09 14: 56: 54,687,0.554,16.0
 2026- 04- 09 14: 56: 55,684,0.551,16.0
 2026- 04- 09 14: 56: 55,687,0.554,16.0
 2026- 04- 09 14: 56: 56,683,0.55,16.0
 2026- 04- 09 14: 56: 56,688,0.554,16.0
 2026- 04- 09 14: 56: 57,682,0.55,16.0
 2026- 04- 09 14: 56: 57,682,0.55,16.0
 2026- 04- 09 14: 56: 58,683,0.55,16.0
 2026- 04- 09 14: 56: 58,685,0.552,16.0
 2026- 04- 09 14: 56: 59,688,0.554,16.0
 2026- 04- 09 14: 56: 59,684,0.551,16.0
 2026- 04- 09 14: 57: 00,688,0.554,16.0
 2026- 04- 09 14: 57: 00,684,0.551,16.0
 2026- 04- 09 14: 57: 01,683,0.55,16.0
 2026- 04- 09 14: 57: 01,687,0.554,16.0
 2026- 04- 09 14: 57: 02,682,0.55,16.0
 2026- 04- 09 14: 57: 02,691,0.557,16.0
 2026- 04- 09 14: 57: 03,686,0.553,16.0
 2026- 04- 09 14: 57: 03,682,0.55,16.0
 2026- 04- 09 14: 57: 04,685,0.552,16.0
 2026- 04- 09 14: 57: 04,684,0.551,16.0
 2026- 04- 09 14: 57: 05,8,0.554,16.0
 2026- 04- 09 14: 57: 05,683,0.55,16.0
 2026- 04- 09 14: 57: 06,683,0.55,16.0
 2026- 04- 09 14: 57: 06,687,0.554,16.0
 2026- 04- 09 14: 57: 07,684,0.551,16.0
 2026- 04- 09 14: 57: 07,683,0.55,16.0
 2026- 04- 09 14: 57: 08,682,0.55,16.0
 2026- 04- 09 14: 57: 08,683,0.55,16.0
 2026- 04- 09 14: 57: 09,685,0.552,16.0
 2026- 04- 09 14: 57: 09,688,0.554,16.0
 2026- 04- 09 14: 57: 10,686,0.553,16.0
 2026- 04- 09 14: 57: 10,683,0.55,16.0
 2026- 04- 09 14: 57: 11,686,0.553,16.0
 2026- 04- 09 14: 57: 11,685,0.552,16.0
 2026- 04- 09 14: 57: 12,685,0.552,16.0
 2026- 04- 09 14: 57: 12,688,0.554,16.0
 2026- 04- 09 14: 57: 13,679,0.547,16.0
 2026- 04- 09 14: 57: 13,683,0.55,16.0
 2026- 04- 09 14: 57: 14,686,0.553,16.0
 2026- 04- 09 14: 57: 14,688,0.554,16.0
 2026- 04- 09 14: 57: 15,686,0.553,16.0
 2026- 04- 09 14: 57: 15,685,0.552,16.0
 2026- 04- 09 14: 57: 16,684,0.551,16.0
 2026- 04- 09 14: 57: 16,688,0.554,16.0
 2026- 04- 09 14: 57: 17,684,0.551,16.0
 2026- 04- 09 14: 57: 17,688,0.554,16.0
 2026- 04- 09 14: 57: 18,681,0.549,16.0
 2026- 04- 09 14: 57: 18,688,0.554,16.0
 2026- 04- 09 14: 57: 19,688,0.554,16.0
 2026- 04- 09 14: 57: 19,685,0.552,16.0
 2026- 04- 09 14: 57: 20,692,0.558,16.0
 2026- 04- 09 14: 57: 20,695,0.56,16.0
 2026- 04- 09 14: 57: 21,687,0.554,16.0
 2026- 04- 09 14: 57: 21,688,0.554,16.0
 2026- 04- 09 14: 57: 22,686,0.553,16.0
 2026- 04- 09 14: 57: 22,688,0.554,16.0
 2026- 04- 09 14: 57: 23,704,0.567,17.0
 2026- 04- 09 14: 57: 23,685,0.552,16.0
 2026- 04- 09 14: 57: 24,688,0.554,16.0
 2026- 04- 09 14: 57: 24,688,0.554,16.0
 2026- 04- 09 14: 57: 25,686,0.553,16.0
 2026- 04- 09 14: 57: 25,684,0.551,16.0
 2026- 04- 09 14: 57: 26,686,0.553,16.0
 2026- 04- 09 14: 57: 26,683,0.55,16.0
 2026- 04- 09 14: 57: 27,686,0.553,16.0
 2026- 04- 09 14: 57: 27,688,0.554,16.0
 2026- 04- 09 14: 57: 28,686,0.553,16.0
 2026- 04- 09 14: 57: 28,681,0.549,16.0
 2026- 04- 09 14: 57: 29,681,0.549,16.0
 2026- 04- 09 14: 57: 29,688,0.554,16.0
 2026- 04- 09 14: 57: 30,684,0.551,16.0
 2026- 04- 09 14: 57: 30,684,0.551,16.0
 2026- 04- 09 14: 57: 31,682,0.55,16.0
 2026- 04- 09 14: 57: 31,687,0.554,16.0
 2026- 04- 09 14: 57: 32,686,0.553,16.0
 2026- 04- 09 14: 57: 32,685,0.552,16.0
 2026- 04- 09 14: 57: 33,674,0.543,16.0
 2026- 04- 09 14: 57: 33,685,0.552,16.0
 2026- 04- 09 14: 57: 34,687,0.554,16.0
 2026- 04- 09 14: 57: 34,687,0.554,16.0
 2026- 04- 09 14: 57: 35,688,0.554,16.0
 2026- 04- 09 14: 57: 35,686,0.553,16.0
 2026- 04- 09 14: 57: 36,688,0.554,16.0
 2026- 04- 09 14: 57: 36,684,0.551,16.0
 2026- 04- 09 14: 57: 37,688,0.554,16.0
 2026- 04- 09 14: 57: 37,688,0.554,16.0
 2026- 04- 09 14: 57: 38,685,0.552,16.0
 2026- 04- 09 14: 57: 38,686,0.553,16.0
 2026- 04- 09 14: 57: 39,683,0.55,16.0
 2026- 04- 09 14: 57: 39,684,0.551,16.0
 2026- 04- 09 14: 57: 40,686,0.553,16.0
 2026- 04- 09 14: 57: 40,688,0.554,16.0
 2026- 04- 09 14: 57: 41,688,0.554,16.0
 2026- 04- 09 14: 57: 41,687,0.554,16.0
 2026- 04- 09 14: 57: 42,683,0.55,16.0
 2026- 04- 09 14: 57: 42,688,0.554,16.0
 2026- 04- 09 14: 57: 43,688,0.554,16.0
 2026- 04- 09 14: 57: 43,687,0.554,16.0
 2026- 04- 09 14: 57: 44,658,0.53,16.0
 2026- 04- 09 14: 57: 44,683,0.55,16.0
 2026- 04- 09 14: 57: 45,714,0.575,17.0
 2026- 04- 09 14: 57: 45,688,0.554,16.0
 2026- 04- 09 14: 57: 46,687,0.554,16.0
 2026- 04- 09 14: 57: 46,686,0.553,16.0
 2026- 04- 09 14: 57: 47,683,0.55,16.0
 2026- 04- 09 14: 57: 47,683,0.55,16.0
 2026- 04- 09 14: 57: 48,687,0.554,16.0
 2026- 04- 09 14: 57: 48,688,0.554,16.0
 2026- 04- 09 14: 57: 49,685,0.552,16.0
 2026- 04- 09 14: 57: 49,688,0.554,16.0
 2026- 04- 09 14: 57: 50,688,0.554,16.0
 2026- 04- 09 14: 57: 50,693,0.558,16.0
 2026- 04- 09 14: 57: 51,685,0.552,16.0
 2026- 04- 09 14: 57: 51,686,0.553,16.0
 2026- 04- 09 14: 57: 52,688,0.554,16.0
 2026- 04- 09 14: 57: 52,681,0.549,16.0
 2026- 04- 09 14: 57: 53,688,0.554,16.0
 2026- 04- 09 14: 57: 53,685,0.552,16.0
 2026- 04- 09 14: 57: 54,687,0.554,16.0
 2026- 04- 09 14: 57: 54,686,0.553,16.0
 2026- 04- 09 14: 57: 55,683,0.55,16.0
 2026- 04- 09 14: 57: 55,688,0.554,16.0
 2026- 04- 09 14: 57: 56,685,0.552,16.0
 2026- 04- 09 14: 57: 56,686,0.553,16.0
 2026- 04- 09 14: 57: 57,687,0.554,16.0
 2026- 04- 09 14: 57: 57,686,0.553,16.0
 2026- 04- 09 14: 57: 58,685,0.552,16.0
 2026- 04- 09 14: 57: 58,688,0.554,16.0
 2026- 04- 09 14: 57: 59,684,0.551,16.0
 2026- 04- 09 14: 57: 59,685,0.552,16.0
 2026- 04- 09 14: 58: 00,683,0.55,16.0
 2026- 04- 09 14: 58: 00,685,0.552,16.0
 2026- 04- 09 14: 58: 01,681,0.549,16.0
 2026- 04- 09 14: 58: 01,685,0.552,16.0
 2026- 04- 09 14: 58: 02,684,0.551,16.0
 2026- 04- 09 14: 58: 02,682,0.55,16.0
 2026- 04- 09 14: 58: 03,685,0.552,16.0
 2026- 04- 09 14: 58: 03,685,0.552,16.0
 2026- 04- 09 14: 58: 04,684,0.551,16.0
 2026- 04- 09 14: 58: 04,662,0.533,16.0
 2026- 04- 09 14: 58: 05,685,0.552,16.0
 2026- 04- 09 14: 58: 05,687,0.554,16.0
 2026- 04- 09 14: 58: 06,689,0.555,16.0
 2026- 04- 09 14: 58: 06,683,0.55,16.0
 2026- 04- 09 14: 58: 07,681,0.549,16.0
 2026- 04- 09 14: 58: 07,682,0.55,16.0
 2026- 04- 09 14: 58: 08,686,0.553,16.0
 2026- 04- 09 14: 58: 08,686,0.553,16.0
 2026- 04- 09 14: 58: 09,688,0.554,16.0
 2026- 04- 09 14: 58: 09,684,0.551,16.0
 2026- 04- 09 14: 58: 10,688,0.554,16.0
 2026- 04- 09 14: 58: 10,685,0.552,16.0
 2026- 04- 09 14: 58: 11,686,0.553,16.0
 2026- 04- 09 14: 58: 11,684,0.551,16.0
 2026- 04- 09 14: 58: 12,688,0.554,16.0
 2026- 04- 09 14: 58: 12,686,0.553,16.0
 2026- 04- 09 14: 58: 13,683,0.55,16.0
 2026- 04- 09 14: 58: 13,685,0.552,16.0
 2026- 04- 09 14: 58: 14,683,0.55,16.0
 2026- 04- 09 14: 58: 14,685,0.552,16.0
 2026- 04- 09 14: 58: 15,682,0.55,16.0
 2026- 04- 09 14: 58: 15,698,0.562,17.0
 2026- 04- 09 14: 58: 16,683,0.55,16.0
 2026- 04- 09 14: 58: 16,687,0.554,16.0
 2026- 04- 09 14: 58: 17,683,0.55,16.0
 2026- 04- 09 14: 58: 17,682,0.55,16.0
 2026- 04- 09 14: 58: 18,686,0.553,16.0
 2026- 04- 09 14: 58: 18,683,0.55,16.0
 2026- 04- 09 14: 58: 19,681,0.549,16.0
 2026- 04- 09 14: 58: 19,688,0.554,16.0
 2026- 04- 09 14: 58: 20,688,0.554,16.0
 2026- 04- 09 14: 58: 20,686,0.553,16.0
 2026- 04- 09 14: 58: 21,688,0.554,16.0
 2026- 04- 09 14: 58: 21,709,0.571,17.0
 2026- 04- 09 14: 58: 22,683,0.55,16.0
 2026- 04- 09 14: 58: 22,685,0.552,16.0
 2026- 04- 09 14: 58: 23,687,0.554,16.0
 2026- 04- 09 14: 58: 23,687,0.554,16.0
 2026- 04- 09 14: 58: 24,685,0.552,16.0
 2026- 04- 09 14: 58: 24,688,0.554,16.0
 2026- 04- 09 14: 58: 25,687,0.554,16.0
 2026- 04- 09 14: 58: 25,661,0.533,16.0
 2026- 04- 09 14: 58: 26,685,0.552,16.0
 2026- 04- 09 14: 58: 26,686,0.553,16.0
 2026- 04- 09 14: 58: 27,684,0.551,16.0
 2026- 04- 09 14: 58: 27,688,0.554,16.0
 2026- 04- 09 14: 58: 28,688,0.554,16.0
 2026- 04- 09 14: 58: 28,686,0.553,16.0
 2026- 04- 09 14: 58: 29,686,0.553,16.0
 2026- 04- 09 14: 58: 29,688,0.554,16.0
 2026- 04- 09 14: 58: 30,681,0.549,16.0
 2026- 04- 09 14: 58: 30,688,0.554,16.0
 2026- 04- 09 14: 58: 31,685,0.552,16.0
 2026- 04- 09 14: 58: 31,683,0.55,16.0
 2026- 04- 09 14: 58: 32,687,0.554,16.0
 2026- 04- 09 14: 58: 32,688,0.554,16.0
 2026- 04- 09 14: 58: 33,686,0.553,16.0
 2026- 04- 09 14: 58: 33,684,0.551,16.0
 2026- 04- 09 14: 58: 34,688,0.554,16.0
 2026- 04- 09 14: 58: 34,683,0.55,16.0
 2026- 04- 09 14: 58: 35,682,0.55,16.0
 2026- 04- 09 14: 58: 35,686,0.553,16.0
 2026- 04- 09 14: 58: 36,683,0.55,16.0
 2026- 04- 09 14: 58: 36,682,0.55,16.0
 2026- 04- 09 14: 58: 37,687,0.554,16.0
 2026- 04- 09 14: 58: 37,686,0.553,16.0
 2026- 04- 09 14: 58: 38,685,0.552,16.0
 2026- 04- 09 14: 58: 38,684,0.551,16.0
 2026- 04- 09 14: 58: 39,685,0.552,16.0
 2026- 04- 09 14: 58: 39,677,0.546,16.0
 2026- 04- 09 14: 58: 40,686,0.553,16.0
 2026- 04- 09 14: 58: 40,688,0.554,16.0
 2026- 04- 09 14: 58: 41,687,0.554,16.0
 2026- 04- 09 14: 58: 41,683,0.55,16.0
 2026- 04- 09 14: 58: 42,687,0.554,16.0
 2026- 04- 09 14: 58: 42,684,0.551,16.0
 2026- 04- 09 14: 58: 43,670,0.54,16.0
 2026- 04- 09 14: 58: 43,685,0.552,16.0
 2026- 04- 09 14: 58: 44,686,0.553,16.0
 2026- 04- 09 14: 58: 44,683,0.55,16.0
 2026- 04- 09 14: 58: 45,683,0.55,16.0
 2026- 04- 09 14: 58: 45,685,0.552,16.0
 2026- 04- 09 14: 58: 46,688,0.554,16.0
 2026- 04- 09 14: 58: 46,685,0.552,16.0
 2026- 04- 09 14: 58: 47,687,0.554,16.0
 2026- 04- 09 14: 58: 47,686,0.553,16.0
 2026- 04- 09 14: 58: 48,655,0.528,15.0
 2026- 04- 09 14: 58: 48,687,0.554,16.0
 2026- 04- 09 14: 58: 49,683,0.55,16.0
 2026- 04- 09 14: 58: 49,686,0.553,16.0
 2026- 04- 09 14: 58: 50,688,0.554,16.0
 2026- 04- 09 14: 58: 50,684,0.551,16.0
 2026- 04- 09 14: 58: 51,683,0.55,16.0
 2026- 04- 09 14: 58: 51,687,0.554,16.0
 2026- 04- 09 14: 58: 52,683,0.55,16.0
 2026- 04- 09 14: 58: 52,694,0.559,16.0
 2026- 04- 09 14: 58: 53,685,0.552,16.0
 2026- 04- 09 14: 58: 53,687,0.554,16.0
 2026- 04- 09 14: 58: 54,686,0.553,16.0
 2026- 04- 09 14: 58: 54,687,0.554,16.0
 2026- 04- 09 14: 58: 55,684,0.551,16.0
 2026- 04- 09 14: 58: 55,683,0.55,16.0
 2026- 04- 09 14: 58: 56,687,0.554,16.0
 2026- 04- 09 14: 58: 56,686,0.553,16.0
 2026- 04- 09 14: 58: 57,688,0.554,16.0
 2026- 04- 09 14: 58: 57,686,0.553,16.0
 2026- 04- 09 14: 58: 58,686,0.553,16.0
 2026- 04- 09 14: 58: 58,688,0.554,16.0
 2026- 04- 09 14: 58: 59,688,0.554,16.0
 2026- 04- 09 14: 58: 59,686,0.553,16.0
 2026- 04- 09 14: 59: 00,685,0.552,16.0
 2026- 04- 09 14: 59: 00,687,0.554,16.0
 2026- 04- 09 14: 59: 01,684,0.551,16.0
 2026- 04- 09 14: 59: 01,686,0.553,16.0
 2026- 04- 09 14: 59: 02,687,0.554,16.0
 2026- 04- 09 14: 59: 02,683,0.55,16.0
 2026- 04- 09 14: 59: 03,683,0.55,16.0
 2026- 04- 09 14: 59: 03,687,0.554,16.0
 2026- 04- 09 14: 59: 04,687,0.554,16.0
 2026- 04- 09 14: 59: 04,686,0.553,16.0
 2026- 04- 09 14: 59: 05,684,0.551,16.0
 2026- 04- 09 14: 59: 05,684,0.551,16.0
 2026- 04- 09 14: 59: 06,682,0.55,16.0
 2026- 04- 09 14: 59: 06,682,0.55,16.0
 2026- 04- 09 14: 59: 07,687,0.554,16.0
 2026- 04- 09 14: 59: 07,685,0.552,16.0
 2026- 04- 09 14: 59: 08,681,0.549,16.0
 2026- 04- 09 14: 59: 08,685,0.552,16.0
 2026- 04- 09 14: 59: 09,682,0.55,16.0
 2026- 04- 09 14: 59: 09,688,0.554,16.0
 2026- 04- 09 14: 59: 10,684,0.551,16.0
 2026- 04- 09 14: 59: 10,684,0.551,16.0
 2026- 04- 09 14: 59: 11,684,0.551,16.0
 2026- 04- 09 14: 59: 11,684,0.551,16.0
 2026- 04- 09 14: 59: 12,689,0.555,16.0
 2026- 04- 09 14: 59: 12,688,0.554,16.0
 2026- 04- 09 14: 59: 13,685,0.552,16.0
 2026- 04- 09 14: 59: 13,691,0.557,16.0
 2026- 04- 09 14: 59: 14,683,0.55,16.0
 2026- 04- 09 14: 59: 14,688,0.554,16.0
 2026- 04- 09 14: 59: 15,687,0.554,16.0
 2026- 04- 09 14: 59: 15,682,0.55,16.0
 2026- 04- 09 14: 59: 16,682,0.55,16.0
 2026- 04- 09 14: 59: 16,685,0.552,16.0
 2026- 04- 09 14: 59: 17,685,0.552,16.0
 2026- 04- 09 14: 59: 17,681,0.549,16.0
 2026- 04- 09 14: 59: 18,683,0.55,16.0
 2026- 04- 09 14: 59: 18,688,0.554,16.0
 2026- 04- 09 14: 59: 19,683,0.55,16.0
 2026- 04- 09 14: 59: 19,684,0.551,16.0
 2026- 04- 09 14: 59: 20,682,0.55,16.0
 2026- 04- 09 14: 59: 20,688,0.554,16.0
 2026- 04- 09 14: 59: 21,674,0.543,16.0
 2026- 04- 09 14: 59: 21,684,0.551,16.0
 2026- 04- 09 14: 59: 22,687,0.554,16.0
 2026- 04- 09 14: 59: 22,682,0.55,16.0
 2026- 04- 09 14: 59: 23,685,0.552,16.0
 2026- 04- 09 14: 59: 23,684,0.551,16.0
 2026- 04- 09 14: 59: 24,684,0.551,16.0
 2026- 04- 09 14: 59: 24,688,0.554,16.0
 2026- 04- 09 14: 59: 25,686,0.553,16.0
 2026- 04- 09 14: 59: 25,687,0.554,16.0
 2026- 04- 09 14: 59: 26,687,0.554,16.0
 2026- 04- 09 14: 59: 26,694,0.559,16.0
 2026- 04- 09 14: 59: 27,687,0.554,16.0
 2026- 04- 09 14: 59: 27,685,0.552,16.0
 2026- 04- 09 14: 59: 28,686,0.553,16.0
 2026- 04- 09 14: 59: 28,688,0.554,16.0
 2026- 04- 09 14: 59: 29,688,0.554,16.0
 2026- 04- 09 14: 59: 29,686,0.553,16.0
 2026- 04- 09 14: 59: 30,683,0.55,16.0
 2026- 04- 09 14: 59: 30,686,0.553,16.0
 2026- 04- 09 14: 59: 31,685,0.552,16.0
 2026- 04- 09 14: 59: 31,687,0.554,16.0
 2026- 04- 09 14: 59: 32,686,0.553,16.0
 2026- 04- 09 14: 59: 32,685,0.552,16.0
 2026- 04- 09 14: 59: 33,684,0.551,16.0
 2026- 04- 09 14: 59: 33,685,0.552,16.0
 2026- 04- 09 14: 59: 34,683,0.55,16.0
 2026- 04- 09 14: 59: 34,688,0.554,16.0
 2026- 04- 09 14: 59: 35,683,0.55,16.0
 2026- 04- 09 14: 59: 35,685,0.552,16.0
 2026- 04- 09 14: 59: 36,685,0.552,16.0
 2026- 04- 09 14: 59: 36,686,0.553,16.0
 2026- 04- 09 14: 59: 37,685,0.552,16.0
 2026- 04- 09 14: 59: 37,685,0.552,16.0
 2026- 04- 09 14: 59: 38,686,0.553,16.0
 2026- 04- 09 14: 59: 38,688,0.554,16.0
 2026- 04- 09 14: 59: 39,684,0.551,16.0
 2026- 04- 09 14: 59: 39,686,0.553,16.0
 2026- 04- 09 14: 59: 40,686,0.553,16.0
 2026- 04- 09 14: 59: 40,688,0.554,16.0
 2026- 04- 09 14: 59: 41,683,0.55,16.0
 2026- 04- 09 14: 59: 41,686,0.553,16.0
 2026- 04- 09 14: 59: 42,673,0.542,16.0
 2026- 04- 09 14: 59: 42,687,0.554,16.0
 2026- 04- 09 14: 59: 43,686,0.553,16.0
 2026- 04- 09 14: 59: 43,678,0.546,16.0
 2026- 04- 09 14: 59: 44,687,0.554,16.0
 2026- 04- 09 14: 59: 44,683,0.55,16.0
 2026- 04- 09 14: 59: 45,684,0.551,16.0
 2026- 04- 09 14: 59: 45,715,0.576,17.0
 2026- 04- 09 14: 59: 46,685,0.552,16.0
 2026- 04- 09 14: 59: 46,686,0.553,16.0
 2026- 04- 09 14: 59: 47,686,0.553,16.0
 2026- 04- 09 14: 59: 47,687,0.554,16.0
 2026- 04- 09 14: 59: 48,684,0.551,16.0
 2026- 04- 09 14: 59: 48,685,0.552,16.0
 2026- 04- 09 14: 59: 49,682,0.55,16.0
 2026- 04- 09 14: 59: 49,686,0.553,16.0
 2026- 04- 09 14: 59: 50,686,0.553,16.0
 2026- 04- 09 14: 59: 50,687,0.554,16.0
 2026- 04- 09 14: 59: 51,681,0.549,16.0
 2026- 04- 09 14: 59: 51,685,0.552,16.0
 2026- 04- 09 14: 59: 52,678,0.546,16.0
 2026- 04- 09 14: 59: 52,689,0.555,16.0
 2026- 04- 09 14: 59: 53,688,0.554,16.0
 2026- 04- 09 14: 59: 53,85,0.552,16.0
 2026- 04- 09 14: 59: 54,688,0.554,16.0
 2026- 04- 09 14: 59: 54,686,0.553,16.0
 2026- 04- 09 14: 59: 55,687,0.554,16.0
 2026- 04- 09 14: 59: 55,685,0.552,16.0
 2026- 04- 09 14: 59: 56,697,0.562,17.0
 2026- 04- 09 14: 59: 56,686,0.553,16.0
 2026- 04- 09 14: 59: 57,681,0.549,16.0
 2026- 04- 09 14: 59: 57,683,0.55,16.0
 2026- 04- 09 14: 59: 58,687,0.554,16.0
 2026- 04- 09 14: 59: 58,688,0.554,16.0
 2026- 04- 09 14: 59: 59,688,0.554,16.0
 2026- 04- 09 14: 59: 59,688,0.554,16.0
 2026- 04- 09 15: 00: 00,686,0.553,16.0
 2026- 04- 09 15: 00: 00,687,0.554,16.0
 2026- 04- 09 15: 00: 01,687,0.554,16.0
 2026- 04- 09 15: 00: 01,686,0.553,16.0
 2026- 04- 09 15: 00: 02,694,0.559,16.0
 2026- 04- 09 15: 00: 02,687,0.554,16.0
 2026- 04- 09 15: 00: 03,685,0.552,16.0
 2026- 04- 09 15: 00: 03,684,0.551,16.0
 2026- 04- 09 15: 00: 04,688,0.554,16.0
 2026- 04- 09 15: 00: 04,685,0.552,16.0
 2026- 04- 09 15: 00: 05,683,0.55,16.0
 2026- 04- 09 15: 00: 05,701,0.565,17.0
 2026- 04- 09 15: 00: 06,686,0.553,16.0
 2026- 04- 09 15: 00: 06,688,0.554,16.0
 2026- 04- 09 15: 00: 07,683,0.55,16.0
 2026- 04- 09 15: 00: 07,695,0.56,16.0
 2026- 04- 09 15: 00: 08,687,0.554,16.0
 2026- 04- 09 15: 00: 08,687,0.554,16.0
 2026- 04- 09 15: 00: 09,682,0.55,16.0
 2026- 04- 09 15: 00: 09,683,0.55,16.0
 2026- 04- 09 15: 00: 10,687,0.554,16.0
 2026- 04- 09 15: 00: 10,684,0.551,16.0
 2026- 04- 09 15: 00: 11,683,0.55,16.0
 2026- 04- 09 15: 00: 11,683,0.55,16.0
 2026- 04- 09 15: 00: 12,686,0.553,16.0
 2026- 04- 09 15: 00: 12,688,0.554,16.0
 2026- 04- 09 15: 00: 13,687,0.554,16.0
 2026- 04- 09 15: 00: 13,687,0.554,16.0
 2026- 04- 09 15: 00: 14,685,0.552,16.0
 2026- 04- 09 15: 00: 14,687,0.554,16.0
 2026- 04- 09 15: 00: 15,684,0.551,16.0
 2026- 04- 09 15: 00: 15,685,0.552,16.0
 2026- 04- 09 15: 00: 16,687,0.554,16.0
 2026- 04- 09 15: 00: 16,685,0.552,16.0
 2026- 04- 09 15: 00: 17,688,0.554,16.0
 2026- 04- 09 15: 00: 17,688,0.554,16.0
 2026- 04- 09 15: 00: 18,684,0.551,16.0
 2026- 04- 09 15: 00: 18,688,0.554,16.0
 2026- 04- 09 15: 00: 19,686,0.553,16.0
 2026- 04- 09 15: 00: 19,688,0.554,16.0
 2026- 04- 09 15: 00: 20,687,0.554,16.0
 2026- 04- 09 15: 00: 20,688,0.554,16.0
 2026- 04- 09 15: 00: 21,685,0.552,16.0
 2026- 04- 09 15: 00: 21,685,0.552,16.0
 2026- 04- 09 15: 00: 22,685,0.552,16.0
 2026- 04- 09 15: 00: 22,687,0.554,16.0
 2026- 04- 09 15: 00: 23,687,0.554,16.0
 2026- 04- 09 15: 00: 23,687,0.554,16.0
 2026- 04- 09 15: 00: 24,682,0.55,16.0
 2026- 04- 09 15: 00: 24,688,0.554,16.0
 2026- 04- 09 15: 00: 25,688,0.554,16.0
 2026- 04- 09 15: 00: 25,687,0.554,16.0
 2026- 04- 09 15: 00: 26,684,0.551,16.0
 2026- 04- 09 15: 00: 26,687,0.554,16.0
 2026- 04- 09 15: 00: 27,688,0.554,16.0
 2026- 04- 09 15: 00: 27,688,0.554,16.0
 2026- 04- 09 15: 00: 28,688,0.554,16.0
 2026- 04- 09 15: 00: 28,687,0.554,16.0
 2026- 04- 09 15: 00: 29,685,0.552,16.0
 2026- 04- 09 15: 00: 29,685,0.552,16.0
 2026- 04- 09 15: 00: 30,688,0.554,16.0
 2026- 04- 09 15: 00: 30,666,0.537,16.0
 2026- 04- 09 15: 00: 31,688,0.554,16.0
 2026- 04- 09 15: 00: 31,687,0.554,16.0
 2026- 04- 09 15: 00: 32,688,0.554,16.0
 2026- 04- 09 15: 00: 32,688,0.554,16.0
 2026- 04- 09 15: 00: 33,685,0.552,16.0
 2026- 04- 09 15: 00: 33,685,0.552,16.0
 2026- 04- 09 15: 00: 34,685,0.552,16.0
 2026- 04- 09 15: 00: 34,685,0.552,16.0
 2026- 04- 09 15: 00: 35,683,0.55,16.0
 2026- 04- 09 15: 00: 35,685,0.552,16.0
 2026- 04- 09 15: 00: 36,683,0.55,16.0
 2026- 04- 09 15: 00: 36,685,0.552,16.0
 2026- 04- 09 15: 00: 37,688,0.554,16.0
 2026- 04- 09 15: 00: 37,677,0.546,16.0
 2026- 04- 09 15: 00: 38,688,0.554,16.0
 2026- 04- 09 15: 00: 38,685,0.552,16.0
 2026- 04- 09 15: 00: 39,685,0.552,16.0
 2026- 04- 09 15: 00: 39,685,0.552,16.0
 2026- 04- 09 15: 00: 40,685,0.552,16.0
 2026- 04- 09 15: 00: 40,688,0.554,16.0
 2026- 04- 09 15: 00: 41,686,0.553,16.0
 2026- 04- 09 15: 00: 41,686,0.553,16.0
 2026- 04- 09 15: 00: 42,661,0.533,16.0
 2026- 04- 09 15: 00: 42,687,0.554,16.0
 2026- 04- 09 15: 00: 43,687,0.554,16.0
 2026- 04- 09 15: 00: 43,685,0.552,16.0
 2026- 04- 09 15: 00: 44,687,0.554,16.0
 2026- 04- 09 15: 00: 44,683,0.55,16.0
 2026- 04- 09 15: 00: 45,686,0.553,16.0
 2026- 04- 09 15: 00: 45,686,0.553,16.0
 2026- 04- 09 15: 00: 46,688,0.554,16.0
 2026- 04- 09 15: 00: 46,690,0.556,16.0
 2026- 04- 09 15: 00: 47,688,0.554,16.0
 2026- 04- 09 15: 00: 47,687,0.554,16.0
 2026- 04- 09 15: 00: 48,685,0.552,16.0
 2026- 04- 09 15: 00: 48,687,0.554,16.0
 2026- 04- 09 15: 00: 49,682,0.55,16.0
 2026- 04- 09 15: 00: 49,685,0.552,16.0
 2026- 04- 09 15: 00: 50,688,0.554,16.0
 2026- 04- 09 15: 00: 50,684,0.551,16.0
 2026- 04- 09 15: 00: 51,682,0.55,16.0
 2026- 04- 09 15: 00: 51,685,0.552,16.0
 2026- 04- 09 15: 00: 52,687,0.554,16.0
 2026- 04- 09 15: 00: 52,684,0.551,16.0
 2026- 04- 09 15: 00: 53,686,0.553,16.0
 2026- 04- 09 15: 00: 53,682,0.55,16.0
 2026- 04- 09 15: 00: 54,685,0.552,16.0
 2026- 04- 09 15: 00: 54,686,0.553,16.0
 2026- 04- 09 15: 00: 55,686,0.553,16.0
 2026- 04- 09 15: 00: 55,688,0.554,16.0
 2026- 04- 09 15: 00: 56,683,0.55,16.0
 2026- 04- 09 15: 00: 56,684,0.551,16.0
 2026- 04- 09 15: 00: 57,688,0.554,16.0
 2026- 04- 09 15: 00: 57,683,0.55,16.0
 2026- 04- 09 15: 00: 58,685,0.552,16.0
 2026- 04- 09 15: 00: 58,686,0.553,16.0
 2026- 04- 09 15: 00: 59,686,0.553,16.0
 2026- 04- 09 15: 00: 59,684,0.551,16.0
 2026- 04- 09 15: 01: 00,694,0.559,16.0
 2026- 04- 09 15: 01: 00,687,0.554,16.0
 2026- 04- 09 15: 01: 01,687,0.554,16.0
 2026- 04- 09 15: 01: 01,686,0.553,16.0
 2026- 04- 09 15: 01: 02,686,0.553,16.0
 2026- 04- 09 15: 01: 02,688,0.554,16.0
 2026- 04- 09 15: 01: 03,685,0.552,16.0
 2026- 04- 09 15: 01: 03,672,0.542,16.0
 2026- 04- 09 15: 01: 04,688,0.554,16.0
 2026- 04- 09 15: 01: 04,688,0.554,16.0
 2026- 04- 09 15: 01: 05,688,0.554,16.0
 2026- 04- 09 15: 01: 05,688,0.554,16.0
 2026- 04- 09 15: 01: 06,686,0.553,16.0
 2026- 04- 09 15: 01: 06,687,0.554,16.0
 2026- 04- 09 15: 01: 07,688,0.554,16.0
 2026- 04- 09 15: 01: 07,687,0.554,16.0
 2026- 04- 09 15: 01: 08,688,0.554,16.0
 2026- 04- 09 15: 01: 08,684,0.551,16.0
 2026- 04- 09 15: 01: 09,682,0.55,16.0
 2026- 04- 09 15: 01: 09,687,0.554,16.0
 2026- 04- 09 15: 01: 10,685,0.552,16.0
 2026- 04- 09 15: 01: 10,682,0.55,16.0
 2026- 04- 09 15: 01: 11,682,0.55,16.0
 2026- 04- 09 15: 01: 11,656,0.529,16.0
 2026- 04- 09 15: 01: 12,686,0.553,16.0
 2026- 04- 09 15: 01: 12,688,0.554,16.0
 2026- 04- 09 15: 01: 13,686,0.553,16.0
 2026- 04- 09 15: 01: 13,686,0.553,16.0
 2026- 04- 09 15: 01: 14,688,0.554,16.0
 2026- 04- 09 15: 01: 14,688,0.554,16.0
 2026- 04- 09 15: 01: 15,701,0.565,17.0
 2026- 04- 09 15: 01: 15,687,0.554,16.0
 2026- 04- 09 15: 01: 16,684,0.551,16.0
 2026- 04- 09 15: 01: 16,688,0.554,16.0
 2026- 04- 09 15: 01: 17,685,0.552,16.0
 2026- 04- 09 15: 01: 17,687,0.554,16.0
 2026- 04- 09 15: 01: 18,682,0.55,16.0
 2026- 04- 09 15: 01: 18,687,0.554,16.0
 2026- 04- 09 15: 01: 19,685,0.552,16.0
 2026- 04- 09 15: 01: 19,688,0.554,16.0
 2026- 04- 09 15: 01: 20,673,0.542,16.0
 2026- 04- 09 15: 01: 20,685,0.552,16.0
 2026- 04- 09 15: 01: 21,686,0.553,16.0
 2026- 04- 09 15: 01: 21,686,0.553,16.0
 2026- 04- 09 15: 01: 22,687,0.554,16.0
 2026- 04- 09 15: 01: 22,687,0.554,16.0
 2026- 04- 09 15: 01: 23,685,0.552,16.0
 2026- 04- 09 15: 01: 23,688,0.554,16.0
 2026- 04- 09 15: 01: 24,688,0.554,16.0
 2026- 04- 09 15: 01: 24,686,0.553,16.0
 2026- 04- 09 15: 01: 25,688,0.554,16.0
 2026- 04- 09 15: 01: 25,688,0.554,16.0
 2026- 04- 09 15: 01: 26,686,0.553,16.0
 2026- 04- 09 15: 01: 26,668,0.538,16.0
 2026- 04- 09 15: 01: 27,688,0.554,16.0
 2026- 04- 09 15: 01: 27,668,0.538,16.0
 2026- 04- 09 15: 01: 28,686,0.553,16.0
 2026- 04- 09 15: 01: 28,685,0.552,16.0
 2026- 04- 09 15: 01: 29,685,0.552,16.0
 2026- 04- 09 15: 01: 29,688,0.554,16.0
 2026- 04- 09 15: 01: 30,685,0.552,16.0
 2026- 04- 09 15: 01: 30,687,0.554,16.0
 2026- 04- 09 15: 01: 31,704,0.567,17.0
 2026- 04- 09 15: 01: 31,687,0.554,16.0
 2026- 04- 09 15: 01: 32,686,0.553,16.0
 2026- 04- 09 15: 01: 32,685,0.552,16.0
 2026- 04- 09 15: 01: 33,686,0.553,16.0
 2026- 04- 09 15: 01: 33,683,0.55,16.0
 2026- 04- 09 15: 01: 34,688,0.554,16.0
 2026- 04- 09 15: 01: 34,687,0.554,16.0
 2026- 04- 09 15: 01: 35,688,0.554,16.0
 2026- 04- 09 15: 01: 35,685,0.552,16.0
 2026- 04- 09 15: 01: 36,688,0.554,16.0
 2026- 04- 09 15: 01: 36,688,0.554,16.0
 2026- 04- 09 15: 01: 37,688,0.554,16.0
 2026- 04- 09 15: 01: 37,687,0.554,16.0
 2026- 04- 09 15: 01: 38,683,0.55,16.0
 2026- 04- 09 15: 01: 38,685,0.552,16.0
 2026- 04- 09 15: 01: 39,683,0.55,16.0
 2026- 04- 09 15: 01: 39,687,0.554,16.0
 2026- 04- 09 15: 01: 40,682,0.55,16.0
 2026- 04- 09 15: 01: 40,687,0.554,16.0
 2026- 04- 09 15: 01: 41,686,0.553,16.0
 2026- 04- 09 15: 01: 41,684,0.551,16.0
 2026- 04- 09 15: 01: 42,687,0.554,16.0
 2026- 04- 09 15: 01: 42,688,0.554,16.0
 2026- 04- 09 15: 01: 43,681,0.549,16.0
 2026- 04- 09 15: 01: 43,685,0.552,16.0
 2026- 04- 09 15: 01: 44,682,0.55,16.0
 2026- 04- 09 15: 01: 44,699,0.563,17.0
 2026- 04- 09 15: 01: 45,685,0.552,16.0
 2026- 04- 09 15: 01: 45,685,0.552,16.0
 2026- 04- 09 15: 01: 46,685,0.552,16.0
 2026- 04- 09 15: 01: 46,685,0.552,16.0
 2026- 04- 09 15: 01: 47,686,0.553,16.0
 2026- 04- 09 15: 01: 47,685,0.552,16.0
 2026- 04- 09 15: 01: 48,686,0.553,16.0
 2026- 04- 09 15: 01: 48,688,0.554,16.0
 2026- 04- 09 15: 01: 49,686,0.553,16.0
 2026- 04- 09 15: 01: 49,688,0.554,16.0
 2026- 04- 09 15: 01: 50,675,0.544,16.0
 2026- 04- 09 15: 01: 50,684,0.551,16.0
 2026- 04- 09 15: 01: 51,688,0.554,16.0
 2026- 04- 09 15: 01: 51,685,0.552,16.0
 2026- 04- 09 15: 01: 52,685,0.552,16.0
 2026- 04- 09 15: 01: 52,687,0.554,16.0
 2026- 04- 09 15: 01: 53,685,0.552,16.0
 2026- 04- 09 15: 01: 53,688,0.554,16.0
 2026- 04- 09 15: 01: 54,684,0.551,16.0
 2026- 04- 09 15: 01: 54,686,0.553,16.0
 2026- 04- 09 15: 01: 55,686,0.553,16.0
 2026- 04- 09 15: 01: 55,687,0.554,16.0
 2026- 04- 09 15: 01: 56,685,0.552,16.0
 2026- 04- 09 15: 01: 56,688,0.554,16.0
 2026- 04- 09 15: 01: 57,683,0.55,16.0
 2026- 04- 09 15: 01: 57,688,0.554,16.0
 2026- 04- 09 15: 01: 58,686,0.553,16.0
 2026- 04- 09 15: 01: 58,685,0.552,16.0
 2026- 04- 09 15: 01: 59,685,0.552,16.0
 2026- 04- 09 15: 01: 59,688,0.554,16.0
 2026- 04- 09 15: 02: 00,683,0.55,16.0
 2026- 04- 09 15: 02: 00,684,0.551,16.0
 2026- 04- 09 15: 02: 01,683,0.55,16.0
 2026- 04- 09 15: 02: 01,678,0.546,16.0
 2026- 04- 09 15: 02: 02,686,0.553,16.0
 2026- 04- 09 15: 02: 02,687,0.554,16.0
 2026- 04- 09 15: 02: 03,688,0.554,16.0
 2026- 04- 09 15: 02: 03,683,0.55,16.0
 2026- 04- 09 15: 02: 04,688,0.554,16.0
 2026- 04- 09 15: 02: 04,685,0.552,16.0
 2026- 04- 09 15: 02: 05,683,0.55,16.0
 2026- 04- 09 15: 02: 05,687,0.554,16.0
 2026- 04- 09 15: 02: 06,686,0.553,16.0
 2026- 04- 09 15: 02: 06,689,0.555,16.0
 2026- 04- 09 15: 02: 07,688,0.554,16.0
 2026- 04- 09 15: 02: 07,686,0.553,16.0
 2026- 04- 09 15: 02: 08,686,0.553,16.0
 2026- 04- 09 15: 02: 08,687,0.554,16.0
 2026- 04- 09 15: 02: 09,687,0.554,16.0
 2026- 04- 09 15: 02: 09,687,0.554,16.0
 2026- 04- 09 15: 02: 10,682,0.55,16.0
 2026- 04- 09 15: 02: 10,688,0.554,16.0
 2026- 04- 09 15: 02: 11,687,0.554,16.0
 2026- 04- 09 15: 02: 11,686,0.553,16.0
 2026- 04- 09 15: 02: 12,688,0.554,16.0
 2026- 04- 09 15: 02: 12,686,0.553,16.0
 2026- 04- 09 15: 02: 13,687,0.554,16.0
 2026- 04- 09 15: 02: 13,686,0.553,16.0
 2026- 04- 09 15: 02: 14,688,0.554,16.0
 2026- 04- 09 15: 02: 14,686,0.553,16.0
 2026- 04- 09 15: 02: 15,687,0.554,16.0
 2026- 04- 09 15: 02: 15,685,0.552,16.0
 2026- 04- 09 15: 02: 16,687,0.554,16.0
 2026- 04- 09 15: 02: 16,698,0.562,17.0
 2026- 04- 09 15: 02: 17,685,0.552,16.0
 2026- 04- 09 15: 02: 17,683,0.55,16.0
 2026- 04- 09 15: 02: 18,682,0.55,16.0
 2026- 04- 09 15: 02: 18,687,0.554,16.0
 2026- 04- 09 15: 02: 19,688,0.554,16.0
 2026- 04- 09 15: 02: 19,685,0.552,16.0
 2026- 04- 09 15: 02: 20,683,0.55,16.0
 2026- 04- 09 15: 02: 20,685,0.552,16.0
 2026- 04- 09 15: 02: 21,687,0.554,16.0
 2026- 04- 09 15: 02: 21,687,0.554,16.0
 2026- 04- 09 15: 02: 22,687,0.554,16.0
 2026- 04- 09 15: 02: 22,686,0.553,16.0
 2026- 04- 09 15: 02: 23,688,0.554,16.0
 2026- 04- 09 15: 02: 23,687,0.554,16.0
 2026- 04- 09 15: 02: 24,687,0.554,16.0
 2026- 04- 09 15: 02: 24,688,0.554,16.0
 2026- 04- 09 15: 02: 25,683,0.55,16.0
 2026- 04- 09 15: 02: 25,687,0.554,16.0
 2026- 04- 09 15: 02: 26,683,0.55,16.0
 2026- 04- 09 15: 02: 26,688,0.554,16.0
 2026- 04- 09 15: 02: 27,688,0.554,16.0
 2026- 04- 09 15: 02: 27,684,0.551,16.0
 2026- 04- 09 15: 02: 28,687,0.554,16.0
 2026- 04- 09 15: 02: 28,687,0.554,16.0
 2026- 04- 09 15: 02: 29,685,0.552,16.0
 2026- 04- 09 15: 02: 29,687,0.554,16.0
 2026- 04- 09 15: 02: 30,685,0.552,16.0
 2026- 04- 09 15: 02: 30,686,0.553,16.0
 2026- 04- 09 15: 02: 31,688,0.554,16.0
 2026- 04- 09 15: 02: 31,688,0.554,16.0
 2026- 04- 09 15: 02: 32,686,0.553,16.0
 2026- 04- 09 15: 02: 32,688,0.554,16.0
 2026- 04- 09 15: 02: 33,688,0.554,16.0
 2026- 04- 09 15: 02: 33,687,0.554,16.0
 2026- 04- 09 15: 02: 34,686,0.553,16.0
 2026- 04- 09 15: 02: 34,683,0.55,16.0
 2026- 04- 09 15: 02: 35,685,0.552,16.0
 2026- 04- 09 15: 02: 35,682,0.55,16.0
 2026- 04- 09 15: 02: 36,685,0.552,16.0
 2026- 04- 09 15: 02: 36,685,0.552,16.0
 2026- 04- 09 15: 02: 37,683,0.55,16.0
 2026- 04- 09 15: 02: 37,688,0.554,16.0
 2026- 04- 09 15: 02: 38,684,0.551,16.0
 2026- 04- 09 15: 02: 38,685,0.552,16.0
 2026- 04- 09 15: 02: 39,685,0.552,16.0
 2026- 04- 09 15: 02: 39,688,0.554,16.0
 2026- 04- 09 15: 02: 40,685,0.552,16.0
 2026- 04- 09 15: 02: 40,686,0.553,16.0
 2026- 04- 09 15: 02: 41,688,0.554,16.0
 2026- 04- 09 15: 02: 41,682,0.55,16.0
 2026- 04- 09 15: 02: 42,688,0.554,16.0
 2026- 04- 09 15: 02: 42,687,0.554,16.0
 2026- 04- 09 15: 02: 43,686,0.553,16.0
 2026- 04- 09 15: 02: 43,684,0.551,16.0
 2026- 04- 09 15: 02: 44,688,0.554,16.0
 2026- 04- 09 15: 02: 44,686,0.553,16.0
 2026- 04- 09 15: 02: 45,686,0.553,16.0
 2026- 04- 09 15: 02: 45,688,0.554,16.0
 2026- 04- 09 15: 02: 46,685,0.552,16.0
 2026- 04- 09 15: 02: 46,686,0.553,16.0
 2026- 04- 09 15: 02: 47,682,0.55,16.0
 2026- 04- 09 15: 02: 47,687,0.554,16.0
 2026- 04- 09 15: 02: 48,684,0.551,16.0
 2026- 04- 09 15: 02: 48,686,0.553,16.0
 2026- 04- 09 15: 02: 49,685,0.552,16.0
 2026- 04- 09 15: 02: 49,688,0.554,16.0
 2026- 04- 09 15: 02: 50,688,0.554,16.0
 2026- 04- 09 15: 02: 50,687,0.554,16.0
 2026- 04- 09 15: 02: 51,683,0.55,16.0
 2026- 04- 09 15: 02: 51,681,0.549,16.0
 2026- 04- 09 15: 02: 52,703,0.567,17.0
 2026- 04- 09 15: 02: 52,687,0.554,16.0
 2026- 04- 09 15: 02: 53,687,0.554,16.0
 2026- 04- 09 15: 02: 53,686,0.553,16.0
 2026- 04- 09 15: 02: 54,687,0.554,16.0
 2026- 04- 09 15: 02: 54,687,0.554,16.0
 2026- 04- 09 15: 02: 55,688,0.554,16.0
 2026- 04- 09 15: 02: 55,684,0.551,16.0
 2026- 04- 09 15: 02: 56,687,0.554,16.0
 2026- 04- 09 15: 02: 56,687,0.554,16.0
 2026- 04- 09 15: 02: 57,688,0.554,16.0
 2026- 04- 09 15: 02: 57,655,0.528,15.0
 2026- 04- 09 15: 02: 58,688,0.554,16.0
 2026- 04- 09 15: 02: 58,686,0.553,16.0
 2026- 04- 09 15: 02: 59,688,0.554,16.0
 2026- 04- 09 15: 02: 59,683,0.55,16.0
 2026- 04- 09 15: 03: 00,689,0.555,16.0
 2026- 04- 09 15: 03: 00,681,0.549,16.0
 2026- 04- 09 15: 03: 01,687,0.554,16.0
 2026- 04- 09 15: 03: 01,685,0.552,16.0
 2026- 04- 09 15: 03: 02,688,0.554,16.0
 2026- 04- 09 15: 03: 02,682,0.55,16.0
 2026- 04- 09 15: 03: 03,688,0.554,16.0
 2026- 04- 09 15: 03: 03,688,0.554,16.0
 2026- 04- 09 15: 03: 04,688,0.554,16.0
 2026- 04- 09 15: 03: 04,685,0.552,16.0
 2026- 04- 09 15: 03: 05,687,0.554,16.0
 2026- 04- 09 15: 03: 05,685,0.552,16.0
 2026- 04- 09 15: 03: 06,687,0.554,16.0
 2026- 04- 09 15: 03: 06,686,0.553,16.0
 2026- 04- 09 15: 03: 07,686,0.553,16.0
 2026- 04- 09 15: 03: 07,688,0.554,16.0
 2026- 04- 09 15: 03: 08,687,0.554,16.0
 2026- 04- 09 15: 03: 08,681,0.549,16.0
 2026- 04- 09 15: 03: 09,680,0.548,16.0
 2026- 04- 09 15: 03: 09,688,0.554,16.0
 2026- 04- 09 15: 03: 10,688,0.554,16.0
 2026- 04- 09 15: 03: 10,687,0.554,16.0
 2026- 04- 09 15: 03: 11,686,0.553,16.0
 2026- 04- 09 15: 03: 11,686,0.553,16.0
 2026- 04- 09 15: 03: 12,680,0.548,16.0
 2026- 04- 09 15: 03: 12,688,0.554,16.0
 2026- 04- 09 15: 03: 13,683,0.55,16.0
 2026- 04- 09 15: 03: 13,688,0.554,16.0
 2026- 04- 09 15: 03: 14,675,0.544,16.0
 2026- 04- 09 15: 03: 14,685,0.552,16.0
 2026- 04- 09 15: 03: 15,684,0.551,16.0
 2026- 04- 09 15: 03: 15,688,0.554,16.0
 2026- 04- 09 15: 03: 16,684,0.551,16.0
 2026- 04- 09 15: 03: 16,683,0.55,16.0
 2026- 04- 09 15: 03: 17,686,0.553,16.0
 2026- 04- 09 15: 03: 17,686,0.553,16.0
 2026- 04- 09 15: 03: 18,681,0.549,16.0
 2026- 04- 09 15: 03: 18,685,0.552,16.0
 2026- 04- 09 15: 03: 19,683,0.55,16.0
 2026- 04- 09 15: 03: 19,681,0.549,16.0
 2026- 04- 09 15: 03: 20,679,0.547,16.0
 2026- 04- 09 15: 03: 20,686,0.553,16.0
 2026- 04- 09 15: 03: 21,685,0.552,16.0
 2026- 04- 09 15: 03: 21,686,0.553,16.0
 2026- 04- 09 15: 03: 22,685,0.552,16.0
 2026- 04- 09 15: 03: 22,686,0.553,16.0
 2026- 04- 09 15: 03: 23,683,0.55,16.0
 2026- 04- 09 15: 03: 23,688,0.554,16.0
 2026- 04- 09 15: 03: 24,688,0.554,16.0
 2026- 04- 09 15: 03: 24,686,0.553,16.0
 2026- 04- 09 15: 03: 25,685,0.552,16.0
 2026- 04- 09 15: 03: 25,686,0.553,16.0
 2026- 04- 09 15: 03: 26,687,0.554,16.0
 2026- 04- 09 15: 03: 26,685,0.552,16.0
 2026- 04- 09 15: 03: 27,687,0.554,16.0
 2026- 04- 09 15: 03: 27,683,0.55,16.0
 2026- 04- 09 15: 03: 28,686,0.553,16.0
 2026- 04- 09 15: 03: 28,685,0.552,16.0
 2026- 04- 09 15: 03: 29,688,0.554,16.0
 2026- 04- 09 15: 03: 29,687,0.554,16.0
 2026- 04- 09 15: 03: 30,685,0.552,16.0
 2026- 04- 09 15: 03: 30,685,0.552,16.0
 2026- 04- 09 15: 03: 31,686,0.553,16.0
 2026- 04- 09 15: 03: 31,688,0.554,16.0
 2026- 04- 09 15: 03: 32,688,0.554,16.0
 2026- 04- 09 15: 03: 32,701,0.565,17.0
 2026- 04- 09 15: 03: 33,683,0.55,16.0
 2026- 04- 09 15: 03: 33,688,0.554,16.0
 2026- 04- 09 15: 03: 34,684,0.551,16.0
 2026- 04- 09 15: 03: 34,686,0.553,16.0
 2026- 04- 09 15: 03: 35,688,0.554,16.0
 2026- 04- 09 15: 03: 35,687,0.554,16.0
 2026- 04- 09 15: 03: 36,688,0.554,16.0
 2026- 04- 09 15: 03: 36,686,0.553,16.0
 2026- 04- 09 15: 03: 37,685,0.552,16.0
 2026- 04- 09 15: 03: 37,687,0.554,16.0
 2026- 04- 09 15: 03: 38,688,0.554,16.0
 2026- 04- 09 15: 03: 38,687,0.554,16.0
 2026- 04- 09 15: 03: 39,688,0.554,16.0
 2026- 04- 09 15: 03: 39,687,0.554,16.0
 2026- 04- 09 15: 03: 40,688,0.554,16.0
 2026- 04- 09 15: 03: 40,683,0.55,16.0
 2026- 04- 09 15: 03: 41,685,0.552,16.0
 2026- 04- 09 15: 03: 41,688,0.554,16.0
 2026- 04- 09 15: 03: 42,682,0.55,16.0
 2026- 04- 09 15: 03: 42,685,0.552,16.0
 2026- 04- 09 15: 03: 43,729,0.587,17.0
 2026- 04- 09 15: 03: 43,687,0.554,16.0
 2026- 04- 09 15: 03: 44,682,0.55,16.0
 2026- 04- 09 15: 03: 44,673,0.542,16.0
 2026- 04- 09 15: 03: 45,685,0.552,16.0
 2026- 04- 09 15: 03: 45,688,0.554,16.0
 2026- 04- 09 15: 03: 46,685,0.552,16.0
 2026- 04- 09 15: 03: 46,688,0.554,16.0
 2026- 04- 09 15: 03: 47,683,0.55,16.0
 2026- 04- 09 15: 03: 47,687,0.554,16.0
 2026- 04- 09 15: 03: 48,688,0.554,16.0
 2026- 04- 09 15: 03: 48,684,0.551,16.0
 2026- 04- 09 15: 03: 49,684,0.551,16.0
 2026- 04- 09 15: 03: 49,688,0.554,16.0
 2026- 04- 09 15: 03: 50,687,0.554,16.0
 2026- 04- 09 15: 03: 50,688,0.554,16.0
 2026- 04- 09 15: 03: 51,687,0.554,16.0
 2026- 04- 09 15: 03: 51,686,0.553,16.0
 2026- 04- 09 15: 03: 52,686,0.553,16.0
 2026- 04- 09 15: 03: 52,687,0.554,16.0
 2026- 04- 09 15: 03: 53,685,0.552,16.0
 2026- 04- 09 15: 03: 53,683,0.55,16.0
 2026- 04- 09 15: 03: 54,688,0.554,16.0
 2026- 04- 09 15: 03: 54,687,0.554,16.0
 2026- 04- 09 15: 03: 55,686,0.553,16.0
 2026- 04- 09 15: 03: 55,686,0.553,16.0
 2026- 04- 09 15: 03: 56,683,0.55,16.0
 2026- 04- 09 15: 03: 56,685,0.552,16.0
 2026- 04- 09 15: 03: 57,683,0.55,16.0
 2026- 04- 09 15: 03: 57,682,0.55,16.0
 2026- 04- 09 15: 03: 58,669,0.539,16.0
 2026- 04- 09 15: 03: 58,688,0.554,16.0
 2026- 04- 09 15: 03: 59,685,0.552,16.0
 2026- 04- 09 15: 03: 59,685,0.552,16.0
 2026- 04- 09 15: 04: 00,685,0.552,16.0
 2026- 04- 09 15: 04: 00,685,0.552,16.0
 2026- 04- 09 15: 04: 01,684,0.551,16.0
 2026- 04- 09 15: 04: 01,685,0.552,16.0
 2026- 04- 09 15: 04: 02,694,0.559,16.0
 2026- 04- 09 15: 04: 02,688,0.554,16.0
 2026- 04- 09 15: 04: 03,688,0.554,16.0
 2026- 04- 09 15: 04: 03,687,0.554,16.0
 2026- 04- 09 15: 04: 04,685,0.552,16.0
 2026- 04- 09 15: 04: 04,703,0.567,17.0
 2026- 04- 09 15: 04: 05,687,0.554,16.0
 2026- 04- 09 15: 04: 05,687,0.554,16.0
 2026- 04- 09 15: 04: 06,688,0.554,16.0
 2026- 04- 09 15: 04: 06,687,0.554,16.0
 2026- 04- 09 15: 04: 07,685,0.552,16.0
 2026- 04- 09 15: 04: 07,687,0.554,16.0
 2026- 04- 09 15: 04: 08,688,0.554,16.0
 2026- 04- 09 15: 04: 08,687,0.554,16.0
 2026- 04- 09 15: 04: 09,684,0.551,16.0
 2026- 04- 09 15: 04: 09,691,0.557,16.0
 2026- 04- 09 15: 04: 10,680,0.548,16.0
 2026- 04- 09 15: 04: 10,688,0.554,16.0
 2026- 04- 09 15: 04: 11,688,0.554,16.0
 2026- 04- 09 15: 04: 11,679,0.547,16.0
 2026- 04- 09 15: 04: 12,685,0.552,16.0
 2026- 04- 09 15: 04: 12,687,0.554,16.0
 2026- 04- 09 15: 04: 13,685,0.552,16.0
 2026- 04- 09 15: 04: 13,685,0.552,16.0
 2026- 04- 09 15: 04: 14,683,0.55,16.0
 2026- 04- 09 15: 04: 14,688,0.554,16.0
 2026- 04- 09 15: 04: 15,685,0.552,16.0
 2026- 04- 09 15: 04: 15,688,0.554,16.0
 2026- 04- 09 15: 04: 16,685,0.552,16.0
 2026- 04- 09 15: 04: 16,682,0.55,16.0
 2026- 04- 09 15: 04: 17,686,0.553,16.0
 2026- 04- 09 15: 04: 17,686,0.553,16.0
 2026- 04- 09 15: 04: 18,681,0.549,16.0
 2026- 04- 09 15: 04: 18,686,0.553,16.0
 2026- 04- 09 15: 04: 19,682,0.55,16.0
 2026- 04- 09 15: 04: 19,667,0.538,16.0
 2026- 04- 09 15: 04: 20,686,0.553,16.0
 2026- 04- 09 15: 04: 20,687,0.554,16.0
 2026- 04- 09 15: 04: 21,686,0.553,16.0
 2026- 04- 09 15: 04: 21,682,0.55,16.0
 2026- 04- 09 15: 04: 22,688,0.554,16.0
 2026- 04- 09 15: 04: 22,687,0.554,16.0
 2026- 04- 09 15: 04: 23,686,0.553,16.0
 2026- 04- 09 15: 04: 23,681,0.549,16.0
 2026- 04- 09 15: 04: 24,687,0.554,16.0
 2026- 04- 09 15: 04: 24,687,0.554,16.0
 2026- 04- 09 15: 04: 25,681,0.549,16.0
 2026- 04- 09 15: 04: 25,687,0.554,16.0
 2026- 04- 09 15: 04: 26,686,0.553,16.0
 2026- 04- 09 15: 04: 26,688,0.554,16.0
 2026- 04- 09 15: 04: 27,687,0.554,16.0
 2026- 04- 09 15: 04: 27,683,0.55,16.0
 2026- 04- 09 15: 04: 28,687,0.554,16.0
 2026- 04- 09 15: 04: 28,688,0.554,16.0
 2026- 04- 09 15: 04: 29,688,0.554,16.0
 2026- 04- 09 15: 04: 29,687,0.554,16.0
 2026- 04- 09 15: 04: 30,681,0.549,16.0
 2026- 04- 09 15: 04: 30,685,0.552,16.0
 2026- 04- 09 15: 04: 31,686,0.553,16.0
 2026- 04- 09 15: 04: 31,685,0.552,16.0
 2026- 04- 09 15: 04: 32,688,0.554,16.0
 2026- 04- 09 15: 04: 32,687,0.554,16.0
 2026- 04- 09 15: 04: 33,683,0.55,16.0
 2026- 04- 09 15: 04: 33,683,0.55,16.0
 2026- 04- 09 15: 04: 34,685,0.552,16.0
 2026- 04- 09 15: 04: 34,684,0.551,16.0
 2026- 04- 09 15: 04: 35,681,0.549,16.0
 2026- 04- 09 15: 04: 35,686,0.553,16.0
 2026- 04- 09 15: 04: 36,684,0.551,16.0
 2026- 04- 09 15: 04: 36,686,0.553,16.0
 2026- 04- 09 15: 04: 37,681,0.549,16.0
 2026- 04- 09 15: 04: 37,683,0.55,16.0
 2026- 04- 09 15: 04: 38,683,0.55,16.0
 2026- 04- 09 15: 04: 38,687,0.554,16.0
 2026- 04- 09 15: 04: 39,685,0.552,16.0
 2026- 04- 09 15: 04: 39,685,0.552,16.0
 2026- 04- 09 15: 04: 40,687,0.554,16.0
 2026- 04- 09 15: 04: 40,688,0.554,16.0
 2026- 04- 09 15: 04: 41,687,0.554,16.0
 2026- 04- 09 15: 04: 41,687,0.554,16.0
 2026- 04- 09 15: 04: 42,688,0.554,16.0
 2026- 04- 09 15: 04: 42,685,0.552,16.0
 2026- 04- 09 15: 04: 43,688,0.554,16.0
 2026- 04- 09 15: 04: 43,688,0.554,16.0
 2026- 04- 09 15: 04: 44,683,0.55,16.0
 2026- 04- 09 15: 04: 44,688,0.554,16.0
 2026- 04- 09 15: 04: 45,685,0.552,16.0
 2026- 04- 09 15: 04: 45,687,0.554,16.0
 2026- 04- 09 15: 04: 46,684,0.551,16.0
 2026- 04- 09 15: 04: 46,688,0.554,16.0
 2026- 04- 09 15: 04: 47,688,0.554,16.0
 2026- 04- 09 15: 04: 47,685,0.552,16.0
 2026- 04- 09 15: 04: 48,687,0.554,16.0
 2026- 04- 09 15: 04: 48,687,0.554,16.0
 2026- 04- 09 15: 04: 49,687,0.554,16.0
 2026- 04- 09 15: 04: 49,685,0.552,16.0
 2026- 04- 09 15: 04: 50,688,0.554,16.0
 2026- 04- 09 15: 04: 50,683,0.55,16.0
 2026- 04- 09 15: 04: 51,686,0.553,16.0
 2026- 04- 09 15: 04: 51,685,0.552,16.0
 2026- 04- 09 15: 04: 52,683,0.55,16.0
 2026- 04- 09 15: 04: 52,688,0.554,16.0
 2026- 04- 09 15: 04: 53,687,0.554,16.0
 2026- 04- 09 15: 04: 53,686,0.553,16.0
 2026- 04- 09 15: 04: 54,686,0.553,16.0
 2026- 04- 09 15: 04: 54,682,0.55,16.0
 2026- 04- 09 15: 04: 55,682,0.55,16.0
 2026- 04- 09 15: 04: 55,685,0.552,16.0
 2026- 04- 09 15: 04: 56,687,0.554,16.0
 2026- 04- 09 15: 04: 56,688,0.554,16.0
 2026- 04- 09 15: 04: 57,687,0.554,16.0
 2026- 04- 09 15: 04: 57,685,0.552,16.0
 2026- 04- 09 15: 04: 58,686,0.553,16.0
 2026- 04- 09 15: 04: 58,688,0.554,16.0
 2026- 04- 09 15: 04: 59,685,0.552,16.0
 2026- 04- 09 15: 04: 59,696,0.561,16.0
 2026- 04- 09 15: 05: 00,686,0.553,16.0
 2026- 04- 09 15: 05: 00,682,0.55,16.0
 2026- 04- 09 15: 05: 01,688,0.554,16.0
 2026- 04- 09 15: 05: 01,683,0.55,16.0
 2026- 04- 09 15: 05: 02,683,0.55,16.0
 2026- 04- 09 15: 05: 02,683,0.55,16.0
 2026- 04- 09 15: 05: 03,688,0.554,16.0
 2026- 04- 09 15: 05: 03,688,0.554,16.0
 2026- 04- 09 15: 05: 04,686,0.553,16.0
 2026- 04- 09 15: 05: 04,686,0.553,16.0
 2026- 04- 09 15: 05: 05,686,0.553,16.0
 2026- 04- 09 15: 05: 05,687,0.554,16.0
 2026- 04- 09 15: 05: 06,687,0.554,16.0
 2026- 04- 09 15: 05: 06,684,0.551,16.0
 2026- 04- 09 15: 05: 07,686,0.553,16.0
 2026- 04- 09 15: 05: 07,686,0.553,16.0
 2026- 04- 09 15: 05: 08,683,0.55,16.0
 2026- 04- 09 15: 05: 08,687,0.554,16.0
 2026- 04- 09 15: 05: 09,685,0.552,16.0
 2026- 04- 09 15: 05: 09,685,0.552,16.0
 2026- 04- 09 15: 05: 10,687,0.554,16.0
 2026- 04- 09 15: 05: 10,687,0.554,16.0
 2026- 04- 09 15: 05: 11,685,0.552,16.0
 2026- 04- 09 15: 05: 11,685,0.552,16.0
 2026- 04- 09 15: 05: 12,686,0.553,16.0
 2026- 04- 09 15: 05: 12,687,0.554,16.0
 2026- 04- 09 15: 05: 13,683,0.55,16.0
 2026- 04- 09 15: 05: 13,687,0.554,16.0
 2026- 04- 09 15: 05: 14,687,0.554,16.0
 2026- 04- 09 15: 05: 14,686,0.553,16.0
 2026- 04- 09 15: 05: 15,683,0.55,16.0
 2026- 04- 09 15: 05: 15,685,0.552,16.0
 2026- 04- 09 15: 05: 16,685,0.552,16.0
 2026- 04- 09 15: 05: 16,683,0.55,16.0
 2026- 04- 09 15: 05: 17,688,0.554,16.0
 2026- 04- 09 15: 05: 17,688,0.554,16.0
 2026- 04- 09 15: 05: 18,686,0.553,16.0
 2026- 04- 09 15: 05: 18,687,0.554,16.0
 2026- 04- 09 15: 05: 19,688,0.554,16.0
 2026- 04- 09 15: 05: 19,685,0.552,16.0
 2026- 04- 09 15: 05: 20,688,0.554,16.0
 2026- 04- 09 15: 05: 20,686,0.553,16.0
 2026- 04- 09 15: 05: 21,681,0.549,16.0
 2026- 04- 09 15: 05: 21,685,0.552,16.0
 2026- 04- 09 15: 05: 22,687,0.554,16.0
 2026- 04- 09 15: 05: 22,688,0.554,16.0
 2026- 04- 09 15: 05: 23,684,0.551,16.0
 2026- 04- 09 15: 05: 23,688,0.554,16.0
 2026- 04- 09 15: 05: 24,688,0.554,16.0
 2026- 04- 09 15: 05: 24,688,0.554,16.0
 2026- 04- 09 15: 05: 25,686,0.553,16.0
 2026- 04- 09 15: 05: 25,688,0.554,16.0
 2026- 04- 09 15: 05: 26,686,0.553,16.0
 2026- 04- 09 15: 05: 26,688,0.554,16.0
 2026- 04- 09 15: 05: 27,688,0.554,16.0
 2026- 04- 09 15: 05: 27,685,0.552,16.0
 2026- 04- 09 15: 05: 28,686,0.553,16.0
 2026- 04- 09 15: 05: 28,688,0.554,16.0
 2026- 04- 09 15: 05: 29,688,0.554,16.0
 2026- 04- 09 15: 05: 29,688,0.554,16.0
 2026- 04- 09 15: 05: 30,687,0.554,16.0
 2026- 04- 09 15: 05: 30,688,0.554,16.0
 2026- 04- 09 15: 05: 31,688,0.554,16.0
 2026- 04- 09 15: 05: 31,685,0.552,16.0
 2026- 04- 09 15: 05: 32,686,0.553,16.0
 2026- 04- 09 15: 05: 32,685,0.552,16.0
 2026- 04- 09 15: 05: 33,687,0.554,16.0
 2026- 04- 09 15: 05: 33,685,0.552,16.0
 2026- 04- 09 15: 05: 34,688,0.554,16.0
 2026- 04- 09 15: 05: 34,686,0.553,16.0
 2026- 04- 09 15: 05: 35,688,0.554,16.0
 2026- 04- 09 15: 05: 35,687,0.554,16.0
 2026- 04- 09 15: 05: 36,688,0.554,16.0
 2026- 04- 09 15: 05: 36,687,0.554,16.0
 2026- 04- 09 15: 05: 37,681,0.549,16.0
 2026- 04- 09 15: 05: 37,688,0.554,16.0
 2026- 04- 09 15: 05: 38,688,0.554,16.0
 2026- 04- 09 15: 05: 38,687,0.554,16.0
 2026- 04- 09 15: 05: 39,676,0.545,16.0
 2026- 04- 09 15: 05: 39,687,0.554,16.0
 2026- 04- 09 15: 05: 40,688,0.554,16.0
 2026- 04- 09 15: 05: 40,688,0.554,16.0
 2026- 04- 09 15: 05: 41,683,0.55,16.0
 2026- 04- 09 15: 05: 41,678,0.546,16.0
 2026- 04- 09 15: 05: 42,687,0.554,16.0
 2026- 04- 09 15: 05: 42,678,0.546,16.0
 2026- 04- 09 15: 05: 43,685,0.552,16.0
 2026- 04- 09 15: 05: 43,688,0.554,16.0
 2026- 04- 09 15: 05: 44,686,0.553,16.0
 2026- 04- 09 15: 05: 44,686,0.553,16.0
 2026- 04- 09 15: 05: 45,685,0.552,16.0
 2026- 04- 09 15: 05: 45,685,0.552,16.0
 2026- 04- 09 15: 05: 46,687,0.554,16.0
 2026- 04- 09 15: 05: 46,688,0.554,16.0
 2026- 04- 09 15: 05: 47,683,0.55,16.0
 2026- 04- 09 15: 05: 47,685,0.552,16.0
 2026- 04- 09 15: 05: 48,687,0.554,16.0
 2026- 04- 09 15: 05: 48,683,0.55,16.0
 2026- 04- 09 15: 05: 49,686,0.553,16.0
 2026- 04- 09 15: 05: 49,651,0.525,15.0
 2026- 04- 09 15: 05: 50,686,0.553,16.0
 2026- 04- 09 15: 05: 50,687,0.554,16.0
 2026- 04- 09 15: 05: 51,685,0.552,16.0
 2026- 04- 09 15: 05: 51,685,0.552,16.0
 2026- 04- 09 15: 05: 52,685,0.552,16.0
 2026- 04- 09 15: 05: 52,686,0.553,16.0
 2026- 04- 09 15: 05: 53,688,0.554,16.0
 2026- 04- 09 15: 05: 53,688,0.554,16.0
 2026- 04- 09 15: 05: 54,687,0.554,16.0
 2026- 04- 09 15: 05: 54,684,0.551,16.0
 2026- 04- 09 15: 05: 55,687,0.554,16.0
 2026- 04- 09 15: 05: 55,685,0.552,16.0
 2026- 04- 09 15: 05: 56,683,0.55,16.0
 2026- 04- 09 15: 05: 56,684,0.551,16.0
 2026- 04- 09 15: 05: 57,688,0.554,16.0
 2026- 04- 09 15: 05: 57,686,0.553,16.0
 2026- 04- 09 15: 05: 58,687,0.554,16.0
 2026- 04- 09 15: 05: 58,688,0.554,16.0
 2026- 04- 09 15: 05: 59,688,0.554,16.0
 2026- 04- 09 15: 05: 59,720,0.58,17.0
 2026- 04- 09 15: 06: 00,685,0.552,16.0
 2026- 04- 09 15: 06: 00,688,0.554,16.0
 2026- 04- 09 15: 06: 01,683,0.55,16.0
 2026- 04- 09 15: 06: 01,682,0.55,16.0
 2026- 04- 09 15: 06: 02,683,0.55,16.0
 2026- 04- 09 15: 06: 02,690,0.556,16.0
 2026- 04- 09 15: 06: 03,685,0.552,16.0
 2026- 04- 09 15: 06: 03,684,0.551,16.0
 2026- 04- 09 15: 06: 04,686,0.553,16.0
 2026- 04- 09 15: 06: 04,686,0.553,16.0
 2026- 04- 09 15: 06: 05,706,0.569,17.0
 2026- 04- 09 15: 06: 05,686,0.553,16.0
 2026- 04- 09 15: 06: 06,686,0.553,16.0
 2026- 04- 09 15: 06: 06,686,0.553,16.0
 2026- 04- 09 15: 06: 07,683,0.55,16.0
 2026- 04- 09 15: 06: 07,0,0.0,0.0
 2026- 04- 09 15: 06: 08,4095,3.3,100.0
 2026- 04- 09 15: 06: 08,638,0.514,15.0
 2026- 04- 09 15: 06: 09,0,0.0,0.0
 2026- 04- 09 15: 06: 09,0,0.0,0.0
 2026- 04- 09 15: 06: 10,0,0.0,0.0
 2026- 04- 09 15: 06: 10,0,0.0,0.0
 2026- 04- 09 15: 06: 11,0,0.0,0.0
 2026- 04- 09 15: 06: 11,0,0.0,0.0
 2026- 04- 09 15: 06: 12,136,0.11,3.0
 2026- 04- 09 15: 06: 12,126,0.102,3.0
 2026- 04- 09 15: 06: 13,0,0.0,0.0
 2026- 04- 09 15: 06: 13,0,0.0,0.0
 2026- 04- 09 15: 06: 14,0,0.0,0.0
 2026- 04- 09 15: 06: 14,0,0.0,0.0
 2026- 04- 09 15: 06: 15,0,0.0,0.0
 2026- 04- 09 15: 06: 15,0,0.0,0.0
 2026- 04- 09 15: 06: 16,0,0.0,0.0
 2026- 04- 09 15: 06: 16,0,0.0,0.0
 2026- 04- 09 15: 06: 17,0,0.0,0.0
 2026- 04- 09 15: 06: 17,0,0.0,0.0
 2026- 04- 09 15: 06: 18,0,0.0,0.0
 2026- 04- 09 15: 06: 18,0,0.0,0.0
 2026- 04- 09 15: 06: 19,0,0.0,0.0
 2026- 04- 09 15: 06: 19,0,0.0,0.0
 2026- 04- 09 15: 06: 20,0,0.0,0.0
 2026- 04- 09 15: 06: 20,0,0.0,0.0
 2026- 04- 09 15: 06: 21,0,0.0,0.0
 2026- 04- 09 15: 06: 21,0,0.0,0.0
 2026- 04- 09 15: 06: 22,0,0.0,0.0
 2026- 04- 09 15: 06: 22,0,0.0,0.0
 2026- 04- 09 15: 06: 23,0,0.0,0.0
 2026- 04- 09 15: 06: 23,0,0.0,0.0
 2026- 04- 09 15: 06: 24,0,0.0,0.0
 2026- 04- 09 15: 06: 24,0,0.0,0.0
 2026- 04- 09 15: 06: 25,4095,3.3,100.0
 2026- 04- 09 15: 06: 25,0,0.0,0.0
 2026- 04- 09 15: 06: 26,0,0.0,0.0
 2026- 04- 09 15: 06: 26,4095,3.3,100.0
 2026- 04- 09 15: 06: 27,4095,3.3,100.0
 2026- 04- 09 15: 06: 27,4095,3.3,100.0
 2026- 04- 09 15: 06: 28,4095,3.3,100.0
 2026- 04- 09 15: 06: 28,4095,3.3,100.0
 2026- 04- 09 15: 06: 29,4095,3.3,100.0
 2026- 04- 09 15: 06: 29,4095,3.3,100.0
 2026- 04- 09 15: 06: 30,4095,3.3,100.0
 2026- 04- 09 15: 06: 30,4095,3.3,100.0
 2026- 04- 09 15: 06: 31,4095,3.3,100.0
 2026- 04- 09 15: 06: 31,4095,3.3,100.0
 2026- 04- 09 15: 06: 32,4095,3.3,100.0
 2026- 04- 09 15: 06: 32,4095,3.3,100.0
 2026- 04- 09 15: 06: 33,4095,3.3,100.0
 2026- 04- 09 15: 06: 33,4095,3.3,100.0
 2026- 04- 09 15: 06: 34,4095,3.3,100.0
 2026- 04- 09 15: 06: 34,4095,3.3,100.0
 2026- 04- 09 15: 06: 35,4095,3.3,100.0
 2026- 04- 09 15: 06: 35,4095,3.3,100.0
 2026- 04- 09 15: 06: 36,4095,3.3,100.0
 2026- 04- 09 15: 06: 36,4095,3.3,100.0
 2026- 04- 09 15: 06: 37,4095,3.3,100.0
 2026- 04- 09 15: 06: 37,4095,3.3,100.0
 2026- 04- 09 15: 06: 38,4095,3.3,100.0
 2026- 04- 09 15: 06: 38,4095,3.3,100.0
 2026- 04- 09 15: 06: 39,4095,3.3,100.0
 2026- 04- 09 15: 06: 39,4095,3.3,100.0
 2026- 04- 09 15: 06: 40,4095,3.3,100.0
 2026- 04- 09 15: 06: 40,4095,3.3,100.0
 2026- 04- 09 15: 06: 41,4095,3.3,100.0
 2026- 04- 09 15: 06: 41,4095,3.3,100.0
 2026- 04- 09 15: 06: 42,4095,3.3,100.0
 2026- 04- 09 15: 06: 42,4095,3.3,100.0
 2026- 04- 09 15: 06: 43,4095,3.3,100.0
 2026- 04- 09 15: 06: 43,4095,3.3,100.0
 2026- 04- 09 15: 06: 44,4095,3.3,100.0
 2026- 04- 09 15: 06: 44,4095,3.3,100.0
 2026- 04- 09 15: 06: 45,4095,3.3,100.0
 2026- 04- 09 15: 06: 45,4095,3.3,100.0
 2026- 04- 09 15: 06: 46,4095,3.3,100.0
 2026- 04- 09 15: 06: 46,4095,3.3,100.0
 2026- 04- 09 15: 06: 47,4095,3.3,100.0
 2026- 04- 09 15: 06: 47,4095,3.3,100.0
 2026- 04- 09 15: 06: 48,4095,3.3,100.0
 2026- 04- 09 15: 06: 48,4095,3.3,100.0
 2026- 04- 09 15: 06: 49,4095,3.3,100.0
 2026- 04- 09 15: 06: 49,4095,3.3,100.0
 2026- 04- 09 15: 06: 50,4095,3.3,100.0
 2026- 04- 09 15: 06: 50,4095,3.3,100.0
 2026- 04- 09 15: 06: 51,4095,3.3,100.0
 2026- 04- 09 15: 06: 51,4095,3.3,100.0
 2026- 04- 09 15: 06: 52,4095,3.3,100.0
 2026- 04- 09 15: 06: 52,4095,3.3,100.0
 2026- 04- 09 15: 06: 53,4095,3.3,100.0
 2026- 04- 09 15: 06: 53,4095,3.3,100.0
 2026- 04- 09 15: 06: 54,4095,3.3,100.0
 2026- 04- 09 15: 06: 54,4095,3.3,100.0
 2026- 04- 09 15: 06: 55,4095,3.3,100.0
 2026- 04- 09 15: 06: 55,4095,3.3,100.0
 2026- 04- 09 15: 06: 56,4095,3.3,100.0
 2026- 04- 09 15: 06: 56,4095,3.3,100.0
 2026- 04- 09 15: 06: 57,4095,3.3,100.0
 2026- 04- 09 15: 06: 57,4095,3.3,100.0
 2026- 04- 09 15: 06: 58,4095,3.3,100.0
 2026- 04- 09 15: 06: 58,4095,3.3,100.0
 2026- 04- 09 15: 06: 59,4095,3.3,100.0
 2026- 04- 09 15: 06: 59,4095,3.3,100.0
 2026- 04- 09 15: 07: 00,4095,3.3,100.0
 2026- 04- 09 15: 07: 00,4095,3.3,100.0
 2026- 04- 09 15: 07: 01,4095,3.3,100.0
 2026- 04- 09 15: 07: 01,4095,3.3,100.0
 2026- 04- 09 15: 07: 02,4095,3.3,100.0
 2026- 04- 09 15: 07: 02,4095,3.3,100.0
 2026- 04- 09 15: 07: 03,4095,3.3,100.0
 2026- 04- 09 15: 07: 03,4095,3.3,100.0
 2026- 04- 09 15: 07: 04,4095,3.3,100.0
 2026- 04- 09 15: 07: 04,4095,3.3,100.0
 2026- 04- 09 15: 07: 05,4095,3.3,100.0
 2026- 04- 09 15: 07: 05,4095,3.3,100.0
 2026- 04- 09 15: 07: 06,4095,3.3,100.0
 2026- 04- 09 15: 07: 06,4095,3.3,100.0
 2026- 04- 09 15: 07: 07,4095,3.3,100.0
 2026- 04- 09 15: 07: 07,4095,3.3,100.0
 2026- 04- 09 15: 07: 08,4095,3.3,100.0
 2026- 04- 09 15: 07: 08,4095,3.3,100.0
 2026- 04- 09 15: 07: 09,4095,3.3,100.0
 2026- 04- 09 15: 07: 09,4095,3.3,100.0
 2026- 04- 09 15: 07: 10,4095,3.3,100.0
 2026- 04- 09 15: 07: 10,4095,3.3,100.0
 2026- 04- 09 15: 07: 11,4095,3.3,100.0
 2026- 04- 09 15: 07: 11,4095,3.3,100.0
 2026- 04- 09 15: 07: 12,4095,3.3,100.0
 2026- 04- 09 15: 07: 12,4095,3.3,100.0
 2026- 04- 09 15: 07: 13,4095,3.3,100.0
 2026- 04- 09 15: 07: 13,4095,3.3,100.0
 2026- 04- 09 15: 07: 14,4095,3.3,100.0
 2026- 04- 09 15: 07: 14,4095,3.3,100.0
 2026- 04- 09 15: 07: 15,4095,3.3,100.0
 2026- 04- 09 15: 07: 15,4095,3.3,100.0
 2026- 04- 09 15: 07: 16,4095,3.3,100.0
 2026- 04- 09 15: 07: 16,4095,3.3,100.0
 2026- 04- 09 15: 07: 17,4095,3.3,100.0
 2026- 04- 09 15: 07: 17,4095,3.3,100.0
 2026- 04- 09 15: 07: 18,4095,3.3,100.0
 2026- 04- 09 15: 07: 18,4095,3.3,100.0
 2026- 04- 09 15: 07: 19,4095,3.3,100.0
 2026- 04- 09 15: 07: 19,4095,3.3,100.0
 2026- 04- 09 15: 07: 20,4095,3.3,100.0
 2026- 04- 09 15: 07: 20,4095,3.3,100.0
 2026- 04- 09 15: 07: 21,4095,3.3,100.0
 2026- 04- 09 15: 07: 21,4095,3.3,100.0
 2026- 04- 09 15: 07: 22,4095,3.3,100.0
 2026- 04- 09 15: 07: 22,4095,3.3,100.0
 2026- 04- 09 15: 07: 23,4095,3.3,100.0
 2026- 04- 09 15: 07: 23,4095,3.3,100.0
 2026- 04- 09 15: 07: 24,4095,3.3,100.0
 2026- 04- 09 15: 07: 24,4095,3.3,100.0
 2026- 04- 09 15: 07: 25,4095,3.3,100.0
 2026- 04- 09 15: 07: 25,4095,3.3,100.0
 2026- 04- 09 15: 07: 26,4095,3.3,100.0
 2026- 04- 09 15: 07: 26,4095,3.3,100.0
 2026- 04- 09 15: 07: 27,4095,3.3,100.0
 2026- 04- 09 15: 07: 27,4095,3.3,100.0
 2026- 04- 09 15: 07: 28,4095,3.3,100.0
 2026- 04- 09 15: 07: 28,4095,3.3,100.0
 2026- 04- 09 15: 07: 29,4095,3.3,100.0
 2026- 04- 09 15: 07: 29,4095,3.3,100.0
 2026- 04- 09 15: 07: 30,4095,3.3,100.0
 2026- 04- 09 15: 07: 30,4095,3.3,100.0
 2026- 04- 09 15: 07: 31,4095,3.3,100.0
 2026- 04- 09 15: 07: 31,4095,3.3,100.0
 2026- 04- 09 15: 07: 32,4095,3.3,100.0
 2026- 04- 09 15: 07: 32,4095,3.3,100.0
 2026- 04- 09 15: 07: 33,4095,3.3,100.0
 2026- 04- 09 15: 07: 33,4095,3.3,100.0
 2026- 04- 09 15: 07: 34,4095,3.3,100.0
 2026- 04- 09 15: 07: 34,4095,3.3,100.0
 2026- 04- 09 15: 07: 35,4095,3.3,100.0
 2026- 04- 09 15: 07: 35,4095,3.3,100.0
 2026- 04- 09 15: 07: 36,4095,3.3,100.0
 2026- 04- 09 15: 07: 36,4095,3.3,100.0
 2026- 04- 09 15: 07: 37,4095,3.3,100.0
 2026- 04- 09 15: 07: 37,4095,3.3,100.0
 2026- 04- 09 15: 07: 38,4095,3.3,100.0
 2026- 04- 09 15: 07: 38,4095,3.3,100.0
 2026- 04- 09 15: 07: 39,4095,3.3,100.0
 2026- 04- 09 15: 07: 39,4095,3.3,100.0
 2026- 04- 09 15: 07: 40,4095,3.3,100.0
 2026- 04- 09 15: 07: 40,4095,3.3,100.0
 2026- 04- 09 15: 07: 41,4095,3.3,100.0
 2026- 04- 09 15: 07: 41,4095,3.3,100.0
 2026- 04- 09 15: 07: 42,4095,3.3,100.0
 2026- 04- 09 15: 07: 42,4095,3.3,100.0
 2026- 04- 09 15: 07: 43,4095,3.3,100.0
 2026- 04- 09 15: 07: 43,4095,3.3,100.0
 2026- 04- 09 15: 07: 44,4095,3.3,100.0
 2026- 04- 09 15: 07: 44,4095,3.3,100.0
 2026- 04- 09 15: 07: 45,4095,3.3,100.0
 2026- 04- 09 15: 07: 45,4095,3.3,100.0
 2026- 04- 09 15: 07: 46,4095,3.3,100.0
 2026- 04- 09 15: 07: 46,4095,3.3,100.0
 2026- 04- 09 15: 07: 47,4095,3.3,100.0
 2026- 04- 09 15: 07: 47,4095,3.3,100.0
 2026- 04- 09 15: 07: 48,4095,3.3,100.0
 2026- 04- 09 15: 07: 48,4095,3.3,100.0
 2026- 04- 09 15: 07: 49,4095,3.3,100.0
 2026- 04- 09 15: 07: 49,4095,3.3,100.0
 2026- 04- 09 15: 07: 50,4095,3.3,100.0
 2026- 04- 09 15: 07: 50,4095,3.3,100.0
 2026- 04- 09 15: 07: 51,4095,3.3,100.0
 2026- 04- 09 15: 07: 51,4095,3.3,100.0
 2026- 04- 09 15: 07: 52,4095,3.3,100.0
 2026- 04- 09 15: 07: 52,4095,3.3,100.0
 2026- 04- 09 15: 07: 53,4095,3.3,100.0
 2026- 04- 09 15: 07: 53,4095,3.3,100.0
 2026- 04- 09 15: 07: 54,4095,3.3,100.0
 2026- 04- 09 15: 07: 54,4095,3.3,100.0
 2026- 04- 09 15: 07: 55,4095,3.3,100.0
 2026- 04- 09 15: 07: 55,4095,3.3,100.0
 2026- 04- 09 15: 07: 56,4095,3.3,100.0
 2026- 04- 09 15: 07: 56,4095,3.3,100.0
 2026- 04- 09 15: 07: 57,4095,3.3,100.0
 2026- 04- 09 15: 07: 57,4095,3.3,100.0
 2026- 04- 09 15: 07: 58,4095,3.3,100.0
 2026- 04- 09 15: 07: 58,4095,3.3,100.0
 2026- 04- 09 15: 07: 59,4095,3.3,100.0
 2026- 04- 09 15: 07: 59,4095,3.3,100.0
 2026- 04- 09 15: 08: 00,4095,3.3,100.0
 2026- 04- 09 15: 08: 00,4095,3.3,100.0
 2026- 04- 09 15: 08: 01,4095,3.3,100.0
 2026- 04- 09 15: 08: 01,4095,3.3,100.0
 2026- 04- 09 15: 08: 02,4095,3.3,100.0
 2026- 04- 09 15: 08: 02,4095,3.3,100.0
 2026- 04- 09 15: 08: 03,4095,3.3,100.0
 2026- 04- 09 15: 08: 03,4095,3.3,100.0
 2026- 04- 09 15: 08: 04,4095,3.3,100.0
 2026- 04- 09 15: 08: 04,4095,3.3,100.0
 2026- 04- 09 15: 08: 05,4095,3.3,100.0
 2026- 04- 09 15: 08: 05,4095,3.3,100.0
 2026- 04- 09 15: 08: 06,4095,3.3,100.0
 2026- 04- 09 15: 08: 06,4095,3.3,100.0
 2026- 04- 09 15: 08: 07,4095,3.3,100.0
 2026- 04- 09 15: 08: 07,4095,3.3,100.0
 2026- 04- 09 15: 08: 08,4095,3.3,100.0
 2026- 04- 09 15: 08: 08,4095,3.3,100.0
 2026- 04- 09 15: 08: 09,4095,3.3,100.0
 2026- 04- 09 15: 08: 09,4095,3.3,100.0
 2026- 04- 09 15: 08: 10,4095,3.3,100.0
 2026- 04- 09 15: 08: 10,4095,3.3,100.0
 2026- 04- 09 15: 08: 11,4095,3.3,100.0
 2026- 04- 09 15: 08: 11,4095,3.3,100.0
 2026- 04- 09 15: 08: 12,4095,3.3,100.0
 2026- 04- 09 15: 08: 12,95,3.3,100.0
 2026- 04- 09 15: 08: 13,4095,3.3,100.0
 2026- 04- 09 15: 08: 13,4095,3.3,100.0
 2026- 04- 09 15: 08: 14,4095,3.3,100.0
 2026- 04- 09 15: 08: 14,4095,3.3,100.0
 2026- 04- 09 15: 08: 15,4095,3.3,100.0
 2026- 04- 09 15: 08: 15,4095,3.3,100.0
 2026- 04- 09 15: 08: 16,4095,3.3,100.0
 2026- 04- 09 15: 08: 16,4095,3.3,100.0
 2026- 04- 09 15: 08: 17,4095,3.3,100.0
 2026- 04- 09 15: 08: 17,4095,3.3,100.0
 2026- 04- 09 15: 08: 18,4095,3.3,100.0
 2026- 04- 09 15: 08: 18,4095,3.3,100.0
 2026- 04- 09 15: 08: 19,4095,3.3,100.0
 2026- 04- 09 15: 08: 19,4095,3.3,100.0
 2026- 04- 09 15: 08: 20,4095,3.3,100.0
 2026- 04- 09 15: 08: 20,4095,3.3,100.0
 2026- 04- 09 15: 08: 21,4095,3.3,100.0
 2026- 04- 09 15: 08: 21,4095,3.3,100.0
 2026- 04- 09 15: 08: 22,4095,3.3,100.0
 2026- 04- 09 15: 08: 22,4095,3.3,100.0
 2026- 04- 09 15: 08: 23,4095,3.3,100.0
 2026- 04- 09 15: 08: 23,4095,3.3,100.0
 2026- 04- 09 15: 08: 24,4095,3.3,100.0
 2026- 04- 09 15: 08: 24,4095,3.3,100.0
 2026- 04- 09 15: 08: 25,4095,3.3,100.0
 2026- 04- 09 15: 08: 25,4095,3.3,100.0
 2026- 04- 09 15: 08: 26,4095,3.3,100.0
 2026- 04- 09 15: 08: 26,4095,3.3,100.0
 2026- 04- 09 15: 08: 27,4095,3.3,100.0
 2026- 04- 09 15: 08: 27,4095,3.3,100.0
 2026- 04- 09 15: 08: 28,4095,3.3,100.0
 2026- 04- 09 15: 08: 28,4095,3.3,100.0
 2026- 04- 09 15: 08: 29,4095,3.3,100.0
 2026- 04- 09 15: 08: 29,4095,3.3,100.0
 2026- 04- 09 15: 08: 30,4095,3.3,100.0
 2026- 04- 09 15: 08: 30,4095,3.3,100.0
 2026- 04- 09 15: 08: 31,4095,3.3,100.0
 2026- 04- 09 15: 08: 31,4095,3.3,100.0
 2026- 04- 09 15: 08: 32,4095,3.3,100.0
 2026- 04- 09 15: 08: 32,4095,3.3,100.0
 2026- 04- 09 15: 08: 33,4095,3.3,100.0
 2026- 04- 09 15: 08: 33,4095,3.3,100.0
 2026- 04- 09 15: 08: 34,4095,3.3,100.0
 2026- 04- 09 15: 08: 34,4095,3.3,100.0
 2026- 04- 09 15: 08: 35,4095,3.3,100.0
 2026- 04- 09 15: 08: 35,4095,3.3,100.0
 2026- 04- 09 15: 08: 36,4095,3.3,100.0
 2026- 04- 09 15: 08: 36,4095,3.3,100.0
 2026- 04- 09 15: 08: 37,4095,3.3,100.0
 2026- 04- 09 15: 08: 37,4095,3.3,100.0
 2026- 04- 09 15: 08: 38,4095,3.3,100.0
 2026- 04- 09 15: 08: 38,4095,3.3,100.0
 2026- 04- 09 15: 08: 39,4095,3.3,100.0
 2026- 04- 09 15: 08: 39,4095,3.3,100.0
 2026- 04- 09 15: 08: 40,4095,3.3,100.0
 2026- 04- 09 15: 08: 40,4095,3.3,100.0
 2026- 04- 09 15: 08: 41,4095,3.3,100.0
 2026- 04- 09 15: 08: 41,4095,3.3,100.0
 2026- 04- 09 15: 08: 42,4095,3.3,100.0
 2026- 04- 09 15: 08: 42,4095,3.3,100.0
 2026- 04- 09 15: 08: 43,4095,3.3,100.0
 2026- 04- 09 15: 08: 43,4095,3.3,100.0
 2026- 04- 09 15: 08: 44,4095,3.3,100.0
 2026- 04- 09 15: 08: 44,4095,3.3,100.0
 2026- 04- 09 15: 08: 45,4095,3.3,100.0
 2026- 04- 09 15: 08: 45,4095,3.3,100.0
 2026- 04- 09 15: 08: 46,4095,3.3,100.0
 2026- 04- 09 15: 08: 46,4095,3.3,100.0
 2026- 04- 09 15: 08: 47,4095,3.3,100.0
 2026- 04- 09 15: 08: 47,4095,3.3,100.0
 2026- 04- 09 15: 08: 48,4095,3.3,100.0
 2026- 04- 09 15: 08: 48,4095,3.3,100.0
 2026- 04- 09 15: 08: 49,4095,3.3,100.0
 2026- 04- 09 15: 08: 49,4095,3.3,100.0
 2026- 04- 09 15: 08: 50,4095,3.3,100.0
 2026- 04- 09 15: 08: 50,4095,3.3,100.0
 2026- 04- 09 15: 08: 51,4095,3.3,100.0
 2026- 04- 09 15: 08: 51,4095,3.3,100.0
 2026- 04- 09 15: 08: 52,4095,3.3,100.0
 2026- 04- 09 15: 08: 52,4095,3.3,100.0
 2026- 04- 09 15: 08: 53,4095,3.3,100.0
 2026- 04- 09 15: 08: 53,4095,3.3,100.0
 2026- 04- 09 15: 08: 54,4095,3.3,100.0
 2026- 04- 09 15: 08: 54,4095,3.3,100.0
 2026- 04- 09 15: 08: 55,4095,3.3,100.0
 2026- 04- 09 15: 08: 55,4095,3.3,100.0
 2026- 04- 09 15: 08: 56,4095,3.3,100.0
 2026- 04- 09 15: 08: 56,4095,3.3,100.0
 2026- 04- 09 15: 08: 57,4095,3.3,100.0
 2026- 04- 09 15: 08: 57,4095,3.3,100.0
 2026- 04- 09 15: 08: 58,4095,3.3,100.0
 2026- 04- 09 15: 08: 58,4095,3.3,100.0
 2026- 04- 09 15: 08: 59,4095,3.3,100.0
 2026- 04- 09 15: 08: 59,4095,3.3,100.0
 2026- 04- 09 15: 09: 00,4095,3.3,100.0
 2026- 04- 09 15: 09: 00,4095,3.3,100.0
 2026- 04- 09 15: 09: 01,4095,3.3,100.0
 2026- 04- 09 15: 09: 01,4095,3.3,100.0
 2026- 04- 09 15: 09: 02,4095,3.3,100.0
 2026- 04- 09 15: 09: 02,4095,3.3,100.0
 2026- 04- 09 15: 09: 03,4095,3.3,100.0
 2026- 04- 09 15: 09: 03,4095,3.3,100.0
 2026- 04- 09 15: 09: 04,4095,3.3,100.0
 2026- 04- 09 15: 09: 04,4095,3.3,100.0
 2026- 04- 09 15: 09: 05,4095,3.3,100.0
 2026- 04- 09 15: 09: 05,4095,3.3,100.0
 2026- 04- 09 15: 09: 06,4095,3.3,100.0
 2026- 04- 09 15: 09: 06,4095,3.3,100.0
 2026- 04- 09 15: 09: 07,4095,3.3,100.0
 2026- 04- 09 15: 09: 07,4095,3.3,100.0
 2026- 04- 09 15: 09: 08,4095,3.3,100.0
 2026- 04- 09 15: 09: 08,4095,3.3,100.0
 2026- 04- 09 15: 09: 09,4095,3.3,100.0
 2026- 04- 09 15: 09: 09,4095,3.3,100.0
 2026- 04- 09 15: 09: 10,4095,3.3,100.0
 2026- 04- 09 15: 09: 10,4095,3.3,100.0
 2026- 04- 09 15: 09: 11,4095,3.3,100.0
 2026- 04- 09 15: 09: 11,4095,3.3,100.0
 2026- 04- 09 15: 09: 12,4095,3.3,100.0
 2026- 04- 09 15: 09: 12,4095,3.3,100.0
 2026- 04- 09 15: 09: 13,4095,3.3,100.0
 2026- 04- 09 15: 09: 13,4095,3.3,100.0
 2026- 04- 09 15: 09: 14,4095,3.3,100.0
 2026- 04- 09 15: 09: 14,4095,3.3,100.0
 2026- 04- 09 15: 09: 15,4095,3.3,100.0
 2026- 04- 09 15: 09: 15,4095,3.3,100.0
 2026- 04- 09 15: 09: 16,4095,3.3,100.0
 2026- 04- 09 15: 09: 16,4095,3.3,100.0
 2026- 04- 09 15: 09: 17,4095,3.3,100.0
 2026- 04- 09 15: 09: 17,4095,3.3,100.0
 2026- 04- 09 15: 09: 18,4095,3.3,100.0
 2026- 04- 09 15: 09: 18,4095,3.3,100.0
 2026- 04- 09 15: 09: 19,4095,3.3,100.0
 2026- 04- 09 15: 09: 19,4095,3.3,100.0
 2026- 04- 09 15: 09: 20,4095,3.3,100.0
 2026- 04- 09 15: 09: 20,4095,3.3,100.0
 2026- 04- 09 15: 09: 21,4095,3.3,100.0
 2026- 04- 09 15: 09: 21,4095,3.3,100.0
 2026- 04- 09 15: 09: 22,4095,3.3,100.0
 2026- 04- 09 15: 09: 22,4095,3.3,100.0
 2026- 04- 09 15: 09: 23,4095,3.3,100.0
 2026- 04- 09 15: 09: 23,4095,3.3,100.0
 2026- 04- 09 15: 09: 24,4095,3.3,100.0
 2026- 04- 09 15: 09: 24,4095,3.3,100.0
 2026- 04- 09 15: 09: 25,4095,3.3,100.0
 2026- 04- 09 15: 09: 25,4095,3.3,100.0
 2026- 04- 09 15: 09: 26,4095,3.3,100.0
 2026- 04- 09 15: 09: 26,4095,3.3,100.0
 2026- 04- 09 15: 09: 27,4095,3.3,100.0
 2026- 04- 09 15: 09: 27,4095,3.3,100.0
 2026- 04- 09 15: 09: 28,4095,3.3,100.0
 2026- 04- 09 15: 09: 28,4095,3.3,100.0
 2026- 04- 09 15: 09: 29,4095,3.3,100.0
 2026- 04- 09 15: 09: 29,4095,3.3,100.0
 2026- 04- 09 15: 09: 30,4095,3.3,100.0
 2026- 04- 09 15: 09: 30,4095,3.3,100.0
 2026- 04- 09 15: 09: 31,4095,3.3,100.0
 2026- 04- 09 15: 09: 31,4095,3.3,100.0
 2026- 04- 09 15: 09: 32,4095,3.3,100.0
 2026- 04- 09 15: 09: 32,4095,3.3,100.0
 2026- 04- 09 15: 09: 33,4095,3.3,100.0
 2026- 04- 09 15: 09: 33,4095,3.3,100.0
 2026- 04- 09 15: 09: 34,4095,3.3,100.0
 2026- 04- 09 15: 09: 34,4095,3.3,100.0
 2026- 04- 09 15: 09: 35,4095,3.3,100.0
 2026- 04- 09 15: 09: 35,4095,3.3,100.0
 2026- 04- 09 15: 09: 36,4095,3.3,100.0
 2026- 04- 09 15: 09: 36,4095,3.3,100.0
 2026- 04- 09 15: 09: 37,4095,3.3,100.0
 2026- 04- 09 15: 09: 37,4095,3.3,100.0
 2026- 04- 09 15: 09: 38,4095,3.3,100.0
 2026- 04- 09 15: 09: 38,4095,3.3,100.0
 2026- 04- 09 15: 09: 39,4095,3.3,100.0
 2026- 04- 09 15: 09: 39,4095,3.3,100.0
 2026- 04- 09 15: 09: 40,4095,3.3,100.0
 2026- 04- 09 15: 09: 40,4095,3.3,100.0
 2026- 04- 09 15: 09: 41,4095,3.3,100.0
 2026- 04- 09 15: 09: 41,4095,3.3,100.0
 2026- 04- 09 15: 09: 42,4095,3.3,100.0
 2026- 04- 09 15: 09: 42,4095,3.3,100.0
 2026- 04- 09 15: 09: 43,4095,3.3,100.0
 2026- 04- 09 15: 09: 43,4095,3.3,100.0
 2026- 04- 09 15: 09: 44,4095,3.3,100.0
 2026- 04- 09 15: 09: 44,4095,3.3,100.0
 2026- 04- 09 15: 09: 45,4095,3.3,100.0
 2026- 04- 09 15: 09: 45,4095,3.3,100.0
 2026- 04- 09 15: 09: 46,4095,3.3,100.0
 2026- 04- 09 15: 09: 46,4095,3.3,100.0
 2026- 04- 09 15: 09: 47,4095,3.3,100.0
 2026- 04- 09 15: 09: 47,4095,3.3,100.0
 2026- 04- 09 15: 09: 48,4095,3.3,100.0
 2026- 04- 09 15: 09: 48,4095,3.3,100.0
 2026- 04- 09 15: 09: 49,4095,3.3,100.0
 2026- 04- 09 15: 09: 49,4095,3.3,100.0
 2026- 04- 09 15: 09: 50,4095,3.3,100.0
 2026- 04- 09 15: 09: 50,4095,3.3,100.0
 2026- 04- 09 15: 09: 51,4095,3.3,100.0
 2026- 04- 09 15: 09: 51,4095,3.3,100.0
 2026- 04- 09 15: 09: 52,4095,3.3,100.0
 2026- 04- 09 15: 09: 52,4095,3.3,100.0
 2026- 04- 09 15: 09: 53,4095,3.3,100.0
 2026- 04- 09 15: 09: 53,4095,3.3,100.0
 2026- 04- 09 15: 09: 54,4095,3.3,100.0
 2026- 04- 09 15: 09: 54,4095,3.3,100.0
 2026- 04- 09 15: 09: 55,4095,3.3,100.0
 2026- 04- 09 15: 09: 55,4095,3.3,100.0
 2026- 04- 09 15: 09: 56,4095,3.3,100.0
 2026- 04- 09 15: 09: 56,4095,3.3,100.0
 2026- 04- 09 15: 09: 57,4095,3.3,100.0
 2026- 04- 09 15: 09: 57,4095,3.3,100.0
 2026- 04- 09 15: 09: 58,4095,3.3,100.0
 2026- 04- 09 15: 09: 58,4095,3.3,100.0
 2026- 04- 09 15: 09: 59,4095,3.3,100.0
 2026- 04- 09 15: 09: 59,4095,3.3,100.0
 2026- 04- 09 15: 10: 00,4095,3.3,100.0
 2026- 04- 09 15: 10: 00,4095,3.3,100.0
 2026- 04- 09 15: 10: 01,4095,3.3,100.0
 2026- 04- 09 15: 10: 01,4095,3.3,100.0
 2026- 04- 09 15: 10: 02,4095,3.3,100.0
 2026- 04- 09 15: 10: 02,4095,3.3,100.0
 2026- 04- 09 15: 10: 03,4095,3.3,100.0
 2026- 04- 09 15: 10: 03,4095,3.3,100.0
 2026- 04- 09 15: 10: 04,4095,3.3,100.0
 2026- 04- 09 15: 10: 04,4095,3.3,100.0
 2026- 04- 09 15: 10: 05,4095,3.3,100.0
 2026- 04- 09 15: 10: 05,4095,3.3,100.0
 2026- 04- 09 15: 10: 06,4095,3.3,100.0
 2026- 04- 09 15: 10: 06,4095,3.3,100.0
 2026- 04- 09 15: 10: 07,4095,3.3,100.0
 2026- 04- 09 15: 10: 07,4095,3.3,100.0
 2026- 04- 09 15: 10: 08,4095,3.3,100.0
 2026- 04- 09 15: 10: 08,4095,3.3,100.0
 2026- 04- 09 15: 10: 09,4095,3.3,100.0
 2026- 04- 09 15: 10: 09,4095,3.3,100.0
 2026- 04- 09 15: 10: 10,4095,3.3,100.0
 2026- 04- 09 15: 10: 10,4095,3.3,100.0
 2026- 04- 09 15: 10: 11,4095,3.3,100.0
 2026- 04- 09 15: 10: 11,4095,3.3,100.0
 2026- 04- 09 15: 10: 12,4095,3.3,100.0
 2026- 04- 09 15: 10: 12,4095,3.3,100.0
 2026- 04- 09 15: 10: 13,4095,3.3,100.0
 2026- 04- 09 15: 10: 13,4095,3.3,100.0
 2026- 04- 09 15: 10: 14,4095,3.3,100.0
 2026- 04- 09 15: 10: 14,4095,3.3,100.0
 2026- 04- 09 15: 10: 15,4095,3.3,100.0
 2026- 04- 09 15: 10: 15,4095,3.3,100.0
 2026- 04- 09 15: 10: 16,4095,3.3,100.0
 2026- 04- 09 15: 10: 16,4095,3.3,100.0
 2026- 04- 09 15: 10: 17,4095,3.3,100.0
 2026- 04- 09 15: 10: 17,4095,3.3,100.0
 2026- 04- 09 15: 10: 18,4095,3.3,100.0
 2026- 04- 09 15: 10: 18,4095,3.3,100.0
 2026- 04- 09 15: 10: 19,4095,3.3,100.0
 2026- 04- 09 15: 10: 19,4095,3.3,100.0
 2026- 04- 09 15: 10: 20,4095,3.3,100.0
 2026- 04- 09 15: 10: 20,4095,3.3,100.0
 2026- 04- 09 15: 10: 21,4095,3.3,100.0
 2026- 04- 09 15: 10: 21,4095,3.3,100.0
 2026- 04- 09 15: 10: 22,4095,3.3,100.0
 2026- 04- 09 15: 10: 22,4095,3.3,100.0
 2026- 04- 09 15: 10: 23,4095,3.3,100.0
 2026- 04- 09 15: 10: 23,4095,3.3,100.0
 2026- 04- 09 15: 10: 24,4095,3.3,100.0
 2026- 04- 09 15: 10: 24,4095,3.3,100.0
 2026- 04- 09 15: 10: 25,4095,3.3,100.0
 2026- 04- 09 15: 10: 25,4095,3.3,100.0
 2026- 04- 09 15: 10: 26,4095,3.3,100.0
 2026- 04- 09 15: 10: 26,4095,3.3,100.0
 2026- 04- 09 15: 10: 27,4095,3.3,100.0
 2026- 04- 09 15: 10: 27,4095,3.3,100.0
 2026- 04- 09 15: 10: 28,4095,3.3,100.0
 2026- 04- 09 15: 10: 28,4095,3.3,100.0
 2026- 04- 09 15: 10: 29,4095,3.3,100.0
 2026- 04- 09 15: 10: 29,4095,3.3,100.0
 2026- 04- 09 15: 10: 30,4095,3.3,100.0
 2026- 04- 09 15: 10: 30,4095,3.3,100.0
 2026- 04- 09 15: 10: 31,4095,3.3,100.0
 2026- 04- 09 15: 10: 31,4095,3.3,100.0
 2026- 04- 09 15: 10: 32,4095,3.3,100.0
 2026- 04- 09 15: 10: 32,4095,3.3,100.0
 2026- 04- 09 15: 10: 33,4095,3.3,100.0
 2026- 04- 09 15: 10: 33,4095,3.3,100.0
 2026- 04- 09 15: 10: 34,4095,3.3,100.0
 2026- 04- 09 15: 10: 34,4095,3.3,100.0
 2026- 04- 09 15: 10: 35,4095,3.3,100.0
 2026- 04- 09 15: 10: 35,4095,3.3,100.0
 2026- 04- 09 15: 10: 36,4095,3.3,100.0
 2026- 04- 09 15: 10: 36,4095,3.3,100.0
 2026- 04- 09 15: 10: 37,4095,3.3,100.0
 2026- 04- 09 15: 10: 37,4095,3.3,100.0
 2026- 04- 09 15: 10: 38,4095,3.3,100.0
 2026- 04- 09 15: 10: 38,4095,3.3,100.0
 2026- 04- 09 15: 10: 39,4095,3.3,100.0
 2026- 04- 09 15: 10: 39,4095,3.3,100.0
 2026- 04- 09 15: 10: 40,4095,3.3,100.0
 2026- 04- 09 15: 10: 40,4095,3.3,100.0
 2026- 04- 09 15: 10: 41,4095,3.3,100.0
 2026- 04- 09 15: 10: 41,4095,3.3,100.0
 2026- 04- 09 15: 10: 42,4095,3.3,100.0
 2026- 04- 09 15: 10: 42,4095,3.3,100.0
 2026- 04- 09 15: 10: 43,4095,3.3,100.0
 2026- 04- 09 15: 10: 43,4095,3.3,100.0
 2026- 04- 09 15: 10: 44,4095,3.3,100.0
 2026- 04- 09 15: 10: 44,4095,3.3,100.0
 2026- 04- 09 15: 10: 45,4095,3.3,100.0
 2026- 04- 09 15: 10: 45,4095,3.3,100.0
 2026- 04- 09 15: 10: 46,4095,3.3,100.0
 2026- 04- 09 15: 10: 46,4095,3.3,100.0
 2026- 04- 09 15: 10: 47,4095,3.3,100.0
 2026- 04- 09 15: 10: 47,4095,3.3,100.0
 2026- 04- 09 15: 10: 48,4095,3.3,100.0
 2026- 04- 09 15: 10: 48,4095,3.3,100.0
 2026- 04- 09 15: 10: 49,4095,3.3,100.0
 2026- 04- 09 15: 10: 49,4095,3.3,100.0
 2026- 04- 09 15: 10: 50,4095,3.3,100.0
 2026- 04- 09 15: 10: 50,4095,3.3,100.0
 2026- 04- 09 15: 10: 51,4095,3.3,100.0
 2026- 04- 09 15: 10: 51,4095,3.3,100.0
 2026- 04- 09 15: 10: 52,4095,3.3,100.0
 2026- 04- 09 15: 10: 52,4095,3.3,100.0
 2026- 04- 09 15: 10: 53,4095,3.3,100.0
 2026- 04- 09 15: 10: 53,4095,3.3,100.0
 2026- 04- 09 15: 10: 54,4095,3.3,100.0
 2026- 04- 09 15: 10: 54,4095,3.3,100.0
 2026- 04- 09 15: 10: 55,4095,3.3,100.0
 2026- 04- 09 15: 10: 55,4095,3.3,100.0
 2026- 04- 09 15: 10: 56,4095,3.3,100.0
 2026- 04- 09 15: 10: 56,4095,3.3,100.0
 2026- 04- 09 15: 10: 57,4095,3.3,100.0
 2026- 04- 09 15: 10: 57,4095,3.3,100.0
 2026- 04- 09 15: 10: 58,4095,3.3,100.0
 2026- 04- 09 15: 10: 58,4095,3.3,100.0
 2026- 04- 09 15: 10: 59,4095,3.3,100.0
 2026- 04- 09 15: 10: 59,4095,3.3,100.0
 2026- 04- 09 15: 11: 00,4095,3.3,100.0
 2026- 04- 09 15: 11: 00,4095,3.3,100.0
 2026- 04- 09 15: 11: 01,4095,3.3,100.0
 2026- 04- 09 15: 11: 01,4095,3.3,100.0
 2026- 04- 09 15: 11: 02,4095,3.3,100.0
 2026- 04- 09 15: 11: 02,4095,3.3,100.0
 2026- 04- 09 15: 11: 03,4095,3.3,100.0
 2026- 04- 09 15: 11: 03,4095,3.3,100.0
 2026- 04- 09 15: 11: 04,4095,3.3,100.0
 2026- 04- 09 15: 11: 04,4095,3.3,100.0
 2026- 04- 09 15: 11: 05,4095,3.3,100.0
 2026- 04- 09 15: 11: 05,4095,3.3,100.0
 2026- 04- 09 15: 11: 06,4095,3.3,100.0
 2026- 04- 09 15: 11: 06,4095,3.3,100.0
 2026- 04- 09 15: 11: 07,4095,3.3,100.0
 2026- 04- 09 15: 11: 07,4095,3.3,100.0
 2026- 04- 09 15: 11: 08,4095,3.3,100.0
 2026- 04- 09 15: 11: 08,4095,3.3,100.0
 2026- 04- 09 15: 11: 09,4095,3.3,100.0
 2026- 04- 09 15: 11: 09,4095,3.3,100.0
 2026- 04- 09 15: 11: 10,4095,3.3,100.0
 2026- 04- 09 15: 11: 10,4095,3.3,100.0
 2026- 04- 09 15: 11: 11,4095,3.3,100.0
 2026- 04- 09 15: 11: 11,4095,3.3,100.0
 2026- 04- 09 15: 11: 12,4095,3.3,100.0
 2026- 04- 09 15: 11: 12,4095,3.3,100.0
 2026- 04- 09 15: 11: 13,4095,3.3,100.0
 2026- 04- 09 15: 11: 13,4095,3.3,100.0
 2026- 04- 09 15: 11: 14,4095,3.3,100.0
 2026- 04- 09 15: 11: 14,4095,3.3,100.0
 2026- 04- 09 15: 11: 15,4095,3.3,100.0
 2026- 04- 09 15: 11: 15,4095,3.3,100.0
 2026- 04- 09 15: 11: 16,4095,3.3,100.0
 2026- 04- 09 15: 11: 16,4095,3.3,100.0
 2026- 04- 09 15: 11: 17,4095,3.3,100.0
 2026- 04- 09 15: 11: 17,4095,3.3,100.0
 2026- 04- 09 15: 11: 18,4095,3.3,100.0
 2026- 04- 09 15: 11: 18,4095,3.3,100.0
 2026- 04- 09 15: 11: 19,4095,3.3,100.0
 2026- 04- 09 15: 11: 19,4095,3.3,100.0
 2026- 04- 09 15: 11: 20,4095,3.3,100.0
 2026- 04- 09 15: 11: 20,4095,3.3,100.0
 2026- 04- 09 15: 11: 21,4095,3.3,100.0
 2026- 04- 09 15: 11: 21,4095,3.3,100.0
 2026- 04- 09 15: 11: 22,4095,3.3,100.0
 2026- 04- 09 15: 11: 22,4095,3.3,100.0
 2026- 04- 09 15: 11: 23,4095,3.3,100.0
 2026- 04- 09 15: 11: 23,4095,3.3,100.0
 2026- 04- 09 15: 11: 24,4095,3.3,100.0
 2026- 04- 09 15: 11: 24,4095,3.3,100.0
 2026- 04- 09 15: 11: 25,4095,3.3,100.0
 2026- 04- 09 15: 11: 25,4095,3.3,100.0
 2026- 04- 09 15: 11: 26,4095,3.3,100.0
 2026- 04- 09 15: 11: 26,4095,3.3,100.0
 2026- 04- 09 15: 11: 27,4095,3.3,100.0
 2026- 04- 09 15: 11: 27,4095,3.3,100.0
 2026- 04- 09 15: 11: 28,4095,3.3,100.0
 2026- 04- 09 15: 11: 28,4095,3.3,100.0
 2026- 04- 09 15: 11: 29,4095,3.3,100.0
 2026- 04- 09 15: 11: 29,4095,3.3,100.0
 2026- 04- 09 15: 11: 30,4095,3.3,100.0
 2026- 04- 09 15: 11: 30,4095,3.3,100.0
 2026- 04- 09 15: 11: 31,4095,3.3,100.0
 2026- 04- 09 15: 11: 31,4095,3.3,100.0
 2026- 04- 09 15: 11: 32,4095,3.3,100.0
 2026- 04- 09 15: 11: 32,4095,3.3,100.0
 2026- 04- 09 15: 11: 33,4095,3.3,100.0
 2026- 04- 09 15: 11: 33,4095,3.3,100.0
 2026- 04- 09 15: 11: 34,4095,3.3,100.0
 2026- 04- 09 15: 11: 34,4095,3.3,100.0
 2026- 04- 09 15: 11: 35,4095,3.3,100.0
 2026- 04- 09 15: 11: 35,4095,3.3,100.0
 2026- 04- 09 15: 11: 36,4095,3.3,100.0
 2026- 04- 09 15: 11: 36,4095,3.3,100.0
 2026- 04- 09 15: 11: 37,4095,3.3,100.0
 2026- 04- 09 15: 11: 37,4095,3.3,100.0
 2026- 04- 09 15: 11: 38,4095,3.3,100.0
 2026- 04- 09 15: 11: 38,4095,3.3,100.0
 2026- 04- 09 15: 11: 39,4095,3.3,100.0
 2026- 04- 09 15: 11: 39,4095,3.3,100.0
 2026- 04- 09 15: 11: 40,4095,3.3,100.0
 2026- 04- 09 15: 11: 40,4095,3.3,100.0
 2026- 04- 09 15: 11: 41,4095,3.3,100.0
 2026- 04- 09 15: 11: 41,4095,3.3,100.0
 2026- 04- 09 15: 11: 42,4095,3.3,100.0
 2026- 04- 09 15: 11: 42,4095,3.3,100.0
 2026- 04- 09 15: 11: 43,4095,3.3,100.0
 2026- 04- 09 15: 11: 43,4095,3.3,100.0
 2026- 04- 09 15: 11: 44,4095,3.3,100.0
 2026- 04- 09 15: 11: 44,4095,3.3,100.0
 2026- 04- 09 15: 11: 45,4095,3.3,100.0
 2026- 04- 09 15: 11: 45,4095,3.3,100.0
 2026- 04- 09 15: 11: 46,4095,3.3,100.0
 2026- 04- 09 15: 11: 46,4095,3.3,100.0
 2026- 04- 09 15: 11: 47,4095,3.3,100.0
 2026- 04- 09 15: 11: 47,4095,3.3,100.0
 2026- 04- 09 15: 11: 48,4095,3.3,100.0
 2026- 04- 09 15: 11: 48,4095,3.3,100.0
 2026- 04- 09 15: 11: 49,4095,3.3,100.0
 2026- 04- 09 15: 11: 49,4095,3.3,100.0
 2026- 04- 09 15: 11: 50,4095,3.3,100.0
 2026- 04- 09 15: 11: 50,4095,3.3,100.0
 2026- 04- 09 15: 11: 51,4095,3.3,100.0
 2026- 04- 09 15: 11: 51,4095,3.3,100.0
 2026- 04- 09 15: 11: 52,4095,3.3,100.0
 2026- 04- 09 15: 11: 52,4095,3.3,100.0
 2026- 04- 09 15: 11: 53,4095,3.3,100.0
 2026- 04- 09 15: 11: 53,4095,3.3,100.0
 2026- 04- 09 15: 11: 54,4095,3.3,100.0
 2026- 04- 09 15: 11: 54,4095,3.3,100.0
 2026- 04- 09 15: 11: 55,4095,3.3,100.0
 2026- 04- 09 15: 11: 55,4095,3.3,100.0
 2026- 04- 09 15: 11: 56,4095,3.3,100.0
 2026- 04- 09 15: 11: 56,4095,3.3,100.0
 2026- 04- 09 15: 11: 57,4095,3.3,100.0
 2026- 04- 09 15: 11: 57,4095,3.3,100.0
 2026- 04- 09 15: 11: 58,4095,3.3,100.0
 2026- 04- 09 15: 11: 58,4095,3.3,100.0
 2026- 04- 09 15: 11: 59,4095,3.3,100.0
 2026- 04- 09 15: 11: 59,4095,3.3,100.0
 2026- 04- 09 15: 12: 00,4095,3.3,100.0
 2026- 04- 09 15: 12: 00,4095,3.3,100.0
 2026- 04- 09 15: 12: 01,4095,3.3,100.0
 2026- 04- 09 15: 12: 01,4095,3.3,100.0
 2026- 04- 09 15: 12: 02,4095,3.3,100.0
 2026- 04- 09 15: 12: 02,4095,3.3,100.0
 2026- 04- 09 15: 12: 03,4095,3.3,100.0
 2026- 04- 09 15: 12: 03,4095,3.3,100.0
 2026- 04- 09 15: 12: 04,4095,3.3,100.0
 2026- 04- 09 15: 12: 04,4095,3.3,100.0
 2026- 04- 09 15: 12: 05,4095,3.3,100.0
 2026- 04- 09 15: 12: 05,4095,3.3,100.0
 2026- 04- 09 15: 12: 06,4095,3.3,100.0
 2026- 04- 09 15: 12: 06,4095,3.3,100.0
 2026- 04- 09 15: 12: 07,4095,3.3,100.0
 2026- 04- 09 15: 12: 07,4095,3.3,100.0
 2026- 04- 09 15: 12: 08,4095,3.3,100.0
 2026- 04- 09 15: 12: 08,4095,3.3,100.0
 2026- 04- 09 15: 12: 09,4095,3.3,100.0
 2026- 04- 09 15: 12: 09,4095,3.3,100.0
 2026- 04- 09 15: 12: 10,4095,3.3,100.0
 2026- 04- 09 15: 12: 10,4095,3.3,100.0
 2026- 04- 09 15: 12: 11,4095,3.3,100.0
 2026- 04- 09 15: 12: 11,4095,3.3,100.0
 2026- 04- 09 15: 12: 12,4095,3.3,100.0
 2026- 04- 09 15: 12: 12,4095,3.3,100.0
 2026- 04- 09 15: 12: 13,4095,3.3,100.0
 2026- 04- 09 15: 12: 13,4095,3.3,100.0
 2026- 04- 09 15: 12: 14,4095,3.3,100.0
 2026- 04- 09 15: 12: 14,4095,3.3,100.0
 2026- 04- 09 15: 12: 15,4095,3.3,100.0
 2026- 04- 09 15: 12: 15,4095,3.3,100.0
 2026- 04- 09 15: 12: 16,4095,3.3,100.0
 2026- 04- 09 15: 12: 16,4095,3.3,100.0
 2026- 04- 09 15: 12: 17,4095,3.3,100.0
 2026- 04- 09 15: 12: 17,4095,3.3,100.0
 2026- 04- 09 15: 12: 18,4095,3.3,100.0
 2026- 04- 09 15: 12: 18,4095,3.3,100.0
 2026- 04- 09 15: 12: 19,4095,3.3,100.0
 2026- 04- 09 15: 12: 19,4095,3.3,100.0
 2026- 04- 09 15: 12: 20,4095,3.3,100.0
 2026- 04- 09 15: 12: 20,4095,3.3,100.0
 2026- 04- 09 15: 12: 21,4095,3.3,100.0
 2026- 04- 09 15: 12: 21,4095,3.3,100.0
 2026- 04- 09 15: 12: 22,4095,3.3,100.0
 2026- 04- 09 15: 12: 22,4095,3.3,100.0
 2026- 04- 09 15: 12: 23,4095,3.3,100.0
 2026- 04- 09 15: 12: 23,4095,3.3,100.0
 2026- 04- 09 15: 12: 24,4095,3.3,100.0
 2026- 04- 09 15: 12: 24,4095,3.3,100.0
 2026- 04- 09 15: 12: 25,4095,3.3,100.0
 2026- 04- 09 15: 12: 25,4095,3.3,100.0
 2026- 04- 09 15: 12: 26,4095,3.3,100.0
 2026- 04- 09 15: 12: 26,4095,3.3,100.0
 2026- 04- 09 15: 12: 27,4095,3.3,100.0
 2026- 04- 09 15: 12: 27,4095,3.3,100.0
 2026- 04- 09 15: 12: 28,4095,3.3,100.0
 2026- 04- 09 15: 12: 28,4095,3.3,100.0
 2026- 04- 09 15: 12: 29,4095,3.3,100.0
 2026- 04- 09 15: 12: 29,4095,3.3,100.0
 2026- 04- 09 15: 12: 30,4095,3.3,100.0
 2026- 04- 09 15: 12: 30,4095,3.3,100.0
 2026- 04- 09 15: 12: 31,4095,3.3,100.0
 2026- 04- 09 15: 12: 31,4095,3.3,100.0
 2026- 04- 09 15: 12: 32,4095,3.3,100.0
 2026- 04- 09 15: 12: 32,4095,3.3,100.0
 2026- 04- 09 15: 12: 33,4095,3.3,100.0
 2026- 04- 09 15: 12: 33,4095,3.3,100.0
 2026- 04- 09 15: 12: 34,4095,3.3,100.0
 2026- 04- 09 15: 12: 34,4095,3.3,100.0
 2026- 04- 09 15: 12: 35,4095,3.3,100.0
 2026- 04- 09 15: 12: 35,4095,3.3,100.0
 2026- 04- 09 15: 12: 36,4095,3.3,100.0
 2026- 04- 09 15: 12: 36,4095,3.3,100.0
 2026- 04- 09 15: 12: 37,4095,3.3,100.0
 2026- 04- 09 15: 12: 37,4095,3.3,100.0
 2026- 04- 09 15: 12: 38,4095,3.3,100.0
 2026- 04- 09 15: 12: 38,4095,3.3,100.0
 2026- 04- 09 15: 12: 39,4095,3.3,100.0
 2026- 04- 09 15: 12: 39,4095,3.3,100.0
 2026- 04- 09 15: 12: 40,4095,3.3,100.0
 2026- 04- 09 15: 12: 40,4095,3.3,100.0
 2026- 04- 09 15: 12: 41,4095,3.3,100.0
 2026- 04- 09 15: 12: 41,4095,3.3,100.0
 2026- 04- 09 15: 12: 42,4095,3.3,100.0
 2026- 04- 09 15: 12: 42,4095,3.3,100.0
 2026- 04- 09 15: 12: 43,4095,3.3,100.0
 2026- 04- 09 15: 12: 43,4095,3.3,100.0
 2026- 04- 09 15: 12: 44,4095,3.3,100.0
 2026- 04- 09 15: 12: 44,4095,3.3,100.0
 2026- 04- 09 15: 12: 45,4095,3.3,100.0
 2026- 04- 09 15: 12: 45,4095,3.3,100.0
 2026- 04- 09 15: 12: 46,4095,3.3,100.0
 2026- 04- 09 15: 12: 46,4095,3.3,100.0
 2026- 04- 09 15: 12: 47,4095,3.3,100.0
 2026- 04- 09 15: 12: 47,4095,3.3,100.0
 2026- 04- 09 15: 12: 48,4095,3.3,100.0
 2026- 04- 09 15: 12: 48,4095,3.3,100.0
 2026- 04- 09 15: 12: 49,4095,3.3,100.0
 2026- 04- 09 15: 12: 49,4095,3.3,100.0
 2026- 04- 09 15: 12: 50,4095,3.3,100.0
 2026- 04- 09 15: 12: 50,4095,3.3,100.0
 2026- 04- 09 15: 12: 51,4095,3.3,100.0
 2026- 04- 09 15: 12: 51,4095,3.3,100.0
 2026- 04- 09 15: 12: 52,4095,3.3,100.0
 2026- 04- 09 15: 12: 52,4095,3.3,100.0
 2026- 04- 09 15: 12: 53,4095,3.3,100.0
 2026- 04- 09 15: 12: 53,4095,3.3,100.0
 2026- 04- 09 15: 12: 54,4095,3.3,100.0
 2026- 04- 09 15: 12: 54,4095,3.3,100.0
 2026- 04- 09 15: 12: 55,4095,3.3,100.0
 2026- 04- 09 15: 12: 55,4095,3.3,100.0
 2026- 04- 09 15: 12: 56,4095,3.3,100.0
 2026- 04- 09 15: 12: 56,4095,3.3,100.0
 2026- 04- 09 15: 12: 57,4095,3.3,100.0
 2026- 04- 09 15: 12: 57,4095,3.3,100.0
 2026- 04- 09 15: 12: 58,4095,3.3,100.0
 2026- 04- 09 15: 12: 58,4095,3.3,100.0
 2026- 04- 09 15: 12: 59,4095,3.3,100.0
 2026- 04- 09 15: 12: 59,4095,3.3,100.0
 2026- 04- 09 15: 13: 00,4095,3.3,100.0
 2026- 04- 09 15: 13: 00,4095,3.3,100.0
 2026- 04- 09 15: 13: 01,4095,3.3,100.0
 2026- 04- 09 15: 13: 01,4095,3.3,100.0
 2026- 04- 09 15: 13: 02,4095,3.3,100.0
 2026- 04- 09 15: 13: 02,4095,3.3,100.0
 2026- 04- 09 15: 13: 03,4095,3.3,100.0
 2026- 04- 09 15: 13: 03,4095,3.3,100.0
 2026- 04- 09 15: 13: 04,4095,3.3,100.0
 2026- 04- 09 15: 13: 04,4095,3.3,100.0
 2026- 04- 09 15: 13: 05,4095,3.3,100.0
 2026- 04- 09 15: 13: 05,4095,3.3,100.0
 2026- 04- 09 15: 13: 06,4095,3.3,100.0
 2026- 04- 09 15: 13: 06,4095,3.3,100.0
 2026- 04- 09 15: 13: 07,4095,3.3,100.0
 2026- 04- 09 15: 13: 07,4095,3.3,100.0
 2026- 04- 09 15: 13: 08,4095,3.3,100.0
 2026- 04- 09 15: 13: 08,4095,3.3,100.0
 2026- 04- 09 15: 13: 09,4095,3.3,100.0
 2026- 04- 09 15: 13: 09,4095,3.3,100.0
 2026- 04- 09 15: 13: 10,4095,3.3,100.0
 2026- 04- 09 15: 13: 10,4095,3.3,100.0
 2026- 04- 09 15: 13: 11,4095,3.3,100.0
 2026- 04- 09 15: 13: 11,4095,3.3,100.0
 2026- 04- 09 15: 13: 12,4095,3.3,100.0
 2026- 04- 09 15: 13: 12,4095,3.3,100.0
 2026- 04- 09 15: 13: 13,4095,3.3,100.0
 2026- 04- 09 15: 13: 13,4095,3.3,100.0
 2026- 04- 09 15: 13: 14,4095,3.3,100.0
 2026- 04- 09 15: 13: 14,4095,3.3,100.0
 2026- 04- 09 15: 13: 15,4095,3.3,100.0
 2026- 04- 09 15: 13: 15,4095,3.3,100.0
 2026- 04- 09 15: 13: 16,4095,3.3,100.0
 2026- 04- 09 15: 13: 16,4095,3.3,100.0
 2026- 04- 09 15: 13: 17,4095,3.3,100.0
 2026- 04- 09 15: 13: 17,4095,3.3,100.0
 2026- 04- 09 15: 13: 18,4095,3.3,100.0
 2026- 04- 09 15: 13: 18,4095,3.3,100.0
 2026- 04- 09 15: 13: 19,4095,3.3,100.0
 2026- 04- 09 15: 13: 19,4095,3.3,100.0
 2026- 04- 09 15: 13: 20,4095,3.3,100.0
 2026- 04- 09 15: 13: 20,4095,3.3,100.0
 2026- 04- 09 15: 13: 21,4095,3.3,100.0
 2026- 04- 09 15: 13: 21,4095,3.3,100.0
 2026- 04- 09 15: 13: 22,4095,3.3,100.0
 2026- 04- 09 15: 13: 22,4095,3.3,100.0
 2026- 04- 09 15: 13: 23,4095,3.3,100.0
 2026- 04- 09 15: 13: 23,4095,3.3,100.0
 2026- 04- 09 15: 13: 24,4095,3.3,100.0
 2026- 04- 09 15: 13: 24,4095,3.3,100.0
 2026- 04- 09 15: 13: 25,4095,3.3,100.0
 2026- 04- 09 15: 13: 25,4095,3.3,100.0
 2026- 04- 09 15: 13: 26,4095,3.3,100.0
 2026- 04- 09 15: 13: 26,4095,3.3,100.0
 2026- 04- 09 15: 13: 27,4095,3.3,100.0
 2026- 04- 09 15: 13: 27,4095,3.3,100.0
 2026- 04- 09 15: 13: 28,4095,3.3,100.0
 2026- 04- 09 15: 13: 28,4095,3.3,100.0
 2026- 04- 09 15: 13: 29,4095,3.3,100.0
 2026- 04- 09 15: 13: 29,4095,3.3,100.0
 2026- 04- 09 15: 13: 30,4095,3.3,100.0
 2026- 04- 09 15: 13: 30,4095,3.3,100.0
 2026- 04- 09 15: 13: 31,4095,3.3,100.0
 2026- 04- 09 15: 13: 31,4095,3.3,100.0
 2026- 04- 09 15: 13: 32,4095,3.3,100.0
 2026- 04- 09 15: 13: 32,4095,3.3,100.0
 2026- 04- 09 15: 13: 33,4095,3.3,100.0
 2026- 04- 09 15: 13: 33,4095,3.3,100.0
 2026- 04- 09 15: 13: 34,4095,3.3,100.0
 2026- 04- 09 15: 13: 34,4095,3.3,100.0
 2026- 04- 09 15: 13: 35,4095,3.3,100.0
 2026- 04- 09 15: 13: 35,4095,3.3,100.0
 2026- 04- 09 15: 13: 36,4095,3.3,100.0
 2026- 04- 09 15: 13: 36,4095,3.3,100.0
 2026- 04- 09 15: 13: 37,4095,3.3,100.0
 2026- 04- 09 15: 13: 37,4095,3.3,100.0
 2026- 04- 09 15: 13: 38,4095,3.3,100.0
 2026- 04- 09 15: 13: 38,4095,3.3,100.0
 2026- 04- 09 15: 13: 39,4095,3.3,100.0
 2026- 04- 09 15: 13: 39,4095,3.3,100.0
 2026- 04- 09 15: 13: 40,4095,3.3,100.0
 2026- 04- 09 15: 13: 40,4095,3.3,100.0
 2026- 04- 09 15: 13: 41,4095,3.3,100.0
 2026- 04- 09 15: 13: 41,4095,3.3,100.0
 2026- 04- 09 15: 13: 42,4095,3.3,100.0
 2026- 04- 09 15: 13: 42,4095,3.3,100.0
 2026- 04- 09 15: 13: 43,4095,3.3,100.0
 2026- 04- 09 15: 13: 43,4095,3.3,100.0
 2026- 04- 09 15: 13: 44,4095,3.3,100.0
 2026- 04- 09 15: 13: 44,4095,3.3,100.0
 2026- 04- 09 15: 13: 45,4095,3.3,100.0
 2026- 04- 09 15: 13: 45,4095,3.3,100.0
 2026- 04- 09 15: 13: 46,4095,3.3,100.0
 2026- 04- 09 15: 13: 46,4095,3.3,100.0
 2026- 04- 09 15: 13: 47,4095,3.3,100.0
 2026- 04- 09 15: 13: 47,4095,3.3,100.0
 2026- 04- 09 15: 13: 48,4095,3.3,100.0
 2026- 04- 09 15: 13: 48,4095,3.3,100.0
 2026- 04- 09 15: 13: 49,4095,3.3,100.0
 2026- 04- 09 15: 13: 49,4095,3.3,100.0
 2026- 04- 09 15: 13: 50,4095,3.3,100.0
 2026- 04- 09 15: 13: 50,4095,3.3,100.0
 2026- 04- 09 15: 13: 51,4095,3.3,100.0
 2026- 04- 09 15: 13: 51,4095,3.3,100.0
 2026- 04- 09 15: 13: 52,4095,3.3,100.0
 2026- 04- 09 15: 13: 52,4095,3.3,100.0
 2026- 04- 09 15: 13: 53,4095,3.3,100.0
 2026- 04- 09 15: 13: 53,4095,3.3,100.0
 2026- 04- 09 15: 13: 54,4095,3.3,100.0
 2026- 04- 09 15: 13: 54,4095,3.3,100.0
 2026- 04- 09 15: 13: 55,4095,3.3,100.0
 2026- 04- 09 15: 13: 55,4095,3.3,100.0
 2026- 04- 09 15: 13: 56,4095,3.3,100.0
 2026- 04- 09 15: 13: 56,4095,3.3,100.0
 2026- 04- 09 15: 13: 57,4095,3.3,100.0
 2026- 04- 09 15: 13: 57,4095,3.3,100.0
 2026- 04- 09 15: 13: 58,4095,3.3,100.0
 2026- 04- 09 15: 13: 58,4095,3.3,100.0
 2026- 04- 09 15: 13: 59,4095,3.3,100.0
 2026- 04- 09 15: 13: 59,4095,3.3,100.0
 2026- 04- 09 15: 14: 00,4095,3.3,100.0
 2026- 04- 09 15: 14: 00,4095,3.3,100.0
 2026- 04- 09 15: 14: 01,4095,3.3,100.0
 2026- 04- 09 15: 14: 01,4095,3.3,100.0
 2026- 04- 09 15: 14: 02,4095,3.3,100.0
 2026- 04- 09 15: 14: 02,4095,3.3,100.0
 2026- 04- 09 15: 14: 03,4095,3.3,100.0
 2026- 04- 09 15: 14: 03,4095,3.3,100.0
 2026- 04- 09 15: 14: 04,4095,3.3,100.0
 2026- 04- 09 15: 14: 04,4095,3.3,100.0
 2026- 04- 09 15: 14: 05,4095,3.3,100.0
 2026- 04- 09 15: 14: 05,4095,3.3,100.0
 2026- 04- 09 15: 14: 06,4095,3.3,100.0
 2026- 04- 09 15: 14: 06,4095,3.3,100.0
 2026- 04- 09 15: 14: 07,4095,3.3,100.0
 2026- 04- 09 15: 14: 07,4095,3.3,100.0
 2026- 04- 09 15: 14: 08,4095,3.3,100.0
 2026- 04- 09 15: 14: 08,4095,3.3,100.0
 2026- 04- 09 15: 14: 09,4095,3.3,100.0
 2026- 04- 09 15: 14: 09,4095,3.3,100.0
 2026- 04- 09 15: 14: 10,4095,3.3,100.0
 2026- 04- 09 15: 14: 10,4095,3.3,100.0
 2026- 04- 09 15: 14: 11,4095,3.3,100.0
 2026- 04- 09 15: 14: 11,4095,3.3,100.0
 2026- 04- 09 15: 14: 12,4095,3.3,100.0
 2026- 04- 09 15: 14: 12,4095,3.3,100.0
 2026- 04- 09 15: 14: 13,4095,3.3,100.0
 2026- 04- 09 15: 14: 13,4095,3.3,100.0
 2026- 04- 09 15: 14: 14,4095,3.3,100.0
 2026- 04- 09 15: 14: 14,4095,3.3,100.0
 2026- 04- 09 15: 14: 15,4095,3.3,100.0
 2026- 04- 09 15: 14: 15,4095,3.3,100.0
 2026- 04- 09 15: 14: 16,4095,3.3,100.0
 2026- 04- 09 15: 14: 16,4095,3.3,100.0
 2026- 04- 09 15: 14: 17,4095,3.3,100.0
 2026- 04- 09 15: 14: 17,4095,3.3,100.0
 2026- 04- 09 15: 14: 18,4095,3.3,100.0
 2026- 04- 09 15: 14: 18,4095,3.3,100.0
 2026- 04- 09 15: 14: 19,4095,3.3,100.0
 2026- 04- 09 15: 14: 19,4095,3.3,100.0
 2026- 04- 09 15: 14: 20,4095,3.3,100.0
 2026- 04- 09 15: 14: 20,4095,3.3,100.0
 2026- 04- 09 15: 14: 21,4095,3.3,100.0
 2026- 04- 09 15: 14: 21,4095,3.3,100.0
 2026- 04- 09 15: 14: 22,4095,3.3,100.0
 2026- 04- 09 15: 14: 22,4095,3.3,100.0
 2026- 04- 09 15: 14: 23,4095,3.3,100.0
 2026- 04- 09 15: 14: 23,4095,3.3,100.0
 2026- 04- 09 15: 14: 24,4095,3.3,100.0
 2026- 04- 09 15: 14: 24,4095,3.3,100.0
 2026- 04- 09 15: 14: 25,4095,3.3,100.0
 2026- 04- 09 15: 14: 25,4095,3.3,100.0
 2026- 04- 09 15: 14: 26,4095,3.3,100.0
 2026- 04- 09 15: 14: 26,4095,3.3,100.0
 2026- 04- 09 15: 14: 27,4095,3.3,100.0
 2026- 04- 09 15: 14: 27,4095,3.3,100.0
 2026- 04- 09 15: 14: 28,4095,3.3,100.0
 2026- 04- 09 15: 14: 28,4095,3.3,100.0
 2026- 04- 09 15: 14: 29,4095,3.3,100.0
 2026- 04- 09 15: 14: 29,4095,3.3,100.0
 2026- 04- 09 15: 14: 30,4095,3.3,100.0
 2026- 04- 09 15: 14: 30,4095,3.3,100.0
 2026- 04- 09 15: 14: 31,4095,3.3,100.0
 2026- 04- 09 15: 14: 31,4095,3.3,100.0
 2026- 04- 09 15: 14: 32,4095,3.3,100.0
 2026- 04- 09 15: 14: 32,4095,3.3,100.0
 2026- 04- 09 15: 14: 33,4095,3.3,100.0
 2026- 04- 09 15: 14: 33,4095,3.3,100.0
 2026- 04- 09 15: 14: 34,4095,3.3,100.0
 2026- 04- 09 15: 14: 34,4095,3.3,100.0
 2026- 04- 09 15: 14: 35,4095,3.3,100.0
 2026- 04- 09 15: 14: 35,4095,3.3,100.0
 2026- 04- 09 15: 14: 36,4095,3.3,100.0
 2026- 04- 09 15: 14: 36,4095,3.3,100.0
 2026- 04- 09 15: 14: 37,4095,3.3,100.0
 2026- 04- 09 15: 14: 37,4095,3.3,100.0
 2026- 04- 09 15: 14: 38,4095,3.3,100.0
